Stations,River,Lat,Long,geometry,hydro_dist_brick,num_brick_field,hydro_dist_ind,num_industry,CrR,NiR,CuR,AsR,CdR,PbR,MR,SandR,SiltR,ClayR,FeR,RI,AE_00,AE_01,AE_02,AE_03,AE_04,AE_05,AE_06,AE_07,AE_08,AE_09,AE_10,AE_11,AE_12,AE_13,AE_14,AE_15,AE_16,AE_17,AE_18,AE_19,AE_20,AE_21,AE_22,AE_23,AE_24,AE_25,AE_26,AE_27,AE_28,AE_29,AE_30,AE_31,AE_32,AE_33,AE_34,AE_35,AE_36,AE_37,AE_38,AE_39,AE_40,AE_41,AE_42,AE_43,AE_44,AE_45,AE_46,AE_47,AE_48,AE_49,AE_50,AE_51,AE_52,AE_53,AE_54,AE_55,AE_56,AE_57,AE_58,AE_59,AE_60,AE_61,AE_62,AE_63
S1,Dhaleshwari,23.91026,90.229845,POINT (10044340.399756001 2742476.70627368),0.0002,6.0,0.006789622,2.0,92.69,19.18,40.34,7.96,2.66,50.73,32.47,22.0,43.0,35.0,26700.0,133.26,0.03844675124951941,-0.2288965782391388,0.07972318339100345,0.022206843521722412,-0.03844675124951941,0.05911572472126105,0.006151480199923107,0.012056901191849288,-0.0629911572472126,0.14769703960015382,0.29287197231833906,-0.007443291041906958,-0.1929104190695886,-0.08882737408688965,0.019930795847750864,0.08421376393694734,-0.044844290657439445,-0.17279507881584008,-0.13588619761630144,-0.08882737408688965,-0.0271280276816609,0.1929104190695886,-0.05911572472126105,0.05173394848135333,-0.15378700499807765,0.022206843521722412,0.024605920799692427,-0.019930795847750864,0.08882737408688965,0.12456747404844293,0.024605920799692427,0.1085121107266436,-0.13016532103037293,-0.08421376393694734,0.017777777777777778,0.2364628988850442,-0.12456747404844293,-0.1085121107266436,0.041584006151480196,0.2761399461745483,-0.07535563244905807,0.044844290657439445,0.13016532103037293,0.1085121107266436,-0.07535563244905807,0.17937716262975778,-0.10340638216070744,0.2679584775086506,-0.19986159169550174,-0.09842368319876971,-0.008858131487889272,0.16633602460592078,-0.186082276047674,-0.07535563244905807,0.15378700499807765,-0.16633602460592078,-0.08882737408688965,0.07972318339100345,0.0271280276816609,-0.029773164167627833,0.010396001537870049,-0.16633602460592078,0.0629911572472126,0.2364628988850442
S2,Dhaleshwari,23.858227,90.240038,POINT (10045475.079325657 2736141.9436627394),2e-05,1.0,0.0,0.0,88.4,17.21,41.56,9.88,2.97,38.9,30.11,11.0,62.0,26.0,34970.0,115.16,0.017777777777777778,-0.1929104190695886,0.05173394848135333,0.05173394848135333,-0.0271280276816609,0.13016532103037293,0.002214532871972318,0.029773164167627833,-0.012056901191849288,0.16633602460592078,0.2761399461745483,-0.05911572472126105,-0.186082276047674,-0.1085121107266436,0.05536332179930796,0.08421376393694734,-0.1085121107266436,-0.17937716262975778,-0.09356401384083046,-0.07111111111111111,-0.041584006151480196,0.2069357939254133,-0.04822760476739715,0.08421376393694734,-0.14769703960015382,0.022206843521722412,0.09356401384083046,-0.12456747404844293,0.07535563244905807,0.0629911572472126,0.019930795847750864,0.17937716262975778,-0.07535563244905807,-0.01574778931180315,-0.017777777777777778,0.2519646289888504,-0.012056901191849288,-0.12456747404844293,0.0629911572472126,0.2519646289888504,-0.05173394848135333,0.03844675124951941,0.11909265667051133,0.1085121107266436,-0.09842368319876971,0.15378700499807765,-0.14173010380622836,0.29287197231833906,-0.1929104190695886,-0.044844290657439445,-0.007443291041906958,0.13588619761630144,-0.16633602460592078,-0.0629911572472126,0.13588619761630144,-0.17937716262975778,-0.07111111111111111,0.05911572472126105,0.041584006151480196,-0.07535563244905807,-0.019930795847750864,-0.16633602460592078,0.07535563244905807,0.2519646289888504
S3,Dhaleshwari,23.802571,90.24539,POINT (10046070.861240383 2729368.914036628),0.0002,6.0,0.0021,4.0,66.92,37.52,49.47,15.48,2.1,32.79,30.58,47.0,26.0,23.0,23970.0,107.92,0.003014225297962322,-0.1929104190695886,0.0271280276816609,0.07972318339100345,-0.0015378700499807767,0.14769703960015382,-0.019930795847750864,0.07111111111111111,-0.024605920799692427,0.21413302575932336,0.24415224913494812,-0.0629911572472126,-0.186082276047674,-0.08421376393694734,0.08882737408688965,0.07972318339100345,-0.09842368319876971,-0.16633602460592078,-0.06698961937716265,-0.041584006151480196,-0.05173394848135333,0.1929104190695886,-0.03543252595155709,0.09356401384083046,-0.11909265667051133,0.029773164167627833,0.12456747404844293,-0.17937716262975778,0.05173394848135333,0.041584006151480196,-0.0271280276816609,0.21413302575932336,-0.05173394848135333,-0.019930795847750864,-0.03543252595155709,0.2288965782391388,0.012056901191849288,-0.09842368319876971,0.09842368319876971,0.2761399461745483,-0.0271280276816609,0.04822760476739715,0.09842368319876971,0.07972318339100345,-0.13016532103037293,0.12456747404844293,-0.14769703960015382,0.28444444444444444,-0.19986159169550174,-0.06698961937716265,0.03543252595155709,0.15378700499807765,-0.13588619761630144,-0.0629911572472126,0.14769703960015382,-0.13588619761630144,-0.07111111111111111,0.08421376393694734,0.012056901191849288,-0.07535563244905807,-0.010396001537870049,-0.14173010380622836,0.08421376393694734,0.2599000384467512
S4,Dhaleshwari,23.754298,90.246581,POINT (10046203.442753918 2723496.704977303),0.073025954,2.0,0.027233506,6.0,55.56,26.08,69.77,18.77,1.79,43.4,31.62,59.0,27.0,18.0,23990.0,126.51,0.04822760476739715,-0.14173010380622836,0.08421376393694734,0.05536332179930796,-0.01574778931180315,0.14769703960015382,0.044844290657439445,-0.004982698961937716,0.0005536332179930795,0.19986159169550174,0.24415224913494812,-0.03844675124951941,-0.17937716262975778,-0.14173010380622836,0.08421376393694734,0.12456747404844293,-0.13588619761630144,-0.1929104190695886,-0.13016532103037293,-0.0629911572472126,-0.07972318339100345,0.19986159169550174,-0.06698961937716265,0.08421376393694734,-0.09356401384083046,0.06698961937716265,0.11909265667051133,-0.08421376393694734,0.04822760476739715,0.044844290657439445,0.008858131487889272,0.17279507881584008,-0.07535563244905807,-0.004982698961937716,-0.010396001537870049,0.2761399461745483,-0.012056901191849288,-0.13588619761630144,0.06698961937716265,0.2288965782391388,-0.024605920799692427,0.08421376393694734,0.07111111111111111,0.11374086889657825,-0.07972318339100345,0.16633602460592078,-0.15378700499807765,0.2679584775086506,-0.1929104190695886,-0.0629911572472126,-0.01384083044982699,0.12456747404844293,-0.1085121107266436,-0.07535563244905807,0.16633602460592078,-0.17937716262975778,-0.06698961937716265,0.0629911572472126,0.008858131487889272,-0.05911572472126105,-0.01384083044982699,-0.16000000000000003,0.08882737408688965,0.2679584775086506
S5,Dhaleshwari,23.702157,90.277077,POINT (10049598.24194515 2717156.4153029486),0.074112534,15.0,0.1221633,5.0,64.5,30.62,73.19,20.96,1.45,53.55,32.84,61.0,24.0,10.0,35130.0,147.44,0.007443291041906958,-0.019930795847750864,0.13588619761630144,-0.03543252595155709,0.006151480199923107,0.17279507881584008,-0.008858131487889272,0.03543252595155709,-0.11374086889657825,0.2519646289888504,0.10340638216070744,0.05536332179930796,-0.2679584775086506,-0.0015378700499807767,0.05911572472126105,0.15378700499807765,-0.19986159169550174,0.041584006151480196,-0.14173010380622836,-0.10340638216070744,-0.33685505574778934,0.24415224913494812,-0.09356401384083046,0.041584006151480196,0.09356401384083046,0.24415224913494812,0.022206843521722412,-0.01384083044982699,-0.07111111111111111,0.04822760476739715,0.07111111111111111,0.08421376393694734,-0.10340638216070744,0.03254133025759323,0.14769703960015382,0.16633602460592078,-0.09842368319876971,0.04822760476739715,0.14173010380622836,0.05911572472126105,0.08421376393694734,0.13588619761630144,-0.16633602460592078,0.21413302575932336,0.07535563244905807,0.12456747404844293,0.08421376393694734,0.0629911572472126,-0.1085121107266436,0.13588619761630144,0.010396001537870049,0.13016532103037293,-0.01574778931180315,-0.05536332179930796,0.2599000384467512,-0.14173010380622836,-0.0271280276816609,-0.017777777777777778,-0.12456747404844293,-0.10340638216070744,-0.041584006151480196,-0.07972318339100345,0.019930795847750864,0.09842368319876971
S6,Dhaleshwari,23.657826,90.317763,POINT (10054127.386747565 2711767.8054846074),0.059847162,16.0,0.017011564,8.0,60.35,11.72,98.28,10.42,0.82,37.88,30.92,65.0,8.0,25.0,38700.0,120.3,0.024605920799692427,-0.029773164167627833,0.11374086889657825,-0.0015378700499807767,-0.019930795847750864,0.14769703960015382,-0.05173394848135333,0.06698961937716265,-0.14769703960015382,0.28444444444444444,0.08421376393694734,-0.004982698961937716,-0.2364628988850442,-0.09356401384083046,0.0015378700499807767,0.08882737408688965,-0.1929104190695886,-0.006151480199923107,-0.09356401384083046,0.010396001537870049,-0.33685505574778934,0.2519646289888504,-0.08421376393694734,0.06698961937716265,0.1085121107266436,0.28444444444444444,0.017777777777777778,-0.05173394848135333,-0.022206843521722412,0.09842368319876971,0.007443291041906958,0.06698961937716265,-0.07972318339100345,0.05911572472126105,0.14769703960015382,0.16633602460592078,-0.041584006151480196,-0.012056901191849288,0.11374086889657825,0.0271280276816609,0.07972318339100345,0.1929104190695886,-0.12456747404844293,0.2761399461745483,0.09356401384083046,0.08882737408688965,0.03543252595155709,0.09356401384083046,-0.044844290657439445,0.19986159169550174,-0.041584006151480196,0.08882737408688965,0.03543252595155709,-0.0271280276816609,0.24415224913494812,-0.17937716262975778,-0.03254133025759323,-0.06698961937716265,-0.10340638216070744,-0.0629911572472126,-0.08882737408688965,-0.08421376393694734,0.004982698961937716,0.07972318339100345
S7,Dhaleshwari,23.628,90.388647,POINT (10062018.157532955 2708143.364201993),0.002,26.0,0.054891434,9.0,69.37,14.95,96.72,19.88,0.97,33.47,34.52,12.0,65.0,25.0,43480.0,120.94,0.019930795847750864,-0.17937716262975778,0.029773164167627833,0.05911572472126105,-0.04822760476739715,0.13588619761630144,0.010396001537870049,0.041584006151480196,-0.03844675124951941,0.2069357939254133,0.2519646289888504,-0.05911572472126105,-0.17937716262975778,-0.10340638216070744,0.07111111111111111,0.11374086889657825,-0.07972318339100345,-0.17937716262975778,-0.09842368319876971,-0.03844675124951941,-0.03543252595155709,0.19986159169550174,-0.04822760476739715,0.07972318339100345,-0.13588619761630144,0.03844675124951941,0.1085121107266436,-0.14769703960015382,0.07111111111111111,0.041584006151480196,-0.010396001537870049,0.21413302575932336,-0.0629911572472126,-0.019930795847750864,-0.024605920799692427,0.2288965782391388,-0.000984236831987697,-0.12456747404844293,0.08421376393694734,0.2519646289888504,-0.03254133025759323,0.05911572472126105,0.11909265667051133,0.08882737408688965,-0.13016532103037293,0.16633602460592078,-0.14173010380622836,0.28444444444444444,-0.21413302575932336,-0.08421376393694734,0.03844675124951941,0.16000000000000003,-0.13016532103037293,-0.07535563244905807,0.13588619761630144,-0.12456747404844293,-0.05173394848135333,0.09842368319876971,0.03254133025759323,-0.044844290657439445,0.000984236831987697,-0.16000000000000003,0.07535563244905807,0.2519646289888504
S8,Turag,23.877666,90.350573,POINT (10057779.779240493 2738508.2485546176),0.069148629,31.0,0.011071348,12.0,15.7,40.76,73.87,11.36,2.17,98.1,35.8,15.0,53.0,31.0,45600.0,202.03,0.041584006151480196,-0.16633602460592078,0.07111111111111111,0.04822760476739715,-0.000984236831987697,0.13016532103037293,0.0271280276816609,0.022206843521722412,-0.05911572472126105,0.17279507881584008,0.2519646289888504,-0.07111111111111111,-0.16633602460592078,-0.11909265667051133,0.041584006151480196,0.04822760476739715,-0.06698961937716265,-0.1929104190695886,-0.08421376393694734,-0.05911572472126105,-0.044844290657439445,0.186082276047674,-0.06698961937716265,0.1085121107266436,-0.12456747404844293,0.05911572472126105,0.09842368319876971,-0.1085121107266436,0.08882737408688965,0.03254133025759323,0.002214532871972318,0.22145328719723184,-0.07535563244905807,0.003014225297962322,0.03254133025759323,0.2679584775086506,-0.019930795847750864,-0.13016532103037293,0.0629911572472126,0.24415224913494812,-0.04822760476739715,0.03844675124951941,0.10340638216070744,0.10340638216070744,-0.09842368319876971,0.15378700499807765,-0.16000000000000003,0.2679584775086506,-0.2364628988850442,-0.03844675124951941,-0.024605920799692427,0.14769703960015382,-0.16000000000000003,-0.05911572472126105,0.15378700499807765,-0.14769703960015382,-0.05173394848135333,0.08421376393694734,0.019930795847750864,-0.05173394848135333,-0.017777777777777778,-0.13016532103037293,0.06698961937716265,0.28444444444444444
S9,Turag,23.826986,90.342201,POINT (10056847.81246357 2732339.727732372),0.071188392,19.0,0.038213203,3.0,12.74,39.43,87.2,10.78,3.6,170.4,32.26,19.0,29.0,51.0,47900.0,320.26,0.0271280276816609,-0.1929104190695886,0.07535563244905807,0.044844290657439445,0.01384083044982699,0.08421376393694734,0.002214532871972318,-0.004982698961937716,-0.13016532103037293,0.21413302575932336,0.22145328719723184,-0.041584006151480196,-0.21413302575932336,-0.13016532103037293,-0.04822760476739715,0.029773164167627833,-0.11374086889657825,-0.11909265667051133,-0.14769703960015382,-0.01384083044982699,-0.09842368319876971,0.22145328719723184,-0.09356401384083046,0.11374086889657825,-0.08421376393694734,0.13016532103037293,0.006151480199923107,-0.041584006151480196,0.07535563244905807,0.029773164167627833,0.03844675124951941,0.09356401384083046,-0.07972318339100345,0.000984236831987697,0.14769703960015382,0.2599000384467512,-0.08882737408688965,-0.11374086889657825,0.08882737408688965,0.17279507881584008,-0.08882737408688965,0.03844675124951941,0.08421376393694734,0.17279507881584008,-0.07111111111111111,0.16633602460592078,-0.14769703960015382,0.28444444444444444,-0.21413302575932336,0.044844290657439445,-0.07535563244905807,0.15378700499807765,-0.08421376393694734,-0.029773164167627833,0.1929104190695886,-0.13588619761630144,-0.05911572472126105,0.05536332179930796,-0.03844675124951941,-0.022206843521722412,-0.07535563244905807,-0.16633602460592078,0.041584006151480196,0.2761399461745483
S10,Turag,23.792572,90.339601,POINT (10056558.381787509 2728152.3983553937),0.027388047,19.0,0.014003668,2.0,11.13,47.01,80.78,18.9,2.79,108.6,33.18,11.0,57.0,35.0,50395.0,225.63,0.04822760476739715,-0.2519646289888504,0.05911572472126105,0.0271280276816609,-0.041584006151480196,0.044844290657439445,0.044844290657439445,-0.010396001537870049,-0.0629911572472126,0.14769703960015382,0.2761399461745483,-0.041584006151480196,-0.16633602460592078,-0.14769703960015382,0.05173394848135333,0.0629911572472126,-0.029773164167627833,-0.17279507881584008,-0.09842368319876971,-0.0629911572472126,-0.008858131487889272,0.2069357939254133,-0.07111111111111111,0.05911572472126105,-0.14173010380622836,0.03543252595155709,0.07111111111111111,-0.05911572472126105,0.1085121107266436,0.06698961937716265,0.008858131487889272,0.16000000000000003,-0.11374086889657825,-0.03254133025759323,0.041584006151480196,0.2599000384467512,-0.07111111111111111,-0.14173010380622836,0.04822760476739715,0.2599000384467512,-0.05173394848135333,0.03254133025759323,0.09842368319876971,0.13016532103037293,-0.07972318339100345,0.15378700499807765,-0.14173010380622836,0.28444444444444444,-0.2288965782391388,-0.044844290657439445,-0.006151480199923107,0.16633602460592078,-0.186082276047674,-0.06698961937716265,0.15378700499807765,-0.14769703960015382,-0.05911572472126105,0.07972318339100345,0.008858131487889272,-0.03254133025759323,0.03543252595155709,-0.13016532103037293,0.03844675124951941,0.2519646289888504
S11,Buriganga,23.716059,90.359274,POINT (10058748.370129883 2718846.6356903426),0.045101812,1.0,0.042026515,2.0,74.47,49.94,141.4,9.88,5.56,155.4,36.46,55.0,25.0,19.0,42650.0,340.09,0.010396001537870049,-0.2599000384467512,0.01384083044982699,0.04822760476739715,-0.03543252595155709,0.11374086889657825,0.007443291041906958,0.05536332179930796,-0.07972318339100345,0.2069357939254133,0.2364628988850442,-0.05911572472126105,-0.14769703960015382,-0.14769703960015382,0.06698961937716265,0.07111111111111111,-0.06698961937716265,-0.11909265667051133,-0.08882737408688965,-0.024605920799692427,-0.03844675124951941,0.17279507881584008,-0.07111111111111111,0.07535563244905807,-0.09842368319876971,0.07972318339100345,0.0629911572472126,-0.13588619761630144,0.08421376393694734,0.08882737408688965,-0.04822760476739715,0.1929104190695886,-0.10340638216070744,-0.041584006151480196,0.022206843521722412,0.19986159169550174,-0.007443291041906958,-0.17937716262975778,0.08882737408688965,0.2761399461745483,-0.029773164167627833,0.007443291041906958,0.08882737408688965,0.10340638216070744,-0.08882737408688965,0.17279507881584008,-0.13588619761630144,0.28444444444444444,-0.21413302575932336,-0.05173394848135333,0.029773164167627833,0.17937716262975778,-0.16000000000000003,-0.0629911572472126,0.14769703960015382,-0.11374086889657825,-0.029773164167627833,0.11374086889657825,0.0271280276816609,-0.05536332179930796,-0.003014225297962322,-0.16000000000000003,0.08882737408688965,0.2519646289888504
S12,Buriganga,23.664709,90.451701,POINT (10069037.296705434 2712604.341706875),0.087210959,2.0,0.0046348,8.0,86.82,55.88,147.9,7.98,7.94,177.9,34.51,14.0,29.0,56.0,46870.0,386.12,0.029773164167627833,-0.2599000384467512,0.029773164167627833,0.022206843521722412,-0.05911572472126105,0.1085121107266436,-0.0005536332179930795,0.008858131487889272,-0.04822760476739715,0.16633602460592078,0.29287197231833906,-0.04822760476739715,-0.17279507881584008,-0.16000000000000003,0.08882737408688965,0.08421376393694734,-0.029773164167627833,-0.11374086889657825,-0.09842368319876971,-0.024605920799692427,-0.01384083044982699,0.22145328719723184,-0.044844290657439445,0.07535563244905807,-0.15378700499807765,0.041584006151480196,0.05911572472126105,-0.12456747404844293,0.10340638216070744,0.08882737408688965,-0.007443291041906958,0.17279507881584008,-0.10340638216070744,-0.06698961937716265,-0.01384083044982699,0.2069357939254133,-0.03254133025759323,-0.16633602460592078,0.04822760476739715,0.2679584775086506,-0.04822760476739715,0.024605920799692427,0.08882737408688965,0.11374086889657825,-0.07972318339100345,0.16000000000000003,-0.13588619761630144,0.28444444444444444,-0.186082276047674,-0.03844675124951941,0.03254133025759323,0.17279507881584008,-0.17279507881584008,-0.05173394848135333,0.13016532103037293,-0.1085121107266436,-0.01574778931180315,0.09356401384083046,0.041584006151480196,-0.0271280276816609,0.003014225297962322,-0.16633602460592078,0.041584006151480196,0.2519646289888504
S13,Balu,23.7640048,90.4825378,POINT (10072470.033579128 2724677.3216521908),0.00256,11.0,0.067092512,1.0,10.37,29.73,56.47,6.67,1.96,35.98,35.79,68.0,22.0,11.0,32700.0,92.84,0.041584006151480196,-0.19986159169550174,0.03844675124951941,0.022206843521722412,-0.017777777777777778,0.11909265667051133,0.003014225297962322,-0.007443291041906958,-0.06698961937716265,0.2288965782391388,0.2364628988850442,-0.004982698961937716,-0.22145328719723184,-0.06698961937716265,0.019930795847750864,0.10340638216070744,-0.13016532103037293,-0.14769703960015382,-0.17279507881584008,-0.05536332179930796,-0.05911572472126105,0.19986159169550174,-0.07535563244905807,0.08421376393694734,-0.07535563244905807,0.05911572472126105,0.11909265667051133,-0.09356401384083046,0.08882737408688965,0.07535563244905807,0.002214532871972318,0.16633602460592078,-0.14173010380622836,-0.044844290657439445,0.01574778931180315,0.22145328719723184,-0.07535563244905807,-0.08421376393694734,0.09842368319876971,0.22145328719723184,-0.07972318339100345,0.03844675124951941,0.11374086889657825,0.13588619761630144,-0.05911572472126105,0.1929104190695886,-0.11374086889657825,0.29287197231833906,-0.21413302575932336,-0.019930795847750864,0.004982698961937716,0.08421376393694734,-0.1085121107266436,-0.10340638216070744,0.15378700499807765,-0.186082276047674,-0.1085121107266436,0.010396001537870049,0.003014225297962322,-0.07972318339100345,0.01384083044982699,-0.17937716262975778,0.12456747404844293,0.22145328719723184
S14,Balu,23.808202,90.484506,POINT (10072689.132600907 2730054.043742744),0.0,0.0,2e-05,1.0,9.44,21.94,53.71,6.9,1.15,31.48,37.18,20.0,43.0,35.0,26320.0,81.26,0.04822760476739715,-0.19986159169550174,0.09356401384083046,0.044844290657439445,-0.03543252595155709,0.09842368319876971,0.012056901191849288,0.024605920799692427,-0.041584006151480196,0.1929104190695886,0.2519646289888504,-0.041584006151480196,-0.186082276047674,-0.08882737408688965,0.05173394848135333,0.07535563244905807,-0.12456747404844293,-0.14769703960015382,-0.11909265667051133,-0.06698961937716265,-0.0629911572472126,0.22145328719723184,-0.08882737408688965,0.08882737408688965,-0.12456747404844293,0.06698961937716265,0.08421376393694734,-0.08421376393694734,0.07535563244905807,0.0629911572472126,-0.007443291041906958,0.14173010380622836,-0.13016532103037293,-0.03844675124951941,0.0271280276816609,0.2761399461745483,-0.0629911572472126,-0.09842368319876971,0.09842368319876971,0.21413302575932336,-0.07111111111111111,0.0629911572472126,0.04822760476739715,0.10340638216070744,-0.10340638216070744,0.16633602460592078,-0.14173010380622836,0.29287197231833906,-0.22145328719723184,-0.04822760476739715,-0.01384083044982699,0.16633602460592078,-0.1085121107266436,-0.07535563244905807,0.15378700499807765,-0.16000000000000003,-0.10340638216070744,0.07111111111111111,-0.008858131487889272,-0.044844290657439445,0.010396001537870049,-0.13588619761630144,0.07972318339100345,0.2599000384467512
S15,Shitalakshya,23.83271,90.548478,POINT (10079810.463065935 2733036.304108891),2e-05,1.0,0.0,0.0,51.37,16.78,71.89,15.71,8.7,76.52,37.24,15.0,63.0,25.0,30790.0,187.61,0.012056901191849288,-0.22145328719723184,0.03254133025759323,0.041584006151480196,-0.03254133025759323,0.13016532103037293,0.002214532871972318,0.05173394848135333,-0.03543252595155709,0.1929104190695886,0.2761399461745483,-0.07535563244905807,-0.16000000000000003,-0.12456747404844293,0.0629911572472126,0.06698961937716265,-0.07972318339100345,-0.16633602460592078,-0.08882737408688965,-0.017777777777777778,-0.029773164167627833,0.186082276047674,-0.03543252595155709,0.07535563244905807,-0.12456747404844293,0.05536332179930796,0.07972318339100345,-0.13588619761630144,0.07111111111111111,0.07972318339100345,-0.017777777777777778,0.19986159169550174,-0.08882737408688965,-0.03254133025759323,-0.017777777777777778,0.2364628988850442,-0.01384083044982699,-0.14769703960015382,0.08882737408688965,0.2761399461745483,-0.03543252595155709,0.024605920799692427,0.09842368319876971,0.1085121107266436,-0.11374086889657825,0.14173010380622836,-0.14173010380622836,0.2761399461745483,-0.22145328719723184,-0.05173394848135333,0.024605920799692427,0.17279507881584008,-0.14769703960015382,-0.041584006151480196,0.13016532103037293,-0.11374086889657825,-0.0629911572472126,0.11374086889657825,0.03254133025759323,-0.04822760476739715,-0.017777777777777778,-0.14173010380622836,0.06698961937716265,0.2679584775086506
S16,Shitalakshya,23.715818,90.504423,POINT (10074906.282899037 2718817.333112144),0.0023,11.0,0.008102934,8.0,40.75,46.14,85.56,13.92,10.16,98.47,38.75,15.0,30.0,58.0,36500.0,232.42,0.044844290657439445,-0.2761399461745483,0.041584006151480196,0.01384083044982699,-0.05536332179930796,0.09356401384083046,0.007443291041906958,0.012056901191849288,-0.07972318339100345,0.16000000000000003,0.2679584775086506,-0.05536332179930796,-0.16000000000000003,-0.17279507881584008,0.05536332179930796,0.05911572472126105,-0.03844675124951941,-0.1085121107266436,-0.11374086889657825,0.0005536332179930795,-0.029773164167627833,0.19986159169550174,-0.07972318339100345,0.07535563244905807,-0.13588619761630144,0.09842368319876971,0.04822760476739715,-0.11374086889657825,0.11374086889657825,0.1085121107266436,0.003936947327950788,0.13588619761630144,-0.11374086889657825,-0.03543252595155709,0.03254133025759323,0.22145328719723184,-0.05173394848135333,-0.17279507881584008,0.07972318339100345,0.2519646289888504,-0.07535563244905807,0.008858131487889272,0.07972318339100345,0.13016532103037293,-0.07535563244905807,0.16633602460592078,-0.14173010380622836,0.28444444444444444,-0.21413302575932336,-0.029773164167627833,0.003936947327950788,0.16633602460592078,-0.17937716262975778,-0.044844290657439445,0.15378700499807765,-0.13016532103037293,-0.022206843521722412,0.09842368319876971,0.024605920799692427,-0.008858131487889272,-0.008858131487889272,-0.14769703960015382,0.05173394848135333,0.2519646289888504
S17,Shitalakshya,23.62842,90.514128,POINT (10075986.638557186 2708194.3966693203),0.0025,25.0,0.002,20.0,44.82,50.63,91.33,15.84,9.42,95.44,34.56,13.0,31.0,51.0,25110.0,231.42,0.07111111111111111,-0.24415224913494812,0.04822760476739715,0.024605920799692427,-0.07111111111111111,0.0629911572472126,0.03844675124951941,-0.041584006151480196,-0.05536332179930796,0.14173010380622836,0.2599000384467512,-0.05911572472126105,-0.21413302575932336,-0.16000000000000003,0.05536332179930796,0.06698961937716265,-0.024605920799692427,-0.11909265667051133,-0.14769703960015382,-0.006151480199923107,-0.019930795847750864,0.19986159169550174,-0.0629911572472126,0.07972318339100345,-0.13588619761630144,0.07972318339100345,0.05173394848135333,-0.09842368319876971,0.12456747404844293,0.10340638216070744,0.029773164167627833,0.13016532103037293,-0.12456747404844293,-0.041584006151480196,0.05173394848135333,0.2364628988850442,-0.05911572472126105,-0.15378700499807765,0.0629911572472126,0.2288965782391388,-0.10340638216070744,0.041584006151480196,0.08421376393694734,0.15378700499807765,-0.07111111111111111,0.14173010380622836,-0.16000000000000003,0.24415224913494812,-0.2288965782391388,0.002214532871972318,-0.010396001537870049,0.14173010380622836,-0.17937716262975778,-0.019930795847750864,0.15378700499807765,-0.10340638216070744,-0.03254133025759323,0.08882737408688965,0.022206843521722412,0.008858131487889272,-0.004982698961937716,-0.16000000000000003,-0.003936947327950788,0.29287197231833906
IDW_SR_1,Unknown,23.61274469982163,90.43060852430816,,0.0312789851676239,15.548947819937588,0.0305820048504657,8.513468337039152,64.09234526694432,33.44606805232117,104.7208590872374,14.449998882163907,4.325305504807673,87.1761044000039,34.53452627628546,21.377061650638034,42.542137836308825,36.0151478929136,40442.2760769881,214.06114596027436,0.04822760476739715,-0.2364628988850442,0.029773164167627833,0.01574778931180315,-0.05173394848135333,0.11909265667051133,-0.003936947327950788,-0.05173394848135333,-0.07111111111111111,0.16633602460592078,0.2679584775086506,-0.044844290657439445,-0.2069357939254133,-0.11909265667051133,0.03254133025759323,0.09842368319876971,-0.10340638216070744,-0.16633602460592078,-0.186082276047674,-0.024605920799692427,-0.1085121107266436,0.21413302575932336,-0.08882737408688965,0.024605920799692427,-0.10340638216070744,0.11909265667051133,0.09356401384083046,-0.09356401384083046,0.041584006151480196,0.11374086889657825,0.07972318339100345,0.09842368319876971,-0.11909265667051133,-0.05536332179930796,0.024605920799692427,0.24415224913494812,-0.1085121107266436,-0.08421376393694734,0.11374086889657825,0.2364628988850442,-0.029773164167627833,0.07972318339100345,0.05173394848135333,0.15378700499807765,-0.07535563244905807,0.16000000000000003,-0.09356401384083046,0.2599000384467512,-0.21413302575932336,-0.05911572472126105,-0.003014225297962322,0.15378700499807765,-0.11374086889657825,-0.03254133025759323,0.15378700499807765,-0.14769703960015382,-0.044844290657439445,0.0629911572472126,-0.004982698961937716,-0.01574778931180315,0.000984236831987697,-0.14769703960015382,0.03543252595155709,0.24415224913494812
IDW_SR_2,Unknown,23.66377289761991,90.11406230846896,,0.0397394970324911,10.501747788618008,0.0330969981903241,5.06214214893105,56.45136190839489,30.74201240981976,77.29667431267004,14.444528770197024,2.858761153337518,68.4689097832129,32.939731779961136,39.32389986814658,33.67641435558524,26.31825541868508,34782.994781097994,169.5368261478688,0.041584006151480196,-0.13588619761630144,0.13016532103037293,0.041584006151480196,-0.017777777777777778,0.09842368319876971,0.01574778931180315,-0.03543252595155709,-0.03254133025759323,0.21413302575932336,0.2761399461745483,-0.012056901191849288,-0.17937716262975778,-0.14173010380622836,0.024605920799692427,0.15378700499807765,-0.09356401384083046,-0.17937716262975778,-0.17937716262975778,-0.11909265667051133,-0.14173010380622836,0.1929104190695886,-0.08421376393694734,0.04822760476739715,-0.05536332179930796,0.11909265667051133,0.07535563244905807,0.012056901191849288,0.05536332179930796,0.07972318339100345,0.019930795847750864,0.11909265667051133,-0.14769703960015382,0.0629911572472126,0.0629911572472126,0.2599000384467512,-0.044844290657439445,-0.05911572472126105,0.04822760476739715,0.186082276047674,-0.03254133025759323,0.08882737408688965,0.07111111111111111,0.2069357939254133,-0.03543252595155709,0.17937716262975778,-0.09842368319876971,0.2679584775086506,-0.16633602460592078,-0.03844675124951941,-0.05536332179930796,0.07111111111111111,-0.07111111111111111,-0.044844290657439445,0.186082276047674,-0.1929104190695886,-0.1085121107266436,0.01574778931180315,0.041584006151480196,-0.03844675124951941,-0.041584006151480196,-0.19986159169550174,0.11374086889657825,0.24415224913494812
IDW_SR_3,Unknown,23.63757320157565,90.43220335875688,,0.0465068596446277,11.46259019085782,0.0231694646520322,8.19400598370054,69.30627560019568,40.01904327361526,115.98675668652837,12.50777325842179,5.393705041365696,112.83912327426376,34.59382710177377,20.11733666712506,38.10704661749938,41.453854680793846,42029.42304838394,262.13681379635796,0.044844290657439445,-0.17937716262975778,0.05173394848135333,0.05911572472126105,-0.06698961937716265,0.13016532103037293,0.03543252595155709,-0.012056901191849288,-0.041584006151480196,0.19986159169550174,0.2519646289888504,-0.06698961937716265,-0.17937716262975778,-0.14173010380622836,0.0629911572472126,0.1085121107266436,-0.07972318339100345,-0.16000000000000003,-0.11374086889657825,-0.0271280276816609,-0.0629911572472126,0.2364628988850442,-0.04822760476739715,0.1085121107266436,-0.11374086889657825,0.07535563244905807,0.12456747404844293,-0.10340638216070744,0.0629911572472126,0.0271280276816609,-0.01384083044982699,0.21413302575932336,-0.05173394848135333,-0.024605920799692427,-0.017777777777777778,0.2599000384467512,-0.019930795847750864,-0.14173010380622836,0.08882737408688965,0.2288965782391388,-0.0271280276816609,0.07972318339100345,0.08421376393694734,0.07972318339100345,-0.11374086889657825,0.13588619761630144,-0.16633602460592078,0.28444444444444444,-0.19986159169550174,-0.05911572472126105,0.022206843521722412,0.14769703960015382,-0.10340638216070744,-0.07111111111111111,0.14769703960015382,-0.12456747404844293,-0.041584006151480196,0.10340638216070744,-0.012056901191849288,-0.024605920799692427,-0.000984236831987697,-0.15378700499807765,0.07111111111111111,0.2599000384467512
IDW_SR_4,Unknown,23.83425299463892,90.34576902211585,,0.0678946933604865,18.89392641533999,0.0360546800832618,3.2748616845042338,14.61993153464017,39.36257441907591,86.0541626595298,11.1328502750495,3.5193385725923982,162.0642119412549,32.443357663038924,19.31202901394536,30.909076248670356,48.9187476399938,47325.82373639356,307.46066996597335,0.002214532871972318,-0.21413302575932336,0.019930795847750864,0.07111111111111111,-0.0271280276816609,0.13588619761630144,-0.019930795847750864,0.05911572472126105,-0.01384083044982699,0.17937716262975778,0.2288965782391388,-0.07535563244905807,-0.16633602460592078,-0.12456747404844293,0.09842368319876971,0.10340638216070744,-0.10340638216070744,-0.17937716262975778,-0.05173394848135333,-0.022206843521722412,-0.03543252595155709,0.17279507881584008,-0.010396001537870049,0.07535563244905807,-0.11374086889657825,0.044844290657439445,0.13588619761630144,-0.186082276047674,0.05911572472126105,0.017777777777777778,-0.041584006151480196,0.2364628988850442,-0.05911572472126105,-0.03844675124951941,-0.041584006151480196,0.2288965782391388,0.03844675124951941,-0.11374086889657825,0.07972318339100345,0.2761399461745483,-0.05173394848135333,0.024605920799692427,0.10340638216070744,0.10340638216070744,-0.11374086889657825,0.14769703960015382,-0.186082276047674,0.29287197231833906,-0.1929104190695886,-0.05911572472126105,0.04822760476739715,0.16000000000000003,-0.1085121107266436,-0.03844675124951941,0.1085121107266436,-0.11909265667051133,-0.06698961937716265,0.09842368319876971,0.0271280276816609,-0.07111111111111111,0.000984236831987697,-0.13016532103037293,0.05911572472126105,0.2761399461745483
IDW_SR_5,Unknown,23.67071966636189,90.02328345724526,,0.0359929862134138,10.537836615666546,0.0291615407275489,4.955141111075784,55.91016433575973,31.028072931154373,76.4476050433773,13.890991807691751,3.051036920695505,70.60635547216029,33.08405022571179,36.267675389221736,35.341468243297115,27.771704506297375,35046.71722332968,172.58789199806938,0.022206843521722412,-0.17279507881584008,-0.006151480199923107,0.05911572472126105,-0.019930795847750864,0.11909265667051133,0.03254133025759323,0.07972318339100345,-0.07535563244905807,0.24415224913494812,0.2288965782391388,-0.09842368319876971,-0.19986159169550174,-0.1085121107266436,0.04822760476739715,0.07111111111111111,-0.044844290657439445,-0.17937716262975778,-0.03543252595155709,-0.041584006151480196,-0.012056901191849288,0.2069357939254133,-0.007443291041906958,0.07972318339100345,-0.10340638216070744,-0.006151480199923107,0.07111111111111111,-0.17279507881584008,0.019930795847750864,0.03543252595155709,-0.01574778931180315,0.24415224913494812,0.0629911572472126,-0.03254133025759323,-0.017777777777777778,0.19986159169550174,0.04822760476739715,-0.07535563244905807,0.07111111111111111,0.2288965782391388,-0.029773164167627833,-0.000984236831987697,0.13016532103037293,0.08882737408688965,-0.14173010380622836,0.13588619761630144,-0.15378700499807765,0.2761399461745483,-0.19986159169550174,-0.03543252595155709,0.05536332179930796,0.1929104190695886,-0.17279507881584008,-0.09356401384083046,0.16633602460592078,-0.1085121107266436,-0.044844290657439445,0.14173010380622836,0.03254133025759323,-0.044844290657439445,0.008858131487889272,-0.1929104190695886,0.029773164167627833,0.2519646289888504
IDW_SR_6,Unknown,23.77681852243475,90.5139872385986,,0.0081389866733447,7.757017323685627,0.0304534152585009,2.709917554886456,24.766103004650503,30.003612756967915,67.16960203487113,9.511707998705765,3.8107665090961502,57.24956748654704,36.30265927956188,38.438313258183335,34.38136504818073,27.58486117186171,32502.066472830968,138.8453473159433,0.029773164167627833,-0.2364628988850442,-0.004982698961937716,0.041584006151480196,-0.05536332179930796,0.11374086889657825,0.017777777777777778,0.017777777777777778,-0.0629911572472126,0.17937716262975778,0.2679584775086506,-0.07972318339100345,-0.17937716262975778,-0.14173010380622836,0.05536332179930796,0.06698961937716265,-0.05536332179930796,-0.14173010380622836,-0.11909265667051133,-0.010396001537870049,-0.05173394848135333,0.17937716262975778,-0.05911572472126105,0.07111111111111111,-0.1085121107266436,0.05911572472126105,0.05536332179930796,-0.11374086889657825,0.08882737408688965,0.07972318339100345,-0.010396001537870049,0.17937716262975778,-0.1085121107266436,-0.0271280276816609,0.004982698961937716,0.24415224913494812,-0.03543252595155709,-0.14769703960015382,0.07972318339100345,0.28444444444444444,-0.05173394848135333,0.029773164167627833,0.1085121107266436,0.12456747404844293,-0.10340638216070744,0.14769703960015382,-0.14173010380622836,0.2599000384467512,-0.2288965782391388,-0.044844290657439445,0.03254133025759323,0.14769703960015382,-0.13588619761630144,-0.044844290657439445,0.14769703960015382,-0.10340638216070744,-0.03844675124951941,0.11909265667051133,0.029773164167627833,-0.019930795847750864,0.003014225297962322,-0.17937716262975778,0.05536332179930796,0.2761399461745483
IDW_SR_7,Unknown,23.74106803843212,90.12709234600068,,0.0370772338166556,9.29633422457288,0.0286177601564469,4.645252362833523,57.92646496147222,30.533148185957568,71.95779360619215,14.435380345355792,2.73772914232332,64.69829855500703,32.590135021727505,38.77851459493755,34.66893746975053,25.989800342428698,33445.2288447901,161.92495861385163,0.024605920799692427,-0.17937716262975778,0.0629911572472126,0.0629911572472126,-0.008858131487889272,0.13588619761630144,-0.002214532871972318,0.07535563244905807,-0.03543252595155709,0.2069357939254133,0.2679584775086506,-0.05911572472126105,-0.17279507881584008,-0.10340638216070744,0.041584006151480196,0.07535563244905807,-0.09842368319876971,-0.2288965782391388,-0.07535563244905807,-0.05173394848135333,-0.05173394848135333,0.15378700499807765,-0.04822760476739715,0.07535563244905807,-0.1085121107266436,0.05536332179930796,0.11374086889657825,-0.14173010380622836,0.03844675124951941,0.0629911572472126,-0.0005536332179930795,0.1929104190695886,-0.0629911572472126,0.05536332179930796,-0.024605920799692427,0.2599000384467512,0.022206843521722412,-0.13016532103037293,0.07972318339100345,0.2519646289888504,-0.029773164167627833,0.05911572472126105,0.10340638216070744,0.11374086889657825,-0.11374086889657825,0.14173010380622836,-0.14173010380622836,0.2761399461745483,-0.19986159169550174,-0.0629911572472126,0.01574778931180315,0.14769703960015382,-0.14173010380622836,-0.04822760476739715,0.16000000000000003,-0.16633602460592078,-0.07972318339100345,0.09356401384083046,0.04822760476739715,-0.05911572472126105,-0.022206843521722412,-0.14769703960015382,0.07535563244905807,0.2599000384467512
IDW_SR_8,Unknown,23.65493746951183,90.33008134844432,,0.0565872791587516,15.506889516074637,0.0217635423927514,7.636158013849556,60.36032136834958,15.006187089275386,97.9064936117984,11.14829565128753,1.1923699850131184,44.77777102553165,31.421952768349364,60.68001242458623,12.45549769021498,25.07075941291911,38741.89638420881,132.71576224513373,0.019930795847750864,-0.186082276047674,0.03844675124951941,0.041584006151480196,-0.019930795847750864,0.14769703960015382,0.010396001537870049,0.05536332179930796,-0.022206843521722412,0.21413302575932336,0.2519646289888504,-0.03543252595155709,-0.16633602460592078,-0.07972318339100345,0.07972318339100345,0.09356401384083046,-0.07972318339100345,-0.1929104190695886,-0.09842368319876971,-0.07111111111111111,-0.03543252595155709,0.17937716262975778,-0.0629911572472126,0.07972318339100345,-0.11909265667051133,0.03543252595155709,0.11909265667051133,-0.14769703960015382,0.05911572472126105,0.07535563244905807,-0.019930795847750864,0.2069357939254133,-0.08882737408688965,-0.024605920799692427,-0.03543252595155709,0.21413302575932336,-0.01574778931180315,-0.13016532103037293,0.08421376393694734,0.2679584775086506,-0.01574778931180315,0.05911572472126105,0.12456747404844293,0.07972318339100345,-0.13016532103037293,0.16000000000000003,-0.14173010380622836,0.2761399461745483,-0.2069357939254133,-0.10340638216070744,0.03543252595155709,0.14173010380622836,-0.13588619761630144,-0.09356401384083046,0.14173010380622836,-0.16633602460592078,-0.05536332179930796,0.07111111111111111,0.044844290657439445,-0.05911572472126105,0.01384083044982699,-0.14769703960015382,0.09356401384083046,0.24415224913494812
IDW_SR_9,Unknown,23.813285073043964,90.112840926056,,0.0295407986521945,8.795924284433045,0.022040971771534,4.099573919739263,60.653250139957805,29.737274986002937,66.97374359574206,13.43173613025457,2.825649126944997,63.87133254874562,32.461328917962405,34.024552983126334,37.82387398660141,27.50704213870718,33339.16477651444,159.18407392078586,0.024605920799692427,-0.17937716262975778,0.04822760476739715,0.05173394848135333,-0.03844675124951941,0.16000000000000003,-0.008858131487889272,0.05536332179930796,-0.03543252595155709,0.2288965782391388,0.24415224913494812,-0.07111111111111111,-0.17279507881584008,-0.09842368319876971,0.07111111111111111,0.13588619761630144,-0.10340638216070744,-0.22145328719723184,-0.0629911572472126,-0.024605920799692427,-0.044844290657439445,0.186082276047674,-0.029773164167627833,0.06698961937716265,-0.12456747404844293,0.05911572472126105,0.12456747404844293,-0.15378700499807765,0.04822760476739715,0.03844675124951941,-0.006151480199923107,0.186082276047674,-0.0271280276816609,-0.024605920799692427,-0.03254133025759323,0.2519646289888504,-0.002214532871972318,-0.11909265667051133,0.0629911572472126,0.24415224913494812,-0.0629911572472126,0.09356401384083046,0.09356401384083046,0.07972318339100345,-0.11909265667051133,0.13588619761630144,-0.16633602460592078,0.28444444444444444,-0.1929104190695886,-0.06698961937716265,0.04822760476739715,0.16633602460592078,-0.12456747404844293,-0.06698961937716265,0.16000000000000003,-0.14173010380622836,-0.06698961937716265,0.12456747404844293,0.041584006151480196,-0.007443291041906958,-0.010396001537870049,-0.14769703960015382,0.04822760476739715,0.2364628988850442
IDW_SR_10,Unknown,23.6523007269332,90.27156734782558,,0.0543117334120199,13.451430680818536,0.0506584782130697,6.062647095626041,59.49679755190331,25.85740783918296,87.29508170881383,14.856555799971622,2.0438409638209545,60.10859545631345,32.584497007167734,51.88141164794755,24.03529107980796,22.154930345307125,36895.35996308999,158.4242694776823,0.044844290657439445,-0.16000000000000003,0.05911572472126105,0.05173394848135333,-0.05911572472126105,0.11374086889657825,0.05173394848135333,-0.05173394848135333,-0.01384083044982699,0.2069357939254133,0.24415224913494812,-0.041584006151480196,-0.16633602460592078,-0.14173010380622836,0.04822760476739715,0.10340638216070744,-0.12456747404844293,-0.186082276047674,-0.17279507881584008,-0.07111111111111111,-0.1085121107266436,0.21413302575932336,-0.1085121107266436,0.07535563244905807,-0.13016532103037293,0.07972318339100345,0.06698961937716265,-0.024605920799692427,0.05911572472126105,0.041584006151480196,0.041584006151480196,0.13016532103037293,-0.09842368319876971,-0.03254133025759323,0.017777777777777778,0.28444444444444444,-0.04822760476739715,-0.1085121107266436,0.07535563244905807,0.2519646289888504,-0.044844290657439445,0.09356401384083046,0.10340638216070744,0.11909265667051133,-0.08882737408688965,0.19986159169550174,-0.13588619761630144,0.2599000384467512,-0.19986159169550174,-0.06698961937716265,-0.024605920799692427,0.12456747404844293,-0.07972318339100345,-0.07535563244905807,0.14769703960015382,-0.16633602460592078,-0.06698961937716265,0.08421376393694734,-0.004982698961937716,-0.017777777777777778,0.003014225297962322,-0.186082276047674,0.07972318339100345,0.22145328719723184
IDW_SR_11,Unknown,23.91962318972518,90.5889533087124,,0.017198146118864,7.684092776559503,0.0156100092898223,3.3206324690248272,41.70645551161745,28.259638686600432,74.96895867133023,12.741378587593797,5.261684762300946,76.30611090632186,35.69374004050988,25.045436456962623,45.07219100058731,30.53626498312254,34039.85244360598,180.03290660227378,0.017777777777777778,-0.2069357939254133,0.004982698961937716,0.05911572472126105,-0.01384083044982699,0.14173010380622836,0.008858131487889272,0.0629911572472126,-0.03844675124951941,0.21413302575932336,0.24415224913494812,-0.08882737408688965,-0.14769703960015382,-0.11909265667051133,0.07111111111111111,0.0629911572472126,-0.08421376393694734,-0.17937716262975778,-0.05911572472126105,-0.0271280276816609,-0.029773164167627833,0.17937716262975778,-0.03844675124951941,0.07972318339100345,-0.1085121107266436,0.029773164167627833,0.1085121107266436,-0.16000000000000003,0.04822760476739715,0.041584006151480196,-0.03844675124951941,0.2288965782391388,-0.0629911572472126,-0.03543252595155709,-0.04822760476739715,0.22145328719723184,0.004982698961937716,-0.14173010380622836,0.09356401384083046,0.28444444444444444,-0.012056901191849288,0.03543252595155709,0.1085121107266436,0.07972318339100345,-0.11374086889657825,0.14769703960015382,-0.15378700499807765,0.29287197231833906,-0.2069357939254133,-0.0629911572472126,0.03543252595155709,0.15378700499807765,-0.13588619761630144,-0.05536332179930796,0.14173010380622836,-0.13588619761630144,-0.05911572472126105,0.1085121107266436,0.029773164167627833,-0.05536332179930796,0.008858131487889272,-0.14173010380622836,0.08421376393694734,0.2599000384467512
IDW_SR_12,Unknown,23.993396304083365,90.21672397325857,,0.0206034169527764,9.320048165377887,0.0151409222867308,3.5618395356972457,65.50372008751249,27.282880791349445,59.83670820782042,11.122586271226336,2.968139967665958,66.51424140372227,32.82046754323761,25.781663747286405,42.313856467234416,31.488269285002684,33258.31747981075,160.78592530639187,0.044844290657439445,-0.08421376393694734,0.09356401384083046,0.03844675124951941,-0.03543252595155709,0.12456747404844293,0.08882737408688965,-0.14769703960015382,-0.017777777777777778,0.2761399461745483,0.19986159169550174,-0.024605920799692427,-0.1929104190695886,-0.15378700499807765,0.03254133025759323,0.11909265667051133,-0.15378700499807765,-0.08882737408688965,-0.19986159169550174,-0.05173394848135333,-0.14769703960015382,0.33685505574778934,-0.07535563244905807,0.07535563244905807,-0.012056901191849288,0.11909265667051133,0.07535563244905807,0.08421376393694734,0.024605920799692427,0.007443291041906958,0.017777777777777778,0.1085121107266436,-0.03844675124951941,-0.07535563244905807,0.0271280276816609,0.28444444444444444,-0.1085121107266436,-0.07972318339100345,0.17937716262975778,0.16000000000000003,-0.006151480199923107,0.16000000000000003,0.002214532871972318,0.12456747404844293,-0.05536332179930796,0.17279507881584008,-0.04822760476739715,0.2288965782391388,-0.11374086889657825,-0.01384083044982699,0.01574778931180315,0.12456747404844293,-0.003936947327950788,-0.1085121107266436,0.22145328719723184,-0.14173010380622836,-0.13588619761630144,0.07535563244905807,-0.07111111111111111,-0.03254133025759323,0.012056901191849288,-0.13588619761630144,0.1085121107266436,0.1085121107266436
IDW_SR_13,Unknown,23.799430311171637,90.53074079421464,,0.0072080244910107,4.9681796223187975,0.0143282390389806,2.0595433096975104,34.40293873369005,25.451158877663467,69.51881310999907,11.689988370248832,5.263352854115659,65.00636864345674,36.57027172943985,26.04005984858989,45.57824055227864,29.248615169438075,31723.795782884303,157.32746989821922,0.03844675124951941,-0.21413302575932336,0.029773164167627833,0.04822760476739715,-0.029773164167627833,0.11909265667051133,0.022206843521722412,0.041584006151480196,-0.05911572472126105,0.17937716262975778,0.2599000384467512,-0.07535563244905807,-0.16000000000000003,-0.11909265667051133,0.05911572472126105,0.07972318339100345,-0.06698961937716265,-0.17279507881584008,-0.08882737408688965,-0.012056901191849288,-0.03844675124951941,0.17937716262975778,-0.05173394848135333,0.07972318339100345,-0.13016532103037293,0.03844675124951941,0.09842368319876971,-0.14173010380622836,0.07111111111111111,0.05536332179930796,-0.012056901191849288,0.1929104190695886,-0.11374086889657825,-0.024605920799692427,0.000984236831987697,0.24415224913494812,-0.017777777777777778,-0.14769703960015382,0.05911572472126105,0.2599000384467512,-0.041584006151480196,0.041584006151480196,0.09842368319876971,0.09842368319876971,-0.10340638216070744,0.16000000000000003,-0.17279507881584008,0.28444444444444444,-0.22145328719723184,-0.05173394848135333,0.01574778931180315,0.14769703960015382,-0.16000000000000003,-0.05536332179930796,0.14769703960015382,-0.12456747404844293,-0.022206843521722412,0.09842368319876971,0.0271280276816609,-0.03844675124951941,-0.003014225297962322,-0.16000000000000003,0.0629911572472126,0.2761399461745483
IDW_SR_14,Unknown,23.97277094953435,90.21627753012028,,0.0171358574005607,8.63455842073837,0.0134839834693612,3.242804605036623,70.20921906569518,25.87510767683534,56.29165182639892,10.64740683491791,2.8978012597018825,63.36603848389768,32.67051218699811,24.998573207181327,42.778671840041085,31.841693116694348,32262.232197590587,155.31396489465465,0.01574778931180315,-0.16000000000000003,0.044844290657439445,0.03543252595155709,0.008858131487889272,0.11909265667051133,-0.003014225297962322,0.0005536332179930795,-0.019930795847750864,0.1929104190695886,0.29287197231833906,-0.008858131487889272,-0.2069357939254133,-0.05173394848135333,0.003014225297962322,0.07111111111111111,-0.12456747404844293,-0.2069357939254133,-0.15378700499807765,-0.1085121107266436,-0.07111111111111111,0.15378700499807765,-0.05536332179930796,0.07972318339100345,-0.1085121107266436,0.05173394848135333,0.07535563244905807,-0.03543252595155709,0.03844675124951941,0.05536332179930796,0.03844675124951941,0.14173010380622836,-0.10340638216070744,-0.05173394848135333,0.0005536332179930795,0.2761399461745483,-0.08421376393694734,-0.08882737408688965,0.09842368319876971,0.28444444444444444,-0.044844290657439445,0.0629911572472126,0.14769703960015382,0.1085121107266436,-0.08882737408688965,0.17279507881584008,-0.10340638216070744,0.2599000384467512,-0.22145328719723184,-0.05536332179930796,-0.01574778931180315,0.14173010380622836,-0.10340638216070744,-0.09842368319876971,0.16000000000000003,-0.17937716262975778,-0.14173010380622836,0.04822760476739715,0.007443291041906958,-0.06698961937716265,0.022206843521722412,-0.15378700499807765,0.09356401384083046,0.21413302575932336
IDW_SR_15,Unknown,23.977335716596485,90.21541520271953,,0.018008604734831,8.796779689235407,0.0139001576054901,3.3201475779999754,69.0435082556068,26.22744467361271,57.17531085689927,10.772570771514502,2.9141919863574905,64.11969311376771,32.702829236705085,25.20610382801958,42.66588837886627,31.736204598572613,32512.89989248234,156.63298997127032,0.04822760476739715,-0.13016532103037293,0.08421376393694734,0.04822760476739715,-0.024605920799692427,0.10340638216070744,0.044844290657439445,0.01384083044982699,-0.007443291041906958,0.2288965782391388,0.2599000384467512,-0.04822760476739715,-0.17279507881584008,-0.10340638216070744,0.0271280276816609,0.08882737408688965,-0.07972318339100345,-0.22145328719723184,-0.11374086889657825,-0.09356401384083046,-0.03543252595155709,0.186082276047674,-0.07972318339100345,0.11909265667051133,-0.08882737408688965,0.07535563244905807,0.10340638216070744,-0.041584006151480196,0.07535563244905807,0.05536332179930796,-0.03254133025759323,0.16633602460592078,-0.0629911572472126,0.003936947327950788,-0.004982698961937716,0.2519646289888504,-0.044844290657439445,-0.13588619761630144,0.09842368319876971,0.2288965782391388,-0.044844290657439445,0.07535563244905807,0.11374086889657825,0.08421376393694734,-0.11909265667051133,0.13588619761630144,-0.11374086889657825,0.28444444444444444,-0.22145328719723184,-0.09356401384083046,0.007443291041906958,0.11909265667051133,-0.11909265667051133,-0.11909265667051133,0.19986159169550174,-0.16633602460592078,-0.13016532103037293,0.1085121107266436,0.017777777777777778,-0.029773164167627833,0.006151480199923107,-0.14173010380622836,0.1085121107266436,0.24415224913494812
IDW_SR_16,Unknown,23.799189034596115,90.30615535952512,,0.0385170184092121,14.246294793859114,0.0233249260684884,3.56495438952922,34.2314824641251,38.429936307730614,77.44374777073969,14.96449510746089,2.938613769782549,98.3851341304228,32.83889282168727,25.992299376398172,41.21899285713412,33.123241479499086,41503.13364340965,211.74826534186548,0.019930795847750864,-0.21413302575932336,0.003014225297962322,0.04822760476739715,0.006151480199923107,0.186082276047674,0.003936947327950788,0.05911572472126105,-0.07972318339100345,0.21413302575932336,0.186082276047674,-0.041584006151480196,-0.22145328719723184,-0.05173394848135333,0.06698961937716265,0.10340638216070744,-0.186082276047674,-0.1085121107266436,-0.07111111111111111,-0.08882737408688965,-0.11374086889657825,0.14769703960015382,-0.11374086889657825,0.07972318339100345,-0.07972318339100345,0.044844290657439445,0.1085121107266436,-0.17279507881584008,0.0271280276816609,0.024605920799692427,0.0005536332179930795,0.186082276047674,-0.07111111111111111,0.004982698961937716,0.06698961937716265,0.22145328719723184,-0.019930795847750864,-0.14173010380622836,0.09842368319876971,0.2519646289888504,-0.003936947327950788,0.07972318339100345,0.07111111111111111,0.04822760476739715,-0.10340638216070744,0.16000000000000003,-0.15378700499807765,0.24415224913494812,-0.2288965782391388,0.03543252595155709,0.022206843521722412,0.17279507881584008,-0.15378700499807765,-0.1085121107266436,0.14173010380622836,-0.13588619761630144,0.03254133025759323,0.008858131487889272,-0.01384083044982699,-0.07111111111111111,0.029773164167627833,-0.17279507881584008,0.07535563244905807,0.2519646289888504
IDW_SR_17,Unknown,24.001910156574773,90.08128629682255,,0.0261048943920232,9.71682473194748,0.0194572030169556,4.044781524031756,59.75281282604544,29.37830094027476,66.63433631669213,12.261068136238416,3.090298538546901,69.2521824478769,32.95282518422117,29.15655105476226,40.196433119727715,30.145305342448353,34288.717915478395,167.0479749119317,0.07111111111111111,-0.04822760476739715,0.07111111111111111,0.05173394848135333,-0.05536332179930796,0.10340638216070744,0.11909265667051133,-0.07972318339100345,0.03844675124951941,0.2364628988850442,0.2288965782391388,-0.0629911572472126,-0.16633602460592078,-0.21413302575932336,0.0629911572472126,0.11909265667051133,-0.1085121107266436,-0.15378700499807765,-0.14173010380622836,-0.029773164167627833,-0.13588619761630144,0.28444444444444444,-0.04822760476739715,0.06698961937716265,-0.017777777777777778,0.10340638216070744,0.15378700499807765,0.041584006151480196,0.029773164167627833,-0.05536332179930796,-0.008858131487889272,0.186082276047674,-0.05173394848135333,-0.03844675124951941,-0.01574778931180315,0.29287197231833906,-0.05911572472126105,-0.10340638216070744,0.13588619761630144,0.16000000000000003,-0.0271280276816609,0.13588619761630144,0.04822760476739715,0.10340638216070744,-0.0629911572472126,0.16633602460592078,-0.13588619761630144,0.24415224913494812,-0.14173010380622836,-0.041584006151480196,-0.024605920799692427,0.12456747404844293,-0.01384083044982699,-0.044844290657439445,0.2069357939254133,-0.14173010380622836,-0.16000000000000003,0.13016532103037293,-0.010396001537870049,-0.022206843521722412,0.03254133025759323,-0.14173010380622836,0.06698961937716265,0.2069357939254133
IDW_SR_18,Unknown,23.91473991373703,90.56220620626468,,0.0163864922331172,7.3469201179685,0.0148638892793389,3.0953538611056186,41.07665982365673,27.66946156270252,74.22384117279665,12.72289211516686,5.287860651832217,75.58783241798525,35.78045689962174,24.635457330721607,45.82232232895647,30.25618117532867,33854.89322960831,178.3776926073009,0.01384083044982699,-0.2069357939254133,0.07111111111111111,0.07972318339100345,0.006151480199923107,0.14173010380622836,0.002214532871972318,0.07972318339100345,-0.01574778931180315,0.2069357939254133,0.2761399461745483,-0.07111111111111111,-0.15378700499807765,-0.1085121107266436,0.06698961937716265,0.05173394848135333,-0.09356401384083046,-0.17937716262975778,-0.06698961937716265,-0.03543252595155709,-0.017777777777777778,0.16633602460592078,-0.029773164167627833,0.07111111111111111,-0.08421376393694734,0.03844675124951941,0.13588619761630144,-0.15378700499807765,0.041584006151480196,0.06698961937716265,-0.041584006151480196,0.21413302575932336,-0.07111111111111111,0.0015378700499807767,-0.05536332179930796,0.2519646289888504,0.024605920799692427,-0.12456747404844293,0.08882737408688965,0.2761399461745483,-0.022206843521722412,0.019930795847750864,0.09356401384083046,0.10340638216070744,-0.11374086889657825,0.1085121107266436,-0.14173010380622836,0.29287197231833906,-0.17279507881584008,-0.07111111111111111,0.01574778931180315,0.16000000000000003,-0.14173010380622836,-0.03844675124951941,0.15378700499807765,-0.14769703960015382,-0.09842368319876971,0.08882737408688965,0.0271280276816609,-0.06698961937716265,-0.019930795847750864,-0.10340638216070744,0.08421376393694734,0.2761399461745483
IDW_SR_19,Unknown,23.732604473462768,90.35365486546183,,0.0437663334182792,4.66841594058627,0.0392910749721979,2.8584643296653542,65.69257661455423,45.312062241521424,124.6858274508607,11.232725351721305,4.828868879500008,134.46189640118894,35.57698604616081,48.72396128423489,28.275143170019337,22.23116460097326,41740.60828689642,297.2305581306739,0.006151480199923107,-0.24415224913494812,0.004982698961937716,0.06698961937716265,-0.03254133025759323,0.13016532103037293,-0.01384083044982699,0.04822760476739715,-0.05173394848135333,0.1929104190695886,0.2519646289888504,-0.07111111111111111,-0.17937716262975778,-0.13016532103037293,0.04822760476739715,0.041584006151480196,-0.08421376393694734,-0.14173010380622836,-0.09356401384083046,-0.010396001537870049,-0.05536332179930796,0.17279507881584008,-0.044844290657439445,0.06698961937716265,-0.11909265667051133,0.07535563244905807,0.05536332179930796,-0.14173010380622836,0.05536332179930796,0.05911572472126105,-0.008858131487889272,0.1929104190695886,-0.0629911572472126,-0.03844675124951941,-0.002214532871972318,0.2364628988850442,-0.022206843521722412,-0.14173010380622836,0.10340638216070744,0.28444444444444444,-0.03254133025759323,0.01574778931180315,0.09356401384083046,0.11374086889657825,-0.09356401384083046,0.14173010380622836,-0.14769703960015382,0.2761399461745483,-0.22145328719723184,-0.044844290657439445,0.0271280276816609,0.19986159169550174,-0.14173010380622836,-0.03844675124951941,0.14769703960015382,-0.09842368319876971,-0.05911572472126105,0.13016532103037293,-0.010396001537870049,-0.04822760476739715,-0.002214532871972318,-0.14769703960015382,0.05536332179930796,0.2761399461745483
IDW_SR_20,Unknown,23.799161989884755,90.30608905838798,,0.0385058914069447,14.233198669392973,0.0233261805076804,3.567025816642375,34.28626054390526,38.41588549045248,77.42482658232842,14.96323424290914,2.9379675698666743,98.30483604787146,32.837696585971415,26.02463388371567,41.2013702472704,33.10546088548017,41481.88969019608,211.6277218082784,0.019930795847750864,-0.2069357939254133,-0.000984236831987697,0.03844675124951941,0.003936947327950788,0.1929104190695886,0.0005536332179930795,0.0629911572472126,-0.07535563244905807,0.21413302575932336,0.186082276047674,-0.041584006151480196,-0.21413302575932336,-0.04822760476739715,0.05911572472126105,0.09842368319876971,-0.186082276047674,-0.11374086889657825,-0.06698961937716265,-0.09356401384083046,-0.11374086889657825,0.15378700499807765,-0.11374086889657825,0.07972318339100345,-0.08421376393694734,0.044844290657439445,0.1085121107266436,-0.17937716262975778,0.019930795847750864,0.019930795847750864,0.01384083044982699,0.186082276047674,-0.07535563244905807,0.003014225297962322,0.0629911572472126,0.21413302575932336,-0.024605920799692427,-0.13016532103037293,0.1085121107266436,0.2599000384467512,-0.002214532871972318,0.07535563244905807,0.07111111111111111,0.05536332179930796,-0.1085121107266436,0.16000000000000003,-0.15378700499807765,0.24415224913494812,-0.2288965782391388,0.029773164167627833,0.019930795847750864,0.17279507881584008,-0.14769703960015382,-0.09842368319876971,0.14173010380622836,-0.13588619761630144,0.03254133025759323,0.008858131487889272,-0.01574778931180315,-0.07972318339100345,0.022206843521722412,-0.17937716262975778,0.06698961937716265,0.2679584775086506
IDW_SR_21,Unknown,23.80171541949701,90.53289678974468,,0.0067942695421017,4.646207730502402,0.0128540065914575,1.908691379450614,36.20048804797941,24.72065416716953,69.9368489369851,12.098585971095416,5.591297879105852,66.44479786237834,36.616016725622785,24.851463023655903,47.232274096403266,28.97122098278961,31687.81085390979,160.8978496309742,0.019930795847750864,-0.22145328719723184,0.03543252595155709,0.05911572472126105,-0.024605920799692427,0.14769703960015382,-0.01384083044982699,0.07535563244905807,-0.03844675124951941,0.2069357939254133,0.2519646289888504,-0.07535563244905807,-0.15378700499807765,-0.11374086889657825,0.08421376393694734,0.08421376393694734,-0.09356401384083046,-0.15378700499807765,-0.07972318339100345,-0.022206843521722412,-0.03844675124951941,0.17279507881584008,-0.03543252595155709,0.08882737408688965,-0.09842368319876971,0.04822760476739715,0.11374086889657825,-0.16633602460592078,0.05911572472126105,0.07111111111111111,-0.044844290657439445,0.22145328719723184,-0.07972318339100345,-0.03254133025759323,-0.044844290657439445,0.2288965782391388,-0.002214532871972318,-0.13016532103037293,0.09842368319876971,0.2679584775086506,-0.0271280276816609,0.03254133025759323,0.08882737408688965,0.09356401384083046,-0.11909265667051133,0.13588619761630144,-0.16000000000000003,0.29287197231833906,-0.19986159169550174,-0.04822760476739715,0.04822760476739715,0.16633602460592078,-0.14173010380622836,-0.06698961937716265,0.14173010380622836,-0.13016532103037293,-0.06698961937716265,0.09842368319876971,0.0271280276816609,-0.041584006151480196,-0.010396001537870049,-0.13588619761630144,0.08421376393694734,0.2599000384467512
IDW_SR_22,Unknown,24.1001144404421,90.36870159211306,,0.0299548877787128,11.668504584829908,0.0202150775615375,4.661204560923393,48.008635282014225,31.76760127184209,72.49509673122265,12.260953373460415,3.478215474367305,78.66055890539735,33.88544471356051,27.46758063787142,40.7462981271493,31.450022386166843,36257.687970703584,181.65976023057925,0.008858131487889272,-0.17937716262975778,0.044844290657439445,0.03844675124951941,-0.022206843521722412,0.10340638216070744,-0.012056901191849288,0.04822760476739715,-0.06698961937716265,0.16000000000000003,0.2761399461745483,-0.05173394848135333,-0.14173010380622836,-0.12456747404844293,0.041584006151480196,0.09356401384083046,-0.09356401384083046,-0.2069357939254133,-0.08421376393694734,-0.04822760476739715,-0.07111111111111111,0.186082276047674,-0.08421376393694734,0.041584006151480196,-0.17279507881584008,0.007443291041906958,0.07111111111111111,-0.1085121107266436,0.0629911572472126,0.04822760476739715,0.006151480199923107,0.2069357939254133,-0.10340638216070744,-0.017777777777777778,0.01574778931180315,0.2519646289888504,-0.03543252595155709,-0.14173010380622836,0.003014225297962322,0.2599000384467512,-0.04822760476739715,0.0629911572472126,0.11909265667051133,0.09842368319876971,-0.09356401384083046,0.21413302575932336,-0.11909265667051133,0.24415224913494812,-0.21413302575932336,-0.10340638216070744,-0.012056901191849288,0.13016532103037293,-0.17937716262975778,-0.05536332179930796,0.09842368319876971,-0.186082276047674,-0.05536332179930796,0.04822760476739715,0.07535563244905807,-0.05536332179930796,-0.007443291041906958,-0.186082276047674,0.10340638216070744,0.2288965782391388
IDW_SR_23,Unknown,23.81662245647921,90.10334916624168,,0.0295713476512994,8.91976758005423,0.0221706066199286,4.121270199180642,60.43390194817916,29.75708349755775,67.31946458018538,13.370717604784506,2.850969388029589,64.51829549814359,32.51398778093197,33.76859074026757,37.90874604804415,27.687988380506145,33486.482124852686,160.2735447499772,0.0271280276816609,-0.11909265667051133,0.05911572472126105,0.05173394848135333,-0.029773164167627833,0.14173010380622836,0.05173394848135333,0.019930795847750864,-0.019930795847750864,0.2288965782391388,0.2364628988850442,-0.0629911572472126,-0.17937716262975778,-0.09842368319876971,0.05173394848135333,0.13016532103037293,-0.09356401384083046,-0.19986159169550174,-0.09356401384083046,-0.04822760476739715,-0.04822760476739715,0.22145328719723184,-0.07111111111111111,0.07535563244905807,-0.1085121107266436,0.04822760476739715,0.13588619761630144,-0.09356401384083046,0.05911572472126105,0.017777777777777778,-0.01574778931180315,0.19986159169550174,-0.06698961937716265,-0.01574778931180315,0.007443291041906958,0.2599000384467512,-0.01384083044982699,-0.11374086889657825,0.07111111111111111,0.2288965782391388,-0.07972318339100345,0.08882737408688965,0.1085121107266436,0.09356401384083046,-0.11374086889657825,0.17279507881584008,-0.15378700499807765,0.2761399461745483,-0.1929104190695886,-0.07535563244905807,0.007443291041906958,0.13016532103037293,-0.1085121107266436,-0.07535563244905807,0.17279507881584008,-0.16633602460592078,-0.10340638216070744,0.08421376393694734,0.03254133025759323,-0.05536332179930796,0.01384083044982699,-0.15378700499807765,0.06698961937716265,0.2364628988850442
IDW_SR_24,Unknown,23.79383373328925,90.09341709216922,,0.0316932659561189,9.188693449865196,0.0240305986532403,4.311921922394612,59.21347905353849,30.141765523858645,69.22612544540469,13.63083608714907,2.856727460128995,65.44882932367472,32.59921392859085,34.9414259812326,37.02548185441189,27.417291589039085,33673.15273089155,162.26330808007322,0.03543252595155709,-0.15378700499807765,0.07972318339100345,0.008858131487889272,-0.04822760476739715,0.14769703960015382,0.007443291041906958,0.01574778931180315,-0.05536332179930796,0.2761399461745483,0.2679584775086506,-0.05536332179930796,-0.2288965782391388,-0.10340638216070744,0.03844675124951941,0.11909265667051133,-0.05911572472126105,-0.16633602460592078,-0.12456747404844293,-0.06698961937716265,-0.029773164167627833,0.22145328719723184,-0.03543252595155709,0.044844290657439445,-0.10340638216070744,0.09842368319876971,0.06698961937716265,-0.08421376393694734,0.06698961937716265,0.13588619761630144,-0.0271280276816609,0.11374086889657825,-0.012056901191849288,-0.03254133025759323,-0.012056901191849288,0.2519646289888504,0.008858131487889272,-0.09356401384083046,0.08421376393694734,0.2288965782391388,-0.08421376393694734,0.05911572472126105,0.07535563244905807,0.13588619761630144,-0.10340638216070744,0.11374086889657825,-0.08421376393694734,0.3188927335640138,-0.15378700499807765,-0.03254133025759323,0.03543252595155709,0.12456747404844293,-0.10340638216070744,-0.08882737408688965,0.22145328719723184,-0.15378700499807765,-0.13016532103037293,0.11374086889657825,0.05911572472126105,-0.05173394848135333,0.004982698961937716,-0.14769703960015382,0.07535563244905807,0.21413302575932336
IDW_SR_25,Unknown,23.706580710760168,90.21764339627047,,0.0527966749355612,9.499794886323071,0.0469917683116914,5.177446863683059,57.76775386178831,29.934701838116993,75.43537220932514,16.529891018882942,2.2861998640175836,60.24254185129887,32.50979223757295,48.5036324843869,29.603161528419772,21.292100113298325,32650.98050293461,156.13247548841218,0.006151480199923107,-0.14769703960015382,0.05536332179930796,0.0629911572472126,-0.01384083044982699,0.14173010380622836,-0.022206843521722412,0.044844290657439445,-0.029773164167627833,0.17937716262975778,0.2679584775086506,-0.03844675124951941,-0.19986159169550174,-0.09356401384083046,0.041584006151480196,0.08882737408688965,-0.14173010380622836,-0.2069357939254133,-0.12456747404844293,-0.07111111111111111,-0.08421376393694734,0.17279507881584008,-0.05536332179930796,0.09842368319876971,-0.13588619761630144,0.05536332179930796,0.0629911572472126,-0.10340638216070744,0.03844675124951941,0.07111111111111111,0.019930795847750864,0.13588619761630144,-0.0629911572472126,0.022206843521722412,0.008858131487889272,0.2761399461745483,0.017777777777777778,-0.10340638216070744,0.06698961937716265,0.2519646289888504,-0.03844675124951941,0.044844290657439445,0.11909265667051133,0.12456747404844293,-0.12456747404844293,0.17279507881584008,-0.1085121107266436,0.2761399461745483,-0.2069357939254133,-0.05173394848135333,-0.029773164167627833,0.11909265667051133,-0.1085121107266436,-0.07972318339100345,0.15378700499807765,-0.17937716262975778,-0.10340638216070744,0.07111111111111111,0.029773164167627833,-0.05536332179930796,-0.041584006151480196,-0.17937716262975778,0.08882737408688965,0.2599000384467512
IDW_SR_26,Unknown,23.89216755942142,90.141170049111,,0.0208058312414207,8.104796942760423,0.0158857040608145,3.362556118478076,67.16720434401006,27.23385652539477,59.8243809066891,11.874354127771891,2.869435014734018,61.74818611974019,32.35854548471495,28.16537031390519,41.71891028689369,29.52146131138283,32830.37727444952,154.01276918640212,0.012056901191849288,-0.06698961937716265,0.22145328719723184,-0.03254133025759323,-0.0629911572472126,0.10340638216070744,-0.08421376393694734,0.017777777777777778,-0.12456747404844293,0.17937716262975778,0.11909265667051133,0.01384083044982699,-0.3188927335640138,-0.03844675124951941,-0.03543252595155709,0.12456747404844293,-0.17937716262975778,0.022206843521722412,-0.09356401384083046,-0.07535563244905807,-0.2599000384467512,0.37425605536332185,-0.012056901191849288,-0.019930795847750864,0.05536332179930796,0.2364628988850442,0.0271280276816609,0.003014225297962322,-0.05911572472126105,0.12456747404844293,0.08421376393694734,0.017777777777777778,-0.0629911572472126,0.022206843521722412,0.07535563244905807,0.186082276047674,-0.16633602460592078,0.05911572472126105,0.10340638216070744,0.01384083044982699,0.03254133025759323,0.16633602460592078,-0.1929104190695886,0.2364628988850442,0.04822760476739715,0.1085121107266436,0.06698961937716265,0.11374086889657825,-0.07535563244905807,0.12456747404844293,0.044844290657439445,0.14173010380622836,-0.03254133025759323,-0.09842368319876971,0.2364628988850442,-0.14173010380622836,-0.07535563244905807,0.008858131487889272,-0.09356401384083046,-0.0629911572472126,0.03844675124951941,-0.07972318339100345,-0.007443291041906958,0.08421376393694734
IDW_SR_27,Unknown,23.589925489554616,90.4176965406939,,0.025992390330226,17.10248988345147,0.0348027718476024,8.32229250464483,62.36650137227802,29.81001980405773,99.80584002016082,15.274844656568089,3.634375435699485,74.92033689096226,34.419804577313045,22.87857252121492,44.40339160152067,32.833900127185885,40073.43826891932,190.96220297441124,0.044844290657439445,-0.12456747404844293,0.07535563244905807,0.04822760476739715,-0.0629911572472126,0.14173010380622836,0.017777777777777778,-0.044844290657439445,-0.044844290657439445,0.2519646289888504,0.22145328719723184,-0.01574778931180315,-0.19986159169550174,-0.10340638216070744,0.010396001537870049,0.17937716262975778,-0.13588619761630144,-0.17279507881584008,-0.17937716262975778,-0.0629911572472126,-0.14173010380622836,0.2288965782391388,-0.09842368319876971,0.09842368319876971,-0.08882737408688965,0.11374086889657825,0.07535563244905807,-0.03844675124951941,0.03543252595155709,0.08421376393694734,-0.006151480199923107,0.09356401384083046,-0.07972318339100345,-0.006151480199923107,0.06698961937716265,0.2679584775086506,-0.003936947327950788,-0.09356401384083046,0.07972318339100345,0.1929104190695886,-0.0629911572472126,0.11909265667051133,0.08421376393694734,0.12456747404844293,-0.07972318339100345,0.186082276047674,-0.08421376393694734,0.2679584775086506,-0.17279507881584008,-0.05173394848135333,0.007443291041906958,0.09356401384083046,-0.0629911572472126,-0.11374086889657825,0.186082276047674,-0.17937716262975778,-0.09842368319876971,0.07535563244905807,-0.01574778931180315,-0.0271280276816609,-0.044844290657439445,-0.186082276047674,0.11374086889657825,0.19986159169550174
IDW_SR_28,Unknown,23.67066329795117,90.02331545332937,,0.0359947649190524,10.538146488066438,0.0291636743635057,4.955340196676763,55.90981808265579,31.028149712504103,76.44967914184625,13.891193377465264,3.0510331758817673,70.60678993373007,33.08411335581738,36.26879495228768,35.340609924004696,27.77141051648678,35046.97762580372,172.58930643246558,0.022206843521722412,-0.17279507881584008,-0.006151480199923107,0.05911572472126105,-0.019930795847750864,0.11909265667051133,0.03254133025759323,0.07972318339100345,-0.07535563244905807,0.24415224913494812,0.2288965782391388,-0.09842368319876971,-0.19986159169550174,-0.1085121107266436,0.04822760476739715,0.07111111111111111,-0.044844290657439445,-0.17937716262975778,-0.03543252595155709,-0.041584006151480196,-0.012056901191849288,0.2069357939254133,-0.007443291041906958,0.07972318339100345,-0.10340638216070744,-0.006151480199923107,0.07111111111111111,-0.17279507881584008,0.019930795847750864,0.03543252595155709,-0.01574778931180315,0.24415224913494812,0.0629911572472126,-0.03254133025759323,-0.017777777777777778,0.19986159169550174,0.04822760476739715,-0.07535563244905807,0.07111111111111111,0.2288965782391388,-0.029773164167627833,-0.000984236831987697,0.13016532103037293,0.08882737408688965,-0.14173010380622836,0.13588619761630144,-0.15378700499807765,0.2761399461745483,-0.19986159169550174,-0.03543252595155709,0.05536332179930796,0.1929104190695886,-0.17279507881584008,-0.09356401384083046,0.16633602460592078,-0.1085121107266436,-0.044844290657439445,0.14173010380622836,0.03254133025759323,-0.044844290657439445,0.008858131487889272,-0.1929104190695886,0.029773164167627833,0.2519646289888504
IDW_SR_29,Unknown,23.643177557448645,90.43386240640017,,0.0537613905985268,9.561457528479709,0.0194050483839697,8.11185338691406,71.71488412898694,43.2187559049117,121.21005244452284,11.587550647451412,5.926349951941831,125.04661490556316,34.6064854889929,19.479572685793354,35.890199346787234,44.14963620450719,42684.91134972476,285.0044705498077,0.022206843521722412,-0.2069357939254133,0.10340638216070744,0.03543252595155709,-0.029773164167627833,0.09842368319876971,0.003014225297962322,0.03844675124951941,-0.05536332179930796,0.2288965782391388,0.24415224913494812,0.029773164167627833,-0.1929104190695886,-0.08421376393694734,0.06698961937716265,0.09842368319876971,-0.11909265667051133,-0.14769703960015382,-0.16000000000000003,-0.08421376393694734,-0.05536332179930796,0.1929104190695886,-0.10340638216070744,0.05173394848135333,-0.07535563244905807,0.10340638216070744,0.1085121107266436,-0.10340638216070744,0.07111111111111111,0.16633602460592078,-0.041584006151480196,0.13016532103037293,-0.16000000000000003,0.017777777777777778,0.017777777777777778,0.21413302575932336,-0.017777777777777778,-0.08882737408688965,0.15378700499807765,0.22145328719723184,-0.06698961937716265,0.07111111111111111,0.05536332179930796,0.1085121107266436,-0.11909265667051133,0.16633602460592078,-0.05911572472126105,0.2679584775086506,-0.186082276047674,-0.06698961937716265,0.05173394848135333,0.15378700499807765,-0.11374086889657825,-0.13588619761630144,0.16633602460592078,-0.1929104190695886,-0.13016532103037293,0.03254133025759323,0.01574778931180315,-0.04822760476739715,0.002214532871972318,-0.12456747404844293,0.11374086889657825,0.21413302575932336
IDW_SR_30,Unknown,23.760363728580693,90.26520979845176,,0.0578574525109817,5.295984040272881,0.0297682703546294,5.334716347798525,55.72894367879263,29.151543672507625,70.38596532723246,17.39253789796682,2.0940840662698252,52.430630674464304,31.91945033860744,51.841606314815415,29.22814346790836,20.68622519042592,27946.27275957429,141.46976188327403,0.04822760476739715,-0.11374086889657825,0.08421376393694734,0.09356401384083046,0.008858131487889272,0.14769703960015382,0.08421376393694734,0.017777777777777778,-0.0271280276816609,0.2364628988850442,0.21413302575932336,-0.03844675124951941,-0.16633602460592078,-0.10340638216070744,0.06698961937716265,0.09356401384083046,-0.11909265667051133,-0.17279507881584008,-0.10340638216070744,-0.06698961937716265,-0.06698961937716265,0.186082276047674,-0.07972318339100345,0.09356401384083046,-0.05911572472126105,0.05911572472126105,0.14173010380622836,-0.07535563244905807,0.044844290657439445,0.007443291041906958,-0.0271280276816609,0.22145328719723184,-0.05536332179930796,0.01384083044982699,-0.012056901191849288,0.29287197231833906,-0.017777777777777778,-0.13016532103037293,0.08421376393694734,0.21413302575932336,-0.019930795847750864,0.08421376393694734,0.08882737408688965,0.09356401384083046,-0.08421376393694734,0.15378700499807765,-0.17279507881584008,0.2761399461745483,-0.2069357939254133,-0.07972318339100345,-0.0015378700499807767,0.11909265667051133,-0.09842368319876971,-0.08882737408688965,0.186082276047674,-0.17279507881584008,-0.10340638216070744,0.09356401384083046,-0.006151480199923107,-0.05911572472126105,-0.01384083044982699,-0.14173010380622836,0.09842368319876971,0.2599000384467512
IDW_SR_31,Unknown,24.003759698692324,90.3522104740764,,0.0329105333334541,13.12632123482997,0.0189947310058926,4.965445191451867,46.13948755131048,32.26058224984674,70.94167852063258,12.033695994298972,3.237668170225485,80.91199392064013,33.81235381638399,25.831841220257235,41.99560006277459,31.764904246818784,37108.054463830216,183.58725995977767,0.07972318339100345,-0.05173394848135333,0.14173010380622836,0.07111111111111111,-0.0271280276816609,0.08421376393694734,0.13016532103037293,-0.1085121107266436,-0.012056901191849288,0.2679584775086506,0.2069357939254133,-0.007443291041906958,-0.2069357939254133,-0.17279507881584008,0.022206843521722412,0.11909265667051133,-0.04822760476739715,-0.13016532103037293,-0.186082276047674,-0.044844290657439445,-0.07535563244905807,0.2679584775086506,-0.010396001537870049,0.14173010380622836,0.022206843521722412,0.14173010380622836,0.13588619761630144,0.14173010380622836,0.05911572472126105,0.0271280276816609,-0.010396001537870049,0.09842368319876971,0.01384083044982699,-0.044844290657439445,0.05911572472126105,0.3014225297962323,-0.07111111111111111,-0.1085121107266436,0.12456747404844293,0.09356401384083046,-0.022206843521722412,0.09842368319876971,0.007443291041906958,0.13588619761630144,-0.029773164167627833,0.14769703960015382,-0.05911572472126105,0.2761399461745483,-0.10340638216070744,0.04822760476739715,-0.06698961937716265,0.08882737408688965,-0.041584006151480196,-0.1085121107266436,0.29287197231833906,-0.12456747404844293,-0.17279507881584008,0.10340638216070744,-0.0629911572472126,-0.01574778931180315,-0.0271280276816609,-0.11909265667051133,0.10340638216070744,0.14769703960015382
IDW_SR_32,Unknown,23.716521464531127,90.21138674261438,,0.0515982550673502,8.663175884499822,0.0413038531364245,5.140307432684887,57.47952754275775,29.891564476321772,74.02281274158813,16.425705585815827,2.305285074669502,59.19835773604208,32.400060790125224,47.971628024860465,30.10867628855422,21.74586310997744,31831.98114383652,153.90843441394048,0.0015378700499807767,-0.16000000000000003,0.05911572472126105,0.044844290657439445,-0.01574778931180315,0.186082276047674,-0.041584006151480196,0.03254133025759323,-0.04822760476739715,0.2364628988850442,0.2761399461745483,-0.022206843521722412,-0.2069357939254133,-0.05911572472126105,0.05173394848135333,0.10340638216070744,-0.12456747404844293,-0.186082276047674,-0.14769703960015382,-0.07535563244905807,-0.07972318339100345,0.16633602460592078,-0.0629911572472126,0.0629911572472126,-0.11909265667051133,0.07111111111111111,0.06698961937716265,-0.1085121107266436,0.04822760476739715,0.12456747404844293,0.007443291041906958,0.16000000000000003,-0.07111111111111111,-0.0271280276816609,-0.03543252595155709,0.2364628988850442,0.007443291041906958,-0.13588619761630144,0.08421376393694734,0.2761399461745483,-0.029773164167627833,0.07111111111111111,0.10340638216070744,0.11374086889657825,-0.09842368319876971,0.16633602460592078,-0.04822760476739715,0.2519646289888504,-0.1929104190695886,-0.09842368319876971,0.010396001537870049,0.1085121107266436,-0.11374086889657825,-0.09356401384083046,0.15378700499807765,-0.186082276047674,-0.09842368319876971,0.06698961937716265,0.0271280276816609,-0.0629911572472126,-0.004982698961937716,-0.17279507881584008,0.11374086889657825,0.1929104190695886
IDW_SR_33,Unknown,23.58540551703465,90.42166655387342,,0.027288103288628,16.517582197339003,0.0329672096965156,8.371191393996206,61.51726470516178,31.11773995310877,99.7151716895292,14.947469816898892,3.896369332097234,78.06667837995381,34.42924445387738,23.458236318140667,42.8599267357917,33.624832643935726,39646.59636722016,196.24212126500504,0.04822760476739715,-0.09356401384083046,0.09842368319876971,0.05536332179930796,-0.029773164167627833,0.1085121107266436,0.03254133025759323,-0.04822760476739715,-0.01574778931180315,0.2288965782391388,0.2679584775086506,0.0005536332179930795,-0.17937716262975778,-0.07535563244905807,0.008858131487889272,0.12456747404844293,-0.1085121107266436,-0.1929104190695886,-0.17937716262975778,-0.08421376393694734,-0.11909265667051133,0.21413302575932336,-0.07535563244905807,0.07972318339100345,-0.1085121107266436,0.07535563244905807,0.09356401384083046,0.01574778931180315,0.010396001537870049,0.022206843521722412,0.03844675124951941,0.13016532103037293,-0.12456747404844293,-0.029773164167627833,0.003936947327950788,0.2761399461745483,-0.08882737408688965,-0.07535563244905807,0.09842368319876971,0.24415224913494812,-0.022206843521722412,0.13588619761630144,0.13588619761630144,0.11374086889657825,-0.09842368319876971,0.19986159169550174,-0.11374086889657825,0.2519646289888504,-0.186082276047674,-0.10340638216070744,-0.0271280276816609,0.11374086889657825,-0.029773164167627833,-0.07111111111111111,0.15378700499807765,-0.186082276047674,-0.1085121107266436,0.07111111111111111,-0.017777777777777778,-0.03844675124951941,-0.019930795847750864,-0.17279507881584008,0.09356401384083046,0.2069357939254133
IDW_SR_34,Unknown,23.61238350037364,90.42666797381452,,0.0290897220905347,16.31641496435727,0.032798532366734,8.445567954634452,64.32712763380631,31.755966030067505,103.74681008159112,14.869920460410803,3.9971018272093617,82.34237434497663,34.51264692457246,21.165770497304443,44.13787854737609,34.79992970561362,40673.09981990507,205.4301107523909,0.06698961937716265,-0.21413302575932336,0.05911572472126105,0.03254133025759323,-0.05173394848135333,0.10340638216070744,0.029773164167627833,-0.019930795847750864,-0.041584006151480196,0.17937716262975778,0.2599000384467512,-0.041584006151480196,-0.17937716262975778,-0.13016532103037293,0.0629911572472126,0.1085121107266436,-0.07535563244905807,-0.16633602460592078,-0.13016532103037293,-0.03844675124951941,-0.0629911572472126,0.19986159169550174,-0.09356401384083046,0.07535563244905807,-0.14173010380622836,0.08882737408688965,0.09842368319876971,-0.09842368319876971,0.07972318339100345,0.07972318339100345,0.022206843521722412,0.13588619761630144,-0.11909265667051133,-0.03254133025759323,0.029773164167627833,0.24415224913494812,-0.07111111111111111,-0.14769703960015382,0.07535563244905807,0.2364628988850442,-0.05536332179930796,0.07972318339100345,0.07972318339100345,0.08421376393694734,-0.1085121107266436,0.15378700499807765,-0.15378700499807765,0.2679584775086506,-0.2288965782391388,-0.03844675124951941,0.006151480199923107,0.14769703960015382,-0.15378700499807765,-0.07535563244905807,0.14769703960015382,-0.13588619761630144,-0.019930795847750864,0.07972318339100345,0.019930795847750864,-0.019930795847750864,-0.006151480199923107,-0.17279507881584008,0.04822760476739715,0.2679584775086506
IDW_SR_35,Unknown,23.633058444331937,90.38182521172472,,0.0049100910906955,25.01031560279122,0.053081502160961,8.83928097593248,68.72088746793119,16.256703223215137,97.0927420609986,19.37453651387776,1.1803333849844644,37.413457776188466,34.47925507291583,13.720440787888975,62.59521421955881,25.488239403435447,43186.6576932807,127.49226201364978,0.019930795847750864,-0.19986159169550174,0.03254133025759323,0.04822760476739715,-0.041584006151480196,0.13588619761630144,0.012056901191849288,0.05173394848135333,-0.05173394848135333,0.1929104190695886,0.2599000384467512,-0.07111111111111111,-0.17279507881584008,-0.10340638216070744,0.0629911572472126,0.09356401384083046,-0.07111111111111111,-0.17279507881584008,-0.08882737408688965,-0.024605920799692427,-0.024605920799692427,0.1929104190695886,-0.03543252595155709,0.07111111111111111,-0.13588619761630144,0.03543252595155709,0.1085121107266436,-0.15378700499807765,0.07111111111111111,0.05536332179930796,-0.003936947327950788,0.22145328719723184,-0.08882737408688965,-0.010396001537870049,-0.024605920799692427,0.2288965782391388,0.007443291041906958,-0.13016532103037293,0.07111111111111111,0.2679584775086506,-0.03254133025759323,0.044844290657439445,0.12456747404844293,0.11374086889657825,-0.11909265667051133,0.16000000000000003,-0.15378700499807765,0.2679584775086506,-0.21413302575932336,-0.07111111111111111,0.03844675124951941,0.15378700499807765,-0.13588619761630144,-0.05536332179930796,0.13016532103037293,-0.12456747404844293,-0.03844675124951941,0.1085121107266436,0.044844290657439445,-0.044844290657439445,-0.010396001537870049,-0.16000000000000003,0.05536332179930796,0.2599000384467512
IDW_SR_36,Unknown,23.866079992293216,90.55374166004364,,0.0066141260539577,3.7159690215763552,0.0071103371637788,1.382209740618532,44.91546033093877,21.87393576012928,72.33456610836849,14.015475251106082,6.97568205700115,74.22146009329269,36.659554547544715,19.893295703414164,54.35272530499921,27.61045688112816,31928.166035456667,179.30694901114407,0.019930795847750864,-0.1929104190695886,0.03254133025759323,0.05536332179930796,-0.012056901191849288,0.14173010380622836,0.010396001537870049,0.07111111111111111,-0.024605920799692427,0.1929104190695886,0.2679584775086506,-0.09356401384083046,-0.17279507881584008,-0.11374086889657825,0.06698961937716265,0.05911572472126105,-0.08882737408688965,-0.186082276047674,-0.0629911572472126,-0.017777777777777778,-0.0271280276816609,0.17279507881584008,-0.022206843521722412,0.08421376393694734,-0.09356401384083046,0.041584006151480196,0.1085121107266436,-0.15378700499807765,0.041584006151480196,0.04822760476739715,-0.017777777777777778,0.21413302575932336,-0.07111111111111111,-0.010396001537870049,-0.03254133025759323,0.24415224913494812,0.01384083044982699,-0.13016532103037293,0.09842368319876971,0.2679584775086506,-0.03543252595155709,0.017777777777777778,0.09356401384083046,0.12456747404844293,-0.10340638216070744,0.13588619761630144,-0.15378700499807765,0.29287197231833906,-0.19986159169550174,-0.03543252595155709,0.01384083044982699,0.16633602460592078,-0.13588619761630144,-0.024605920799692427,0.16000000000000003,-0.13016532103037293,-0.08882737408688965,0.10340638216070744,0.03543252595155709,-0.06698961937716265,-0.007443291041906958,-0.12456747404844293,0.05911572472126105,0.2761399461745483
IDW_SR_37,Unknown,23.808754831776525,90.1042876120621,,0.0302307662938488,8.950670716983378,0.0226880666404142,4.1717930172691045,60.12809707865547,29.875965722275673,67.76275030625092,13.480015759217787,2.841572843810539,64.53904300721084,32.518005703352046,34.249839477793785,37.59248996216376,27.525643792784592,33479.126263581275,160.43460265268772,0.041584006151480196,-0.1085121107266436,0.1085121107266436,0.044844290657439445,-0.024605920799692427,0.15378700499807765,0.04822760476739715,0.00024605920799692423,-0.044844290657439445,0.2679584775086506,0.2364628988850442,-0.041584006151480196,-0.1929104190695886,-0.11374086889657825,0.05911572472126105,0.13588619761630144,-0.07972318339100345,-0.16633602460592078,-0.12456747404844293,-0.05536332179930796,-0.05173394848135333,0.2069357939254133,-0.05911572472126105,0.07972318339100345,-0.09356401384083046,0.09356401384083046,0.10340638216070744,-0.07111111111111111,0.07972318339100345,0.07972318339100345,-0.024605920799692427,0.14769703960015382,-0.05536332179930796,-0.01574778931180315,0.03543252595155709,0.2761399461745483,0.010396001537870049,-0.13016532103037293,0.04822760476739715,0.22145328719723184,-0.08882737408688965,0.08882737408688965,0.05173394848135333,0.13016532103037293,-0.07535563244905807,0.16633602460592078,-0.11374086889657825,0.28444444444444444,-0.186082276047674,-0.05536332179930796,0.010396001537870049,0.11909265667051133,-0.11909265667051133,-0.11374086889657825,0.22145328719723184,-0.17279507881584008,-0.11909265667051133,0.1085121107266436,0.029773164167627833,-0.044844290657439445,-0.010396001537870049,-0.16633602460592078,0.07972318339100345,0.19986159169550174
IDW_SR_38,Unknown,23.99030598636576,90.21635891069415,,0.0201548353546149,9.227656525261835,0.0149220670713405,3.5190731273526223,66.12289301403578,27.099118443809168,59.36803225549177,11.062943553601915,2.9580730329403053,66.08963129229393,32.798173680363156,25.68124064341994,42.378978826502475,31.527160474724933,33129.979311125164,160.0491231820368,0.08421376393694734,-0.01384083044982699,0.17279507881584008,0.08882737408688965,-0.01574778931180315,0.11374086889657825,0.13016532103037293,-0.07535563244905807,0.019930795847750864,0.2288965782391388,0.2364628988850442,-0.019930795847750864,-0.21413302575932336,-0.14769703960015382,0.022206843521722412,0.1085121107266436,-0.1085121107266436,-0.21413302575932336,-0.16000000000000003,-0.08421376393694734,-0.09842368319876971,0.24415224913494812,-0.06698961937716265,0.09356401384083046,0.007443291041906958,0.11374086889657825,0.12456747404844293,0.07111111111111111,0.022206843521722412,0.029773164167627833,-0.024605920799692427,0.15378700499807765,-0.008858131487889272,0.03844675124951941,0.008858131487889272,0.3278123798539023,-0.03844675124951941,-0.07535563244905807,0.14173010380622836,0.14769703960015382,-0.024605920799692427,0.12456747404844293,0.024605920799692427,0.12456747404844293,-0.07535563244905807,0.11374086889657825,-0.09842368319876971,0.2599000384467512,-0.09356401384083046,-0.017777777777777778,-0.03844675124951941,0.10340638216070744,-0.03254133025759323,-0.09356401384083046,0.24415224913494812,-0.16000000000000003,-0.17279507881584008,0.09356401384083046,-0.041584006151480196,-0.01384083044982699,-0.0271280276816609,-0.09356401384083046,0.10340638216070744,0.186082276047674
IDW_SR_39,Unknown,23.721661924964742,90.26664631177808,,0.0639453712123866,11.685745215979171,0.0800122586227415,5.118254188864653,60.22964426344072,30.33374277061385,75.37781815219559,18.602824879343263,1.901699396591198,58.00166522524402,32.657878932122884,54.854460524062226,26.743567765854714,16.07091455716528,33677.998373267656,153.63194340176594,0.008858131487889272,-0.14173010380622836,0.04822760476739715,0.05911572472126105,-0.010396001537870049,0.16000000000000003,-0.0015378700499807767,0.07111111111111111,-0.03543252595155709,0.22145328719723184,0.2519646289888504,-0.04822760476739715,-0.17279507881584008,-0.06698961937716265,0.041584006151480196,0.0629911572472126,-0.13016532103037293,-0.2069357939254133,-0.09842368319876971,-0.07535563244905807,-0.0629911572472126,0.16633602460592078,-0.04822760476739715,0.09356401384083046,-0.11374086889657825,0.044844290657439445,0.08882737408688965,-0.13016532103037293,0.04822760476739715,0.04822760476739715,-0.022206843521722412,0.21413302575932336,-0.07535563244905807,0.017777777777777778,-0.0271280276816609,0.24415224913494812,0.029773164167627833,-0.10340638216070744,0.09356401384083046,0.2599000384467512,-0.0271280276816609,0.041584006151480196,0.12456747404844293,0.09356401384083046,-0.11374086889657825,0.16633602460592078,-0.13588619761630144,0.2679584775086506,-0.19986159169550174,-0.08421376393694734,-6.151480199923106e-05,0.14769703960015382,-0.08882737408688965,-0.06698961937716265,0.12456747404844293,-0.17937716262975778,-0.1085121107266436,0.08421376393694734,0.03844675124951941,-0.09356401384083046,-0.03844675124951941,-0.14769703960015382,0.1085121107266436,0.2679584775086506
IDW_SR_40,Unknown,23.808691334248223,90.54289195557912,,0.0046695112502435,3.3370873229327422,0.0075355637354908,1.2411055442978451,43.1496903455464,21.718529435654062,71.35869214966064,13.6982885459797,6.924667678193671,71.73622203250156,36.82639136431739,20.598583645461066,53.71260333660271,27.54695848211631,31498.71145417033,174.31259962112813,0.04822760476739715,-0.19986159169550174,0.0629911572472126,0.03844675124951941,-0.044844290657439445,0.11374086889657825,0.041584006151480196,0.029773164167627833,-0.07535563244905807,0.186082276047674,0.2519646289888504,-0.05911572472126105,-0.16000000000000003,-0.13588619761630144,0.04822760476739715,0.07972318339100345,-0.05173394848135333,-0.15378700499807765,-0.10340638216070744,-0.03254133025759323,-0.03543252595155709,0.2069357939254133,-0.07535563244905807,0.09842368319876971,-0.11374086889657825,0.05536332179930796,0.07535563244905807,-0.11909265667051133,0.09356401384083046,0.07972318339100345,-0.017777777777777778,0.17937716262975778,-0.10340638216070744,-0.03543252595155709,0.03254133025759323,0.2364628988850442,-0.041584006151480196,-0.16000000000000003,0.0629911572472126,0.2288965782391388,-0.05911572472126105,0.03844675124951941,0.07972318339100345,0.1085121107266436,-0.09356401384083046,0.17279507881584008,-0.16633602460592078,0.28444444444444444,-0.22145328719723184,-0.041584006151480196,-0.003936947327950788,0.14769703960015382,-0.16633602460592078,-0.06698961937716265,0.16000000000000003,-0.14769703960015382,-0.029773164167627833,0.08421376393694734,0.019930795847750864,-0.03844675124951941,-0.010396001537870049,-0.17279507881584008,0.07535563244905807,0.2679584775086506
IDW_SR_41,Unknown,23.93402389230049,90.08674936230244,,0.0252145309099728,9.21191307175283,0.0189781697249522,3.8763207643458,61.88249266969521,28.856001414537943,64.99969940094152,12.297900303800184,2.9972773508858905,66.7671903646663,32.73825734641275,29.51266623648697,40.25932892107947,29.684413904852267,33820.25501356258,162.938393757889,0.03844675124951941,-0.13588619761630144,0.03543252595155709,0.019930795847750864,-0.0271280276816609,0.13588619761630144,-0.003936947327950788,0.004982698961937716,-0.012056901191849288,0.2364628988850442,0.2599000384467512,-0.05536332179930796,-0.21413302575932336,-0.08882737408688965,0.05536332179930796,0.11909265667051133,-0.13588619761630144,-0.16000000000000003,-0.13016532103037293,-0.09356401384083046,-0.07535563244905807,0.2364628988850442,-0.07535563244905807,0.07111111111111111,-0.12456747404844293,0.05536332179930796,0.06698961937716265,-0.09356401384083046,0.0629911572472126,0.07972318339100345,-0.01574778931180315,0.13588619761630144,-0.09842368319876971,-0.03543252595155709,0.01574778931180315,0.24415224913494812,-0.03543252595155709,-0.09842368319876971,0.07535563244905807,0.24415224913494812,-0.06698961937716265,0.08882737408688965,0.09356401384083046,0.13016532103037293,-0.14769703960015382,0.16633602460592078,-0.11909265667051133,0.24415224913494812,-0.1929104190695886,-0.0629911572472126,0.03254133025759323,0.13588619761630144,-0.07535563244905807,-0.1085121107266436,0.14769703960015382,-0.15378700499807765,-0.11374086889657825,0.07111111111111111,0.04822760476739715,-0.05536332179930796,0.010396001537870049,-0.186082276047674,0.08421376393694734,0.24415224913494812
IDW_SR_42,Unknown,23.894001574766023,90.1433933603712,,0.0204275185465812,8.063801481992538,0.0156506233755282,3.3301781941979165,67.54600867485269,27.0968359192594,59.47122697200966,11.80533345108238,2.8678861637449096,61.57771221051755,32.35288905921813,27.95672481504958,41.85111341740986,29.603407298166623,32774.2539651291,153.66521230224828,0.022206843521722412,-0.15378700499807765,0.05911572472126105,0.03543252595155709,-0.041584006151480196,0.13588619761630144,0.003936947327950788,0.0629911572472126,-0.029773164167627833,0.186082276047674,0.2761399461745483,-0.04822760476739715,-0.17937716262975778,-0.08421376393694734,0.04822760476739715,0.09842368319876971,-0.11374086889657825,-0.21413302575932336,-0.07972318339100345,-0.05173394848135333,-0.03844675124951941,0.1929104190695886,-0.022206843521722412,0.07535563244905807,-0.13588619761630144,0.024605920799692427,0.08882737408688965,-0.14769703960015382,0.05911572472126105,0.0629911572472126,-0.003936947327950788,0.19986159169550174,-0.05911572472126105,-0.010396001537870049,-0.024605920799692427,0.24415224913494812,0.002214532871972318,-0.10340638216070744,0.06698961937716265,0.24415224913494812,-0.0629911572472126,0.05536332179930796,0.11909265667051133,0.08882737408688965,-0.13016532103037293,0.14769703960015382,-0.16000000000000003,0.2679584775086506,-0.2069357939254133,-0.08882737408688965,0.03543252595155709,0.16633602460592078,-0.13016532103037293,-0.07972318339100345,0.13016532103037293,-0.16000000000000003,-0.07972318339100345,0.09356401384083046,0.05173394848135333,-0.07111111111111111,-0.012056901191849288,-0.16000000000000003,0.05536332179930796,0.2679584775086506
IDW_SR_43,Unknown,23.582876359801496,90.4628845270679,,0.0285157221759941,15.327678284486003,0.0214740003802746,10.1234559162945,56.78115938725924,39.08566282312996,99.61366160072816,13.786406879495484,5.760372001570177,94.16264787514388,34.62993438269898,22.522379036517865,36.41377949852058,39.85739695923193,36511.25129456366,224.85407365416577,0.05536332179930796,-0.11909265667051133,0.186082276047674,0.041584006151480196,-0.03844675124951941,0.12456747404844293,0.0271280276816609,-0.022206843521722412,-0.03844675124951941,0.2364628988850442,0.2519646289888504,-0.002214532871972318,-0.19986159169550174,-0.12456747404844293,0.010396001537870049,0.13016532103037293,-0.11374086889657825,-0.17279507881584008,-0.17937716262975778,-0.06698961937716265,-0.11909265667051133,0.2069357939254133,-0.07535563244905807,0.11374086889657825,-0.05911572472126105,0.13588619761630144,0.07535563244905807,0.004982698961937716,0.04822760476739715,0.08882737408688965,0.017777777777777778,0.07972318339100345,-0.09842368319876971,0.041584006151480196,0.07972318339100345,0.3014225297962323,0.019930795847750864,-0.1085121107266436,0.08421376393694734,0.19986159169550174,-0.06698961937716265,0.11374086889657825,0.07972318339100345,0.14769703960015382,-0.08421376393694734,0.16633602460592078,-0.1085121107266436,0.2599000384467512,-0.14173010380622836,-0.006151480199923107,-0.06698961937716265,0.09356401384083046,-0.05173394848135333,-0.09356401384083046,0.19986159169550174,-0.17937716262975778,-0.09842368319876971,0.04822760476739715,-0.024605920799692427,0.0015378700499807767,-0.07111111111111111,-0.14769703960015382,0.09356401384083046,0.2069357939254133
IDW_SR_44,Unknown,23.88405835503762,90.2305709544048,,0.0061741926898352,5.081121163604371,0.0066469015156511,1.7279568278149202,83.13419919870896,21.138903772065337,46.19635133460001,9.763170833037872,2.8085277420901513,50.4120867547277,31.609825271384704,19.822982674856934,49.18936367766365,30.432985039316037,31414.7398116362,133.67880331600853,0.022206843521722412,-0.186082276047674,0.03543252595155709,0.044844290657439445,-0.022206843521722412,0.15378700499807765,-0.022206843521722412,0.03543252595155709,-0.019930795847750864,0.19986159169550174,0.2599000384467512,-0.0629911572472126,-0.16633602460592078,-0.1085121107266436,0.05911572472126105,0.09842368319876971,-0.14769703960015382,-0.19986159169550174,-0.1085121107266436,-0.03844675124951941,-0.06698961937716265,0.17279507881584008,-0.0629911572472126,0.08882737408688965,-0.13016532103037293,0.05911572472126105,0.07111111111111111,-0.13588619761630144,0.0629911572472126,0.06698961937716265,0.019930795847750864,0.17279507881584008,-0.07111111111111111,-0.012056901191849288,-0.03254133025759323,0.2679584775086506,-0.003014225297962322,-0.13016532103037293,0.10340638216070744,0.2599000384467512,-0.03844675124951941,0.07535563244905807,0.12456747404844293,0.07972318339100345,-0.10340638216070744,0.13588619761630144,-0.14769703960015382,0.2761399461745483,-0.19986159169550174,-0.0629911572472126,0.008858131487889272,0.14173010380622836,-0.13016532103037293,-0.06698961937716265,0.14173010380622836,-0.16000000000000003,-0.0629911572472126,0.08421376393694734,0.0271280276816609,-0.029773164167627833,-0.022206843521722412,-0.16000000000000003,0.08421376393694734,0.2364628988850442
IDW_SR_45,Unknown,23.894888374204086,90.2316988298273,,0.0036445399185449,5.9835854184908355,0.0073614960484267,2.037482161534423,87.65812902661305,20.442039016405,43.56659314697087,8.772170289534873,2.719303310209214,51.82704036388356,32.219017039235155,21.683185216665745,44.792558922746856,33.31498776190202,28632.296457039392,135.44426396331684,0.029773164167627833,-0.186082276047674,0.07111111111111111,0.03844675124951941,-0.019930795847750864,0.13588619761630144,0.0005536332179930795,0.044844290657439445,-0.044844290657439445,0.1929104190695886,0.24415224913494812,-0.044844290657439445,-0.15378700499807765,-0.13016532103037293,0.06698961937716265,0.10340638216070744,-0.12456747404844293,-0.17937716262975778,-0.09356401384083046,-0.06698961937716265,-0.07111111111111111,0.17279507881584008,-0.07972318339100345,0.09356401384083046,-0.11374086889657825,0.06698961937716265,0.0629911572472126,-0.13588619761630144,0.07535563244905807,0.08882737408688965,-0.0271280276816609,0.16633602460592078,-0.1085121107266436,0.01574778931180315,-0.000984236831987697,0.2679584775086506,0.01384083044982699,-0.13588619761630144,0.07111111111111111,0.2364628988850442,-0.044844290657439445,0.07535563244905807,0.09842368319876971,0.10340638216070744,-0.09356401384083046,0.16000000000000003,-0.14769703960015382,0.2761399461745483,-0.19986159169550174,-0.07535563244905807,0.003014225297962322,0.12456747404844293,-0.15378700499807765,-0.07535563244905807,0.15378700499807765,-0.1929104190695886,-0.07111111111111111,0.07972318339100345,0.04822760476739715,-0.019930795847750864,-0.008858131487889272,-0.15378700499807765,0.09842368319876971,0.2364628988850442
IDW_SR_46,Unknown,23.611309409799283,90.45859697849004,,0.0347030101441107,13.94201519475233,0.0195031856826692,10.002780093705082,60.4502929464222,41.21914752546367,105.80260645889992,13.155195567422275,6.082103266164497,104.26895107682682,34.67911464126888,20.95790749270573,35.82496429023137,42.06846880937566,37797.14681080449,244.63290743118,0.01384083044982699,-0.19986159169550174,0.0015378700499807767,0.05536332179930796,-0.0271280276816609,0.14173010380622836,-0.003936947327950788,0.07111111111111111,-0.05911572472126105,0.2069357939254133,0.2364628988850442,-0.07972318339100345,-0.17937716262975778,-0.11374086889657825,0.07111111111111111,0.06698961937716265,-0.07972318339100345,-0.14173010380622836,-0.0629911572472126,-0.006151480199923107,-0.03844675124951941,0.19986159169550174,-0.0271280276816609,0.07972318339100345,-0.12456747404844293,0.0271280276816609,0.08882737408688965,-0.17279507881584008,0.04822760476739715,0.04822760476739715,-0.01384083044982699,0.24415224913494812,-0.041584006151480196,-0.03844675124951941,-0.024605920799692427,0.21413302575932336,0.006151480199923107,-0.12456747404844293,0.09356401384083046,0.2599000384467512,-0.029773164167627833,0.01384083044982699,0.11374086889657825,0.07972318339100345,-0.12456747404844293,0.14173010380622836,-0.16000000000000003,0.2761399461745483,-0.21413302575932336,-0.05911572472126105,0.041584006151480196,0.186082276047674,-0.14769703960015382,-0.05911572472126105,0.13016532103037293,-0.11374086889657825,-0.03254133025759323,0.11909265667051133,0.03254133025759323,-0.044844290657439445,-0.01384083044982699,-0.17279507881584008,0.04822760476739715,0.28444444444444444
IDW_SR_47,Unknown,23.825385725765365,90.34503411615796,,0.0704496153364679,18.957213362981307,0.0377961618025261,3.030627669890066,13.076834568717077,39.44252190795031,87.00412123453516,10.87134161612208,3.585300506792119,168.80587892485548,32.29026808085293,19.046589993354807,29.39245592480864,50.59970208216936,47807.22300723307,317.83243214767043,0.0271280276816609,-0.21413302575932336,0.12456747404844293,-0.010396001537870049,-0.03254133025759323,0.044844290657439445,-0.0015378700499807767,-0.022206843521722412,-0.10340638216070744,0.17937716262975778,0.2679584775086506,0.0271280276816609,-0.186082276047674,-0.11374086889657825,0.041584006151480196,0.07972318339100345,-0.0629911572472126,-0.12456747404844293,-0.14173010380622836,-0.10340638216070744,-0.06698961937716265,0.2069357939254133,-0.09356401384083046,0.01574778931180315,-0.13588619761630144,0.07972318339100345,0.017777777777777778,-0.044844290657439445,0.08421376393694734,0.17937716262975778,-0.004982698961937716,0.07972318339100345,-0.17279507881584008,-0.03543252595155709,0.05173394848135333,0.19986159169550174,-0.14769703960015382,-0.14769703960015382,0.07972318339100345,0.28444444444444444,-0.03844675124951941,0.1085121107266436,0.01384083044982699,0.15378700499807765,-0.10340638216070744,0.14769703960015382,-0.03543252595155709,0.24415224913494812,-0.17937716262975778,-0.08421376393694734,0.029773164167627833,0.13588619761630144,-0.16000000000000003,-0.13016532103037293,0.15378700499807765,-0.2069357939254133,-0.1085121107266436,0.019930795847750864,0.041584006151480196,-0.04822760476739715,0.01574778931180315,-0.15378700499807765,0.07972318339100345,0.1929104190695886
IDW_SR_48,Unknown,23.58539884976713,90.42162258031864,,0.0272805953488394,16.520800207010396,0.0329794597611105,8.37033088314545,61.520021963768386,31.1085010152456,99.71164886239664,14.94939584988234,3.894444419438819,78.0428031064502,34.42900342469663,23.45858328689641,42.867444761940504,33.61792348571101,39648.507720545254,196.19952372748503,0.05173394848135333,-0.10340638216070744,0.09842368319876971,0.05173394848135333,-0.03543252595155709,0.11374086889657825,0.03844675124951941,-0.04822760476739715,-0.019930795847750864,0.2519646289888504,0.2599000384467512,0.007443291041906958,-0.17937716262975778,-0.07972318339100345,0.019930795847750864,0.13588619761630144,-0.10340638216070744,-0.186082276047674,-0.17937716262975778,-0.08882737408688965,-0.11374086889657825,0.21413302575932336,-0.07972318339100345,0.08421376393694734,-0.09842368319876971,0.07535563244905807,0.08882737408688965,0.012056901191849288,0.024605920799692427,0.03844675124951941,0.01574778931180315,0.13016532103037293,-0.12456747404844293,-0.0271280276816609,0.008858131487889272,0.2679584775086506,-0.08421376393694734,-0.08882737408688965,0.09842368319876971,0.2288965782391388,-0.022206843521722412,0.13588619761630144,0.13016532103037293,0.1085121107266436,-0.09842368319876971,0.19986159169550174,-0.10340638216070744,0.2599000384467512,-0.17937716262975778,-0.09842368319876971,-0.012056901191849288,0.10340638216070744,-0.03844675124951941,-0.08882737408688965,0.16633602460592078,-0.186082276047674,-0.1085121107266436,0.07111111111111111,-0.012056901191849288,-0.03844675124951941,-0.01384083044982699,-0.17937716262975778,0.1085121107266436,0.19986159169550174
IDW_SR_49,Unknown,23.92746409411004,90.24636174578946,,0.0070583446185238,6.986750273382725,0.0089808965918679,2.435517458275764,83.47305461594387,21.837656114522307,46.43986842675903,9.077849353170564,2.741591964417234,55.538760965683935,32.44640793080943,22.6526571063644,43.660323513316705,33.488333955592125,29240.247378255775,141.5240226474115,0.04822760476739715,-0.07535563244905807,0.14769703960015382,0.008858131487889272,-0.03543252595155709,0.11909265667051133,0.029773164167627833,-0.05536332179930796,-0.10340638216070744,0.16000000000000003,0.2519646289888504,0.000984236831987697,-0.22145328719723184,-0.11909265667051133,-0.01574778931180315,0.09842368319876971,-0.09356401384083046,-0.14173010380622836,-0.16000000000000003,-0.06698961937716265,-0.2364628988850442,0.28444444444444444,-0.05173394848135333,-0.07111111111111111,-0.029773164167627833,0.17279507881584008,0.13016532103037293,0.03844675124951941,-0.06698961937716265,0.0629911572472126,0.1085121107266436,0.11909265667051133,-0.09356401384083046,0.002214532871972318,0.09356401384083046,0.2679584775086506,-0.14769703960015382,0.017777777777777778,0.09842368319876971,0.14173010380622836,0.022206843521722412,0.12456747404844293,-0.024605920799692427,0.2519646289888504,0.0629911572472126,0.16633602460592078,-0.05173394848135333,0.21413302575932336,-0.14173010380622836,-0.0271280276816609,-0.07111111111111111,0.1085121107266436,-0.0271280276816609,0.024605920799692427,0.2069357939254133,-0.22145328719723184,-0.07972318339100345,0.04822760476739715,-0.03254133025759323,-0.05173394848135333,-0.0015378700499807767,-0.1085121107266436,0.022206843521722412,0.17279507881584008
IDW_SR_50,Unknown,23.711967608354744,90.27827118937056,,0.0710176664011322,14.34539961590316,0.1112402389159956,5.030609433856098,63.40697744224148,30.58933919839966,74.48325087313187,20.21118133299244,1.5899892578197996,55.522469205635645,32.83022129218025,59.18298463408624,24.666915869194508,11.7550644058104,35084.72297001689,150.56836895851742,0.008858131487889272,-0.19986159169550174,0.024605920799692427,0.05911572472126105,-0.0271280276816609,0.15378700499807765,-0.017777777777777778,0.05536332179930796,-0.024605920799692427,0.19986159169550174,0.2679584775086506,-0.0629911572472126,-0.186082276047674,-0.10340638216070744,0.06698961937716265,0.07972318339100345,-0.1085121107266436,-0.17937716262975778,-0.1085121107266436,-0.04822760476739715,-0.05536332179930796,0.17279507881584008,-0.04822760476739715,0.07972318339100345,-0.12456747404844293,0.06698961937716265,0.09356401384083046,-0.14769703960015382,0.07111111111111111,0.06698961937716265,0.007443291041906958,0.1929104190695886,-0.09356401384083046,0.002214532871972318,-0.03254133025759323,0.24415224913494812,0.012056901191849288,-0.13016532103037293,0.08882737408688965,0.2679584775086506,-0.03254133025759323,0.05173394848135333,0.11374086889657825,0.09842368319876971,-0.1085121107266436,0.14173010380622836,-0.13588619761630144,0.2679584775086506,-0.19986159169550174,-0.07111111111111111,0.029773164167627833,0.15378700499807765,-0.13016532103037293,-0.05536332179930796,0.14173010380622836,-0.15378700499807765,-0.07111111111111111,0.09842368319876971,0.03844675124951941,-0.03543252595155709,-0.006151480199923107,-0.16000000000000003,0.07535563244905807,0.2519646289888504
IDW_SR_51,Unknown,23.81636968686588,90.24795671528346,,0.0071281023565028,6.317924418125596,0.00590683755972,3.792700253860432,65.91750099026623,35.0740314570924,52.592814029335685,14.889166134383904,2.2639227966858417,40.09212458077359,30.894075327893304,42.532641591046705,30.33314552682298,24.060038161532205,26533.078639129533,119.53870222587184,0.03543252595155709,-0.186082276047674,0.05173394848135333,0.06698961937716265,-0.044844290657439445,0.12456747404844293,0.03254133025759323,0.012056901191849288,-0.03844675124951941,0.17937716262975778,0.2519646289888504,-0.0629911572472126,-0.17279507881584008,-0.13588619761630144,0.0629911572472126,0.09356401384083046,-0.08882737408688965,-0.16633602460592078,-0.10340638216070744,-0.05911572472126105,-0.05911572472126105,0.186082276047674,-0.06698961937716265,0.09356401384083046,-0.11374086889657825,0.0629911572472126,0.1085121107266436,-0.11374086889657825,0.07535563244905807,0.044844290657439445,-0.03254133025759323,0.21413302575932336,-0.07972318339100345,0.002214532871972318,0.008858131487889272,0.2599000384467512,-0.008858131487889272,-0.16000000000000003,0.07535563244905807,0.2519646289888504,-0.04822760476739715,0.07111111111111111,0.09356401384083046,0.08882737408688965,-0.1085121107266436,0.13588619761630144,-0.17279507881584008,0.2679584775086506,-0.22145328719723184,-0.07972318339100345,0.01384083044982699,0.13016532103037293,-0.13588619761630144,-0.07111111111111111,0.14173010380622836,-0.16000000000000003,-0.05536332179930796,0.09842368319876971,0.022206843521722412,-0.0271280276816609,0.008858131487889272,-0.16000000000000003,0.08882737408688965,0.2599000384467512
IDW_SR_52,Unknown,23.583112341918024,90.42364173284248,,0.0277724463298236,16.280400618237053,0.032152129802119,8.40324743477884,61.10593507456156,31.689980713161443,99.62099740231368,14.810876363217629,4.013823959046551,79.38106386507744,34.434436374042505,23.694788162988495,42.1948744661989,33.97504623279042,39440.17744005921,198.43365394616117,0.029773164167627833,-0.1085121107266436,0.09842368319876971,0.03844675124951941,-0.041584006151480196,0.12456747404844293,-0.01574778931180315,-0.03254133025759323,-0.0629911572472126,0.2761399461745483,0.2599000384467512,0.008858131487889272,-0.22145328719723184,-0.03844675124951941,0.010396001537870049,0.14769703960015382,-0.13016532103037293,-0.16000000000000003,-0.2069357939254133,-0.09356401384083046,-0.11374086889657825,0.2364628988850442,-0.08421376393694734,0.07535563244905807,-0.07972318339100345,0.11909265667051133,0.05536332179930796,0.006151480199923107,0.01384083044982699,0.08421376393694734,0.019930795847750864,0.08882737408688965,-0.10340638216070744,-0.022206843521722412,0.03543252595155709,0.24415224913494812,-0.07111111111111111,-0.044844290657439445,0.10340638216070744,0.2069357939254133,-0.03543252595155709,0.08421376393694734,0.08421376393694734,0.14769703960015382,-0.08421376393694734,0.17279507881584008,-0.024605920799692427,0.2761399461745483,-0.17937716262975778,-0.07535563244905807,0.008858131487889272,0.09842368319876971,-0.03844675124951941,-0.09842368319876971,0.19986159169550174,-0.17279507881584008,-0.12456747404844293,0.07972318339100345,-0.03254133025759323,-0.07111111111111111,-0.029773164167627833,-0.16633602460592078,0.12456747404844293,0.2069357939254133
IDW_SR_53,Unknown,23.83867782919983,90.5256006760955,,0.004461813151995,2.9189177144575003,0.0059558089420729,1.0387368891523727,42.793859332994685,20.96006122525545,70.57349769717686,13.686784026612962,6.827611317382218,70.80889829508507,36.8400760736314,19.596337469288812,54.75004243351485,27.452882201367352,31254.823319324205,172.11529899216526,-0.01384083044982699,-0.14173010380622836,0.08882737408688965,-0.002214532871972318,-0.03543252595155709,0.08421376393694734,-0.04822760476739715,-0.002214532871972318,-0.09842368319876971,0.15378700499807765,0.2761399461745483,0.0015378700499807767,-0.2599000384467512,-0.008858131487889272,-0.01574778931180315,0.09842368319876971,-0.09356401384083046,-0.1929104190695886,-0.186082276047674,-0.09356401384083046,-0.11909265667051133,0.2364628988850442,-0.05173394848135333,-0.029773164167627833,-0.11374086889657825,0.05173394848135333,0.07535563244905807,-0.05911572472126105,-0.06698961937716265,0.14173010380622836,0.08882737408688965,0.11374086889657825,-0.07972318339100345,-0.06698961937716265,0.0271280276816609,0.19986159169550174,-0.11909265667051133,0.017777777777777778,0.14173010380622836,0.2599000384467512,0.002214532871972318,0.07535563244905807,-0.012056901191849288,0.19986159169550174,-0.10340638216070744,0.16000000000000003,0.012056901191849288,0.24415224913494812,-0.19986159169550174,-0.08882737408688965,0.010396001537870049,0.17279507881584008,-0.05536332179930796,-0.03254133025759323,0.17279507881584008,-0.14769703960015382,-0.13016532103037293,0.019930795847750864,-0.008858131487889272,-0.08882737408688965,0.01384083044982699,-0.13016532103037293,0.07535563244905807,0.24415224913494812
IDW_SR_54,Unknown,23.639557798012277,90.33355701718044,,0.0497921010474527,15.40359267153097,0.028034731253994,7.322707766404446,60.55567910439447,19.079715018166517,97.2264870053491,12.370853929520104,1.685881222848999,52.79387256734779,32.18134106713617,52.618345299148224,20.42595036963289,25.61539768370497,38970.90894681801,147.46494979732756,0.05173394848135333,-0.16000000000000003,0.05911572472126105,0.0271280276816609,-0.04822760476739715,0.13588619761630144,0.05536332179930796,0.003936947327950788,-0.05536332179930796,0.21413302575932336,0.2599000384467512,-0.041584006151480196,-0.16633602460592078,-0.1085121107266436,0.05173394848135333,0.12456747404844293,-0.05536332179930796,-0.19986159169550174,-0.13588619761630144,-0.05536332179930796,-0.05911572472126105,0.1929104190695886,-0.07972318339100345,0.07972318339100345,-0.12456747404844293,0.04822760476739715,0.11374086889657825,-0.09356401384083046,0.07972318339100345,0.07972318339100345,-0.03543252595155709,0.19986159169550174,-0.1085121107266436,-0.029773164167627833,-0.002214532871972318,0.2288965782391388,-0.024605920799692427,-0.14769703960015382,0.041584006151480196,0.24415224913494812,-0.04822760476739715,0.07111111111111111,0.11909265667051133,0.1085121107266436,-0.09842368319876971,0.1929104190695886,-0.14769703960015382,0.2599000384467512,-0.19986159169550174,-0.09842368319876971,0.010396001537870049,0.1085121107266436,-0.13016532103037293,-0.08421376393694734,0.14173010380622836,-0.16633602460592078,-0.0629911572472126,0.07111111111111111,0.05173394848135333,-0.03543252595155709,0.006151480199923107,-0.17279507881584008,0.09356401384083046,0.24415224913494812
IDW_SR_55,Unknown,24.001710922018816,90.0804995070252,,0.0261308740579674,9.719232150537064,0.0194788719823666,4.047333831722561,59.729817007877216,29.387088294870683,66.66549587741612,12.265974380504767,3.090776211162838,69.26444129440029,32.95360953093655,29.173086737447868,40.18507497266875,30.13983991252922,34292.62834063754,167.07669872377232,0.07972318339100345,-0.05911572472126105,0.0629911572472126,0.07535563244905807,-0.08421376393694734,0.08421376393694734,0.14769703960015382,-0.09356401384083046,0.03254133025759323,0.2364628988850442,0.19986159169550174,-0.06698961937716265,-0.13016532103037293,-0.2364628988850442,0.06698961937716265,0.13588619761630144,-0.0629911572472126,-0.14173010380622836,-0.11909265667051133,-0.003936947327950788,-0.11374086889657825,0.3188927335640138,-0.03543252595155709,0.07535563244905807,-0.022206843521722412,0.09842368319876971,0.1929104190695886,0.04822760476739715,0.024605920799692427,-0.09356401384083046,-0.041584006151480196,0.2519646289888504,-0.022206843521722412,-0.0629911572472126,-0.05173394848135333,0.2761399461745483,-0.06698961937716265,-0.14173010380622836,0.12456747404844293,0.11374086889657825,0.003936947327950788,0.14173010380622836,0.03844675124951941,0.08882737408688965,-0.05911572472126105,0.17279507881584008,-0.14769703960015382,0.24415224913494812,-0.12456747404844293,-0.07111111111111111,0.007443291041906958,0.10340638216070744,-0.019930795847750864,-0.017777777777777778,0.1929104190695886,-0.12456747404844293,-0.13588619761630144,0.14173010380622836,-0.007443291041906958,-0.0005536332179930795,0.05173394848135333,-0.13016532103037293,0.07972318339100345,0.17279507881584008
IDW_SR_56,Unknown,23.59607377828436,90.44229309564052,,0.0310863047472759,15.059301463865909,0.0264791326596081,9.009462182232228,60.709325242391046,36.02431262087514,102.3832456774088,14.009021710872576,4.940459554591806,90.9102980060086,34.562284136860164,22.57434233339869,39.291271644831696,37.573972462610854,38761.06635381013,219.6745143553834,0.08421376393694734,-0.04822760476739715,0.13016532103037293,0.05536332179930796,-0.008858131487889272,0.16000000000000003,0.08421376393694734,-0.09842368319876971,-0.0629911572472126,0.2519646289888504,0.07111111111111111,0.06698961937716265,-0.19986159169550174,-0.14769703960015382,0.024605920799692427,0.2288965782391388,-0.17937716262975778,-0.024605920799692427,-0.15378700499807765,-0.09356401384083046,-0.28444444444444444,0.22145328719723184,-0.16000000000000003,0.11909265667051133,0.01384083044982699,0.15378700499807765,0.09356401384083046,0.07535563244905807,-0.029773164167627833,-0.07535563244905807,-0.003936947327950788,0.05173394848135333,-0.022206843521722412,0.019930795847750864,0.1929104190695886,0.2519646289888504,-0.044844290657439445,-0.13016532103037293,0.07535563244905807,0.05911572472126105,0.04822760476739715,0.22145328719723184,-0.04822760476739715,0.08882737408688965,0.024605920799692427,0.16000000000000003,-0.09842368319876971,0.16633602460592078,-0.11909265667051133,0.12456747404844293,-0.07535563244905807,0.029773164167627833,-0.03543252595155709,-0.11374086889657825,0.22145328719723184,-0.17937716262975778,0.03254133025759323,0.004982698961937716,-0.11909265667051133,0.024605920799692427,-0.03543252595155709,-0.19986159169550174,0.07972318339100345,0.07111111111111111
IDW_SR_57,Unknown,23.79263474113544,90.24079772800576,,0.0078104960337733,6.160070597094828,0.0060463534719795,4.079830209277302,65.27338579508455,36.09627087527756,52.69721032157619,15.46170713798174,2.1604245262590083,37.44126956785649,30.83456515737733,46.006967485238654,27.585508883450245,23.220516041931003,25249.78511045381,115.5787532886444,-0.01384083044982699,-0.1929104190695886,0.09356401384083046,0.07111111111111111,-0.017777777777777778,0.13016532103037293,-0.006151480199923107,0.09842368319876971,-0.044844290657439445,0.2069357939254133,0.24415224913494812,-0.03844675124951941,-0.16633602460592078,-0.08882737408688965,0.05536332179930796,0.07972318339100345,-0.09842368319876971,-0.19986159169550174,-0.09842368319876971,-0.05911572472126105,-0.04822760476739715,0.14769703960015382,-0.041584006151480196,0.08882737408688965,-0.04822760476739715,0.09356401384083046,0.13016532103037293,-0.14173010380622836,0.0629911572472126,0.09356401384083046,-0.06698961937716265,0.19986159169550174,-0.08421376393694734,0.05173394848135333,-0.0015378700499807767,0.2364628988850442,0.04822760476739715,-0.11374086889657825,0.11909265667051133,0.2364628988850442,-0.0629911572472126,0.01574778931180315,0.07972318339100345,0.11374086889657825,-0.13016532103037293,0.12456747404844293,-0.13588619761630144,0.2761399461745483,-0.1929104190695886,-0.05536332179930796,0.022206843521722412,0.16000000000000003,-0.12456747404844293,-0.0629911572472126,0.15378700499807765,-0.16000000000000003,-0.1085121107266436,0.07972318339100345,0.029773164167627833,-0.08882737408688965,-0.03254133025759323,-0.11909265667051133,0.09842368319876971,0.28444444444444444
IDW_SR_58,Unknown,24.007924843102547,90.36443211851642,,0.0329439419917646,13.090236799924655,0.0192725318415402,4.974261796903111,45.28826980842866,32.39856512987298,71.62749812942998,12.07992619429834,3.290570846485205,81.29430742205635,33.89703618061614,25.993592746205263,41.84933751448053,31.769169421736503,37154.04783560889,184.3373652301711,0.06698961937716265,-0.17937716262975778,0.03254133025759323,-0.004982698961937716,-0.041584006151480196,0.07972318339100345,-0.006151480199923107,-0.002214532871972318,-0.06698961937716265,0.2069357939254133,0.28444444444444444,-0.01384083044982699,-0.1929104190695886,-0.06698961937716265,0.006151480199923107,0.10340638216070744,-0.10340638216070744,-0.2364628988850442,-0.17937716262975778,-0.06698961937716265,-0.08882737408688965,0.16000000000000003,-0.03543252595155709,0.017777777777777778,-0.10340638216070744,0.044844290657439445,0.10340638216070744,-0.0629911572472126,0.05173394848135333,0.1085121107266436,0.044844290657439445,0.17937716262975778,-0.14173010380622836,-0.05911572472126105,-0.01384083044982699,0.21413302575932336,-0.11909265667051133,-0.07972318339100345,0.05911572472126105,0.2364628988850442,-0.05911572472126105,0.08882737408688965,0.11374086889657825,0.14769703960015382,-0.05911572472126105,0.17937716262975778,-0.09356401384083046,0.24415224913494812,-0.2364628988850442,-0.07972318339100345,-0.022206843521722412,0.08421376393694734,-0.11374086889657825,-0.08421376393694734,0.11374086889657825,-0.1929104190695886,-0.08882737408688965,0.022206843521722412,0.07535563244905807,-0.05173394848135333,0.007443291041906958,-0.1929104190695886,0.08421376393694734,0.24415224913494812
IDW_SR_59,Unknown,23.61360805107501,90.42966409033272,,0.0310010798573455,15.67171730569136,0.0310359294805707,8.48749711933646,64.27874022724498,33.125421651228855,104.71379348575604,14.523741257526488,4.258577643409907,86.41650637599857,34.53117286609144,21.27873862443074,42.89596855653212,35.80239354374581,40545.6034012747,212.76022091111437,0.05911572472126105,-0.22145328719723184,0.044844290657439445,0.024605920799692427,-0.041584006151480196,0.10340638216070744,0.03543252595155709,0.007443291041906958,-0.07111111111111111,0.16633602460592078,0.2679584775086506,-0.04822760476739715,-0.15378700499807765,-0.11374086889657825,0.044844290657439445,0.07111111111111111,-0.07535563244905807,-0.16633602460592078,-0.1085121107266436,-0.044844290657439445,-0.03254133025759323,0.1929104190695886,-0.10340638216070744,0.04822760476739715,-0.13016532103037293,0.05911572472126105,0.1085121107266436,-0.12456747404844293,0.07535563244905807,0.08421376393694734,0.010396001537870049,0.17937716262975778,-0.13588619761630144,-0.01384083044982699,0.003014225297962322,0.2069357939254133,-0.07111111111111111,-0.14769703960015382,0.1085121107266436,0.2599000384467512,-0.041584006151480196,0.08421376393694734,0.1085121107266436,0.08421376393694734,-0.12456747404844293,0.16000000000000003,-0.16633602460592078,0.2599000384467512,-0.2364628988850442,-0.08421376393694734,0.029773164167627833,0.16000000000000003,-0.15378700499807765,-0.08421376393694734,0.11909265667051133,-0.15378700499807765,-0.022206843521722412,0.07972318339100345,0.029773164167627833,-0.03543252595155709,0.017777777777777778,-0.14173010380622836,0.03844675124951941,0.2599000384467512
IDW_SR_60,Unknown,23.821679642497426,90.27641176604806,,0.024527391145937,9.18542261522574,0.0153398615916428,3.6728705861666544,56.10347838053139,33.00603370648325,63.06374965667979,13.852382420543863,2.6671173990322186,65.81505204370512,31.87133758347864,32.72471090972705,37.81488434500665,28.20572540934523,33555.40818770076,160.13835008376844,0.044844290657439445,-0.003014225297962322,0.2364628988850442,0.07111111111111111,-0.003936947327950788,0.1085121107266436,0.07535563244905807,0.03844675124951941,-0.01384083044982699,0.2288965782391388,0.24415224913494812,-0.01384083044982699,-0.17937716262975778,-0.11909265667051133,0.022206843521722412,0.08421376393694734,-0.0629911572472126,-0.2519646289888504,-0.10340638216070744,-0.07535563244905807,-0.01574778931180315,0.16633602460592078,-0.017777777777777778,0.1085121107266436,0.024605920799692427,0.11374086889657825,0.17937716262975778,-0.007443291041906958,0.0629911572472126,0.0629911572472126,-0.0629911572472126,0.2288965782391388,-0.06698961937716265,0.14769703960015382,-0.008858131487889272,0.3014225297962323,0.05911572472126105,-0.07111111111111111,0.08421376393694734,0.15378700499807765,-0.029773164167627833,0.024605920799692427,0.044844290657439445,0.17937716262975778,-0.07111111111111111,0.11909265667051133,-0.1085121107266436,0.2519646289888504,-0.11374086889657825,-0.01574778931180315,-0.041584006151480196,0.08882737408688965,-0.05173394848135333,-0.0629911572472126,0.17937716262975778,-0.1929104190695886,-0.186082276047674,0.05911572472126105,0.010396001537870049,-0.11374086889657825,-0.07972318339100345,-0.06698961937716265,0.09356401384083046,0.2599000384467512
IDW_SR_61,Unknown,23.67015997501468,90.02340269764984,,0.0360056280701919,10.541259107758368,0.0291778991360727,4.95707794560128,55.90528593638459,31.029348212364997,76.46813134112506,13.892149607202215,3.0513505027047954,70.6149290700311,33.085023995450555,36.274189869080075,35.33527023339316,27.77114851238908,35049.967171704964,172.6085312073938,0.022206843521722412,-0.17279507881584008,-0.01574778931180315,0.05911572472126105,-0.01384083044982699,0.11374086889657825,0.03254133025759323,0.08882737408688965,-0.07111111111111111,0.24415224913494812,0.21413302575932336,-0.09842368319876971,-0.19986159169550174,-0.10340638216070744,0.05911572472126105,0.06698961937716265,-0.044844290657439445,-0.186082276047674,-0.0271280276816609,-0.044844290657439445,-0.008858131487889272,0.2069357939254133,-0.012056901191849288,0.07111111111111111,-0.1085121107266436,-0.004982698961937716,0.07972318339100345,-0.17937716262975778,0.019930795847750864,0.03844675124951941,-0.022206843521722412,0.2519646289888504,0.05911572472126105,-0.03254133025759323,-0.0271280276816609,0.19986159169550174,0.04822760476739715,-0.07972318339100345,0.07972318339100345,0.2288965782391388,-0.029773164167627833,0.002214532871972318,0.13016532103037293,0.07972318339100345,-0.14173010380622836,0.13016532103037293,-0.15378700499807765,0.2761399461745483,-0.19986159169550174,-0.03254133025759323,0.0629911572472126,0.1929104190695886,-0.17279507881584008,-0.09356401384083046,0.16633602460592078,-0.1085121107266436,-0.044844290657439445,0.15378700499807765,0.029773164167627833,-0.05173394848135333,0.010396001537870049,-0.186082276047674,0.024605920799692427,0.2599000384467512
IDW_SR_62,Unknown,23.632045343379957,90.38377945444232,,0.0036365211024119,25.440051163220257,0.0538598271178152,8.911149041935092,69.00711903041655,15.701680469093803,96.94008356039488,19.594683019043632,1.0917174881696132,35.73309648484963,34.498667399048806,12.943938156508707,63.65541799759288,25.290641857901637,43315.5949306113,124.70986635052138,0.019930795847750864,-0.186082276047674,0.029773164167627833,0.05173394848135333,-0.04822760476739715,0.14173010380622836,0.004982698961937716,0.03844675124951941,-0.044844290657439445,0.1929104190695886,0.2599000384467512,-0.07111111111111111,-0.17937716262975778,-0.10340638216070744,0.0629911572472126,0.09356401384083046,-0.07972318339100345,-0.1929104190695886,-0.09842368319876971,-0.019930795847750864,-0.041584006151480196,0.1929104190695886,-0.029773164167627833,0.08421376393694734,-0.14173010380622836,0.041584006151480196,0.09842368319876971,-0.14769703960015382,0.0629911572472126,0.041584006151480196,0.008858131487889272,0.2069357939254133,-0.05173394848135333,-0.017777777777777778,-0.024605920799692427,0.24415224913494812,0.008858131487889272,-0.13016532103037293,0.07535563244905807,0.2679584775086506,-0.03254133025759323,0.04822760476739715,0.12456747404844293,0.10340638216070744,-0.12456747404844293,0.14769703960015382,-0.14769703960015382,0.2761399461745483,-0.21413302575932336,-0.07111111111111111,0.03254133025759323,0.16000000000000003,-0.12456747404844293,-0.05173394848135333,0.12456747404844293,-0.11909265667051133,-0.03844675124951941,0.1085121107266436,0.03844675124951941,-0.04822760476739715,-0.017777777777777778,-0.16633602460592078,0.041584006151480196,0.2679584775086506
IDW_SR_63,Unknown,23.90988543296801,90.27092911766375,,0.0174247321279234,8.95060946043612,0.0117213421262998,3.171237774603783,69.74594887570345,25.74031595523697,54.73132679328311,10.48455246207941,2.8273795219020257,63.83888640964171,32.4863224570591,22.88124226028322,44.81266908333239,31.847770056267883,33029.961958585045,155.11056038923977,0.0629911572472126,-0.2069357939254133,0.12456747404844293,0.022206843521722412,-0.007443291041906958,0.09842368319876971,-0.13016532103037293,-0.019930795847750864,-0.11374086889657825,0.22145328719723184,0.19986159169550174,0.010396001537870049,-0.3014225297962323,-0.08421376393694734,-0.002214532871972318,0.07972318339100345,-0.16633602460592078,0.004982698961937716,-0.17937716262975778,-0.03254133025759323,-0.17937716262975778,0.3188927335640138,-0.0629911572472126,-0.05911572472126105,-0.003014225297962322,0.22145328719723184,0.03543252595155709,-0.019930795847750864,0.022206843521722412,0.21413302575932336,0.029773164167627833,0.00024605920799692423,-0.1085121107266436,0.000984236831987697,0.03254133025759323,0.14173010380622836,-0.186082276047674,-0.03254133025759323,0.15378700499807765,0.08421376393694734,0.003936947327950788,0.11374086889657825,-0.09842368319876971,0.24415224913494812,-0.0005536332179930795,0.1085121107266436,0.07111111111111111,0.186082276047674,-0.09356401384083046,0.03844675124951941,0.07111111111111111,0.10340638216070744,-0.05911572472126105,-0.07535563244905807,0.186082276047674,-0.2364628988850442,-0.11909265667051133,-0.00024605920799692423,-0.006151480199923107,-0.019930795847750864,-0.019930795847750864,-0.09842368319876971,0.11909265667051133,0.09842368319876971
IDW_SR_64,Unknown,23.93396438458263,90.08661777510274,,0.0252231830061763,9.212977908726074,0.0189846282514493,3.8771476937508464,61.87438716281339,28.858884599012008,65.0090120097461,12.299346839243729,2.9973927339097486,66.77193063707533,32.738547239361026,29.51743779229037,40.255986673231185,29.68291943828615,33821.60180210623,162.9482873957239,0.041584006151480196,-0.16633602460592078,0.044844290657439445,0.019930795847750864,-0.019930795847750864,0.14769703960015382,0.003014225297962322,0.01574778931180315,-0.01384083044982699,0.2364628988850442,0.2519646289888504,-0.03254133025759323,-0.21413302575932336,-0.07972318339100345,0.07535563244905807,0.14173010380622836,-0.12456747404844293,-0.16000000000000003,-0.14173010380622836,-0.10340638216070744,-0.07111111111111111,0.2069357939254133,-0.08421376393694734,0.06698961937716265,-0.12456747404844293,0.04822760476739715,0.08421376393694734,-0.12456747404844293,0.0629911572472126,0.11374086889657825,-0.04822760476739715,0.14173010380622836,-0.10340638216070744,-0.022206843521722412,0.003014225297962322,0.2288965782391388,-0.0271280276816609,-0.09842368319876971,0.08421376393694734,0.2364628988850442,-0.07535563244905807,0.08882737408688965,0.07535563244905807,0.10340638216070744,-0.14769703960015382,0.16633602460592078,-0.12456747404844293,0.24415224913494812,-0.17937716262975778,-0.05173394848135333,0.05173394848135333,0.13016532103037293,-0.1085121107266436,-0.13588619761630144,0.14769703960015382,-0.16633602460592078,-0.10340638216070744,0.029773164167627833,0.06698961937716265,-0.04822760476739715,0.007443291041906958,-0.16633602460592078,0.09842368319876971,0.2288965782391388
IDW_SR_65,Unknown,23.993530570299576,90.21655468570032,,0.0206189539067611,9.32185813703856,0.0151510910536236,3.5631728482245917,65.48369195775129,27.289371674600712,59.85547766662725,11.12547562155459,2.9685524381231994,66.52543540244847,32.821013139680176,25.7885660201768,42.30972806341569,31.485283809336092,33262.20925307462,160.80784900584698,0.05536332179930796,-0.08882737408688965,0.09842368319876971,0.01384083044982699,-0.041584006151480196,0.14173010380622836,0.05536332179930796,-0.13588619761630144,-0.05173394848135333,0.31009611687812383,0.17937716262975778,-0.017777777777777778,-0.21413302575932336,-0.13588619761630144,0.024605920799692427,0.14173010380622836,-0.16633602460592078,-0.03844675124951941,-0.1929104190695886,-0.041584006151480196,-0.1929104190695886,0.33685505574778934,-0.07972318339100345,0.07535563244905807,-0.012056901191849288,0.14173010380622836,0.03254133025759323,0.05173394848135333,0.03254133025759323,0.044844290657439445,0.008858131487889272,0.05536332179930796,-0.04822760476739715,-0.06698961937716265,0.05536332179930796,0.2599000384467512,-0.10340638216070744,-0.09356401384083046,0.16000000000000003,0.11374086889657825,-0.01384083044982699,0.16633602460592078,-0.05536332179930796,0.15378700499807765,-0.041584006151480196,0.16000000000000003,-0.012056901191849288,0.2069357939254133,-0.1085121107266436,0.029773164167627833,0.03844675124951941,0.1085121107266436,-0.008858131487889272,-0.13016532103037293,0.2519646289888504,-0.16633602460592078,-0.1085121107266436,0.05911572472126105,-0.06698961937716265,-0.019930795847750864,0.006151480199923107,-0.14769703960015382,0.11909265667051133,0.08421376393694734
IDW_SR_66,Unknown,24.005110884782805,90.27197500950642,,0.0258813506297998,10.880810722924956,0.0167875192343086,4.12634625167942,57.77242347023716,29.37667567224141,64.39127897911658,11.544266534272166,3.0587262760530427,72.49353321115139,33.16097985329211,25.832835470649613,42.19388417290701,31.54165137669414,34917.77793351856,170.30808399418885,0.002214532871972318,-0.12456747404844293,0.12456747404844293,-0.0271280276816609,-0.017777777777777778,0.10340638216070744,-0.03254133025759323,-0.029773164167627833,-0.1085121107266436,0.17937716262975778,0.2761399461745483,0.01574778931180315,-0.2069357939254133,-0.003936947327950788,-0.041584006151480196,0.06698961937716265,-0.09842368319876971,-0.21413302575932336,-0.17279507881584008,-0.17279507881584008,-0.13588619761630144,0.2288965782391388,-0.08421376393694734,-0.0271280276816609,-0.13016532103037293,0.07535563244905807,0.010396001537870049,0.03844675124951941,0.0015378700499807767,0.10340638216070744,0.11909265667051133,0.08882737408688965,-0.11374086889657825,-0.029773164167627833,0.044844290657439445,0.2364628988850442,-0.17279507881584008,0.000984236831987697,0.06698961937716265,0.2519646289888504,-0.008858131487889272,0.08421376393694734,0.05911572472126105,0.1929104190695886,-0.04822760476739715,0.17279507881584008,-0.006151480199923107,0.24415224913494812,-0.1929104190695886,-0.09842368319876971,-0.029773164167627833,0.13588619761630144,-0.0629911572472126,-0.08421376393694734,0.14173010380622836,-0.21413302575932336,-0.12456747404844293,0.03254133025759323,-0.019930795847750864,-0.05536332179930796,-0.019930795847750864,-0.16000000000000003,0.06698961937716265,0.186082276047674
IDW_SR_67,Unknown,23.79363015666628,90.40608054398363,,0.0330380793343811,12.257477052120942,0.0263461746752875,3.96641679383696,33.57088435371834,36.14626212943959,81.5106434113254,12.287674435079843,3.502324434272504,92.96047677146989,34.503040652078155,29.40107120113329,38.08032658063753,32.52215584309569,39321.16589716754,203.9494679534514,0.2364628988850442,-0.24415224913494812,0.08882737408688965,-0.11374086889657825,0.017777777777777778,-0.14769703960015382,0.13588619761630144,-0.07111111111111111,-0.17937716262975778,0.09356401384083046,0.06698961937716265,0.07972318339100345,-0.17937716262975778,-0.11909265667051133,-0.10340638216070744,-0.10340638216070744,0.1085121107266436,-0.05536332179930796,-0.03844675124951941,0.0271280276816609,0.03844675124951941,0.1085121107266436,-0.1085121107266436,-0.03254133025759323,0.14769703960015382,0.11909265667051133,0.09356401384083046,-0.019930795847750864,0.13016532103037293,0.0629911572472126,0.12456747404844293,0.008858131487889272,-0.21413302575932336,-0.024605920799692427,0.11909265667051133,-0.019930795847750864,-0.36472126105344094,-0.10340638216070744,0.17937716262975778,-0.14173010380622836,-0.041584006151480196,0.003936947327950788,-0.0629911572472126,0.07535563244905807,0.022206843521722412,0.07535563244905807,-0.13016532103037293,0.16000000000000003,-0.13016532103037293,0.10340638216070744,-0.003014225297962322,0.029773164167627833,-0.19986159169550174,-0.003014225297962322,0.2069357939254133,-0.1929104190695886,0.05173394848135333,-0.041584006151480196,0.08421376393694734,0.010396001537870049,0.11909265667051133,-0.03844675124951941,-0.15378700499807765,0.2288965782391388
IDW_SR_68,Unknown,23.86603323328004,90.55377421978324,,0.0066026481930949,3.711518385469022,0.0070993690832688,1.3800477130961275,44.92551687208889,21.86598655085968,72.33403057660172,14.018098409858204,6.978507638151737,74.22454308786565,36.660566513935265,19.88588500660455,54.365979323476424,27.60645792995041,31926.17985034475,179.3194363926089,0.019930795847750864,-0.19986159169550174,0.03543252595155709,0.05536332179930796,-0.010396001537870049,0.14173010380622836,0.004982698961937716,0.07535563244905807,-0.022206843521722412,0.1929104190695886,0.2679584775086506,-0.08882737408688965,-0.17279507881584008,-0.11909265667051133,0.06698961937716265,0.05911572472126105,-0.09356401384083046,-0.17937716262975778,-0.0629911572472126,-0.022206843521722412,-0.0271280276816609,0.16633602460592078,-0.019930795847750864,0.07972318339100345,-0.09356401384083046,0.041584006151480196,0.10340638216070744,-0.16000000000000003,0.044844290657439445,0.05173394848135333,-0.022206843521722412,0.21413302575932336,-0.07111111111111111,-0.01574778931180315,-0.03543252595155709,0.24415224913494812,0.01384083044982699,-0.13016532103037293,0.09842368319876971,0.2679584775086506,-0.0271280276816609,0.024605920799692427,0.09842368319876971,0.12456747404844293,-0.09842368319876971,0.13588619761630144,-0.15378700499807765,0.28444444444444444,-0.19986159169550174,-0.03254133025759323,0.022206843521722412,0.17279507881584008,-0.13588619761630144,-0.0271280276816609,0.15378700499807765,-0.13016532103037293,-0.08421376393694734,0.1085121107266436,0.029773164167627833,-0.0629911572472126,-0.002214532871972318,-0.12456747404844293,0.05536332179930796,0.2761399461745483
IDW_SR_69,Unknown,23.82170515305303,90.27637626676118,,0.0245043952778248,9.179729589023236,0.0153267680963315,3.671922490888957,56.12713383957784,33.00021969182757,63.045986121413605,13.851284133722505,2.666885720697456,65.77996165878774,31.87006961229021,32.72548917270088,37.81744963375357,28.201053264791092,33549.00736934031,160.0821397393402,0.05173394848135333,-0.012056901191849288,0.2519646289888504,0.06698961937716265,-0.004982698961937716,0.09842368319876971,0.05173394848135333,0.07111111111111111,-0.024605920799692427,0.2364628988850442,0.2519646289888504,-0.019930795847750864,-0.186082276047674,-0.11909265667051133,0.004982698961937716,0.07972318339100345,-0.05536332179930796,-0.2519646289888504,-0.08421376393694734,-0.05911572472126105,0.007443291041906958,0.14173010380622836,-0.002214532871972318,0.11374086889657825,0.05911572472126105,0.12456747404844293,0.186082276047674,-0.019930795847750864,0.041584006151480196,0.06698961937716265,-0.07111111111111111,0.2288965782391388,-0.044844290657439445,0.17279507881584008,-0.017777777777777778,0.28444444444444444,0.08882737408688965,-0.05173394848135333,0.10340638216070744,0.13588619761630144,-0.041584006151480196,-0.004982698961937716,0.019930795847750864,0.186082276047674,-0.05911572472126105,0.09842368319876971,-0.10340638216070744,0.2679584775086506,-0.07972318339100345,0.012056901191849288,-0.041584006151480196,0.09842368319876971,-0.04822760476739715,-0.04822760476739715,0.186082276047674,-0.17937716262975778,-0.2069357939254133,0.0629911572472126,0.024605920799692427,-0.10340638216070744,-0.08421376393694734,-0.0271280276816609,0.08882737408688965,0.2519646289888504
IDW_SR_70,Unknown,24.10241173384922,90.34038862601972,,0.0297051635196716,11.568562046543745,0.0200346914214855,4.611798007288857,49.34461107441311,31.539818660722503,71.70539249787693,12.227914332096889,3.4146460831879955,77.88005512385172,33.7647354503145,27.48623895759329,40.76926054304652,31.383595597732956,36113.552835654365,180.35919133475988,0.019930795847750864,-0.1085121107266436,0.05911572472126105,0.07535563244905807,-0.01574778931180315,0.1085121107266436,0.07111111111111111,-0.11374086889657825,-0.01574778931180315,0.24415224913494812,0.2364628988850442,0.03254133025759323,-0.2364628988850442,-0.11909265667051133,0.0629911572472126,0.1085121107266436,-0.12456747404844293,-0.10340638216070744,-0.1929104190695886,-0.10340638216070744,-0.12456747404844293,0.3014225297962323,-0.08421376393694734,0.05173394848135333,-0.05911572472126105,0.07535563244905807,0.07111111111111111,0.0629911572472126,0.08421376393694734,0.04822760476739715,0.003014225297962322,0.09842368319876971,-0.08882737408688965,-0.08882737408688965,0.044844290657439445,0.2761399461745483,-0.14173010380622836,-0.08421376393694734,0.11909265667051133,0.2069357939254133,0.006151480199923107,0.12456747404844293,0.0015378700499807767,0.11374086889657825,-0.0629911572472126,0.16000000000000003,0.0015378700499807767,0.2519646289888504,-0.14173010380622836,-0.03844675124951941,-0.019930795847750864,0.12456747404844293,-0.03844675124951941,-0.11909265667051133,0.22145328719723184,-0.14769703960015382,-0.14173010380622836,0.07972318339100345,-0.07535563244905807,-0.04822760476739715,0.03254133025759323,-0.16000000000000003,0.13016532103037293,0.11909265667051133
IDW_SR_71,Unknown,23.713810671952675,90.2139067053542,,0.0521471800372083,8.871417675166345,0.0430106206878433,5.155858777951084,57.546579275136835,29.8903800620126,74.41323040947763,16.482654607360146,2.2947577148282385,59.41043850534379,32.427757714480165,48.23093986135101,29.92647401868306,21.565526245422255,32024.218865649676,154.40029989075353,0.012056901191849288,-0.13588619761630144,0.07535563244905807,0.05911572472126105,0.01384083044982699,0.14173010380622836,-0.03844675124951941,0.05911572472126105,-0.022206843521722412,0.19986159169550174,0.28444444444444444,-0.03254133025759323,-0.17279507881584008,-0.05173394848135333,0.044844290657439445,0.07972318339100345,-0.14769703960015382,-0.19986159169550174,-0.14173010380622836,-0.09842368319876971,-0.1085121107266436,0.186082276047674,-0.07111111111111111,0.08421376393694734,-0.14173010380622836,0.05173394848135333,0.05536332179930796,-0.07972318339100345,0.041584006151480196,0.03844675124951941,0.03254133025759323,0.14769703960015382,-0.11909265667051133,0.029773164167627833,-0.017777777777777778,0.2679584775086506,-0.01574778931180315,-0.05536332179930796,0.08421376393694734,0.2599000384467512,-0.03254133025759323,0.07535563244905807,0.13016532103037293,0.11909265667051133,-0.1085121107266436,0.17279507881584008,-0.11909265667051133,0.2519646289888504,-0.21413302575932336,-0.08882737408688965,-0.03543252595155709,0.13588619761630144,-0.07535563244905807,-0.07111111111111111,0.12456747404844293,-0.17279507881584008,-0.11909265667051133,0.06698961937716265,0.01384083044982699,-0.05173394848135333,-0.03254133025759323,-0.16000000000000003,0.09842368319876971,0.2519646289888504
IDW_SR_72,Unknown,23.80802214558737,90.1049132039216,,0.0302794851379203,8.94617412461617,0.0227204983813218,4.174362385733316,60.11805252719631,29.883187283218348,67.77619863199257,13.491435995643013,2.8394258383590247,64.50498236040426,32.515457676474945,34.3000450227111,37.564088746509725,27.503654776190626,33470.21086555238,160.3863659915788,0.05911572472126105,-0.186082276047674,0.04822760476739715,0.03844675124951941,-0.022206843521722412,0.11374086889657825,-0.003936947327950788,-0.044844290657439445,-0.0271280276816609,0.186082276047674,0.28444444444444444,-0.07535563244905807,-0.2364628988850442,-0.09842368319876971,-0.002214532871972318,0.06698961937716265,-0.12456747404844293,-0.1929104190695886,-0.186082276047674,-0.019930795847750864,-0.09842368319876971,0.2069357939254133,-0.08421376393694734,0.0271280276816609,-0.10340638216070744,0.13016532103037293,0.029773164167627833,-0.04822760476739715,0.03844675124951941,0.07111111111111111,0.07972318339100345,0.08882737408688965,-0.11374086889657825,-0.0271280276816609,-0.004982698961937716,0.2761399461745483,-0.08421376393694734,-0.0271280276816609,0.11374086889657825,0.2599000384467512,-0.06698961937716265,0.07111111111111111,0.08882737408688965,0.16633602460592078,-0.09356401384083046,0.12456747404844293,-0.12456747404844293,0.2288965782391388,-0.21413302575932336,-0.01574778931180315,-0.019930795847750864,0.16633602460592078,-0.044844290657439445,-0.01384083044982699,0.14769703960015382,-0.1085121107266436,-0.12456747404844293,0.09842368319876971,-0.019930795847750864,0.0005536332179930795,0.008858131487889272,-0.14173010380622836,-0.012056901191849288,0.2599000384467512
IDW_SR_73,Unknown,23.615986731662097,90.43842857628816,,0.0357806394062941,14.072264264119168,0.0261851729754762,8.69923782383709,64.12593791255513,36.84081937348423,107.26847845675408,13.63594145043577,4.987334740616273,97.21069117703772,34.58536808964414,21.33555461447301,39.66346548109782,38.62172800987447,40135.7446352305,232.27729290308815,0.024605920799692427,-0.22145328719723184,0.012056901191849288,0.0629911572472126,-0.029773164167627833,0.13588619761630144,-0.003936947327950788,0.041584006151480196,-0.05911572472126105,0.2069357939254133,0.2599000384467512,-0.0629911572472126,-0.16633602460592078,-0.11374086889657825,0.06698961937716265,0.08882737408688965,-0.08882737408688965,-0.16633602460592078,-0.08421376393694734,-0.024605920799692427,-0.05173394848135333,0.17279507881584008,-0.05536332179930796,0.06698961937716265,-0.11909265667051133,0.05173394848135333,0.11374086889657825,-0.15378700499807765,0.05173394848135333,0.06698961937716265,-0.024605920799692427,0.2069357939254133,-0.06698961937716265,-0.022206843521722412,-0.01574778931180315,0.2364628988850442,-0.019930795847750864,-0.14173010380622836,0.07972318339100345,0.28444444444444444,-0.019930795847750864,0.05536332179930796,0.10340638216070744,0.0629911572472126,-0.13016532103037293,0.13588619761630144,-0.16000000000000003,0.2761399461745483,-0.2069357939254133,-0.07972318339100345,0.05173394848135333,0.16633602460592078,-0.14173010380622836,-0.07111111111111111,0.13016532103037293,-0.12456747404844293,-0.022206843521722412,0.10340638216070744,0.0271280276816609,-0.044844290657439445,-0.0015378700499807767,-0.15378700499807765,0.0629911572472126,0.2599000384467512
IDW_SR_74,Unknown,23.94678479797905,90.24905351409082,,0.0135139888197297,8.204022736664916,0.0114075475547393,2.958031684481054,74.93186603683756,24.37070496101373,52.24816440699085,9.981827419986928,2.821656891757333,60.84310864360282,32.58381252891255,23.61528645738012,43.48036724804571,32.587711068312295,31281.613670823288,150.51669955617606,0.08421376393694734,-0.07972318339100345,0.16633602460592078,0.07972318339100345,-0.0271280276816609,0.1085121107266436,0.10340638216070744,-0.06698961937716265,0.03254133025759323,0.2599000384467512,0.2069357939254133,-0.03254133025759323,-0.15378700499807765,-0.19986159169550174,0.08421376393694734,0.14173010380622836,-0.09356401384083046,-0.14769703960015382,-0.16633602460592078,-0.0271280276816609,-0.08421376393694734,0.2288965782391388,-0.024605920799692427,0.1085121107266436,0.03844675124951941,0.13588619761630144,0.19986159169550174,0.041584006151480196,0.05536332179930796,0.010396001537870049,-0.08421376393694734,0.1929104190695886,-0.05173394848135333,0.029773164167627833,-0.0629911572472126,0.3014225297962323,0.01384083044982699,-0.08882737408688965,0.13588619761630144,0.15378700499807765,-0.0271280276816609,0.07111111111111111,0.007443291041906958,0.13016532103037293,-0.03543252595155709,0.14769703960015382,-0.14173010380622836,0.2761399461745483,-0.09356401384083046,-0.03844675124951941,0.004982698961937716,0.10340638216070744,-0.017777777777777778,-0.06698961937716265,0.19986159169550174,-0.14173010380622836,-0.186082276047674,0.1085121107266436,-0.01574778931180315,-0.03543252595155709,-0.03254133025759323,-0.05911572472126105,0.12456747404844293,0.1929104190695886
IDW_SR_75,Unknown,23.61226182365539,90.42733864705114,,0.0294473788848503,16.186431382216632,0.032420481340134,8.456332510991926,64.2612367197018,32.04058960224209,103.87882037169015,14.79852700070297,4.05257572331117,83.13481159328546,34.51589838308539,21.221902967718265,43.85353593215311,34.99787657178139,40624.706348200445,206.83125794623,0.07535563244905807,-0.2288965782391388,0.01384083044982699,0.003014225297962322,-0.04822760476739715,0.07972318339100345,0.029773164167627833,-0.04822760476739715,-0.0629911572472126,0.13588619761630144,0.2761399461745483,-0.041584006151480196,-0.19986159169550174,-0.10340638216070744,0.041584006151480196,0.07111111111111111,-0.05173394848135333,-0.19986159169550174,-0.16000000000000003,-0.044844290657439445,-0.07111111111111111,0.1929104190695886,-0.10340638216070744,0.006151480199923107,-0.11374086889657825,0.08421376393694734,0.09356401384083046,-0.06698961937716265,0.07535563244905807,0.09842368319876971,0.07111111111111111,0.11909265667051133,-0.11909265667051133,-0.044844290657439445,-0.004982698961937716,0.24415224913494812,-0.13016532103037293,-0.08882737408688965,0.1085121107266436,0.2599000384467512,-0.0271280276816609,0.08882737408688965,0.08421376393694734,0.11909265667051133,-0.11909265667051133,0.11909265667051133,-0.13016532103037293,0.2599000384467512,-0.24415224913494812,-0.05911572472126105,-0.012056901191849288,0.13588619761630144,-0.13588619761630144,-0.029773164167627833,0.14173010380622836,-0.11909265667051133,-0.022206843521722412,0.06698961937716265,0.024605920799692427,-0.010396001537870049,0.01574778931180315,-0.15378700499807765,0.003014225297962322,0.3014225297962323
IDW_SR_76,Unknown,23.90920275630804,90.3355122858152,,0.0515209142641651,21.678861538217735,0.0159949400931922,7.981480361298311,30.632201747533905,36.72758497726231,72.54547403085225,11.770534974745187,2.673217127657475,93.37519944821716,34.48763257839948,20.231395774550727,46.79971298536453,32.264760181651305,41808.57517776319,198.79642877160111,0.017777777777777778,-0.17279507881584008,0.010396001537870049,0.08421376393694734,-0.029773164167627833,0.16000000000000003,0.012056901191849288,0.03543252595155709,-0.03844675124951941,0.2761399461745483,0.21413302575932336,-0.07535563244905807,-0.2069357939254133,-0.09356401384083046,0.0629911572472126,0.07535563244905807,-0.11374086889657825,-0.13016532103037293,-0.09842368319876971,-0.029773164167627833,-0.05173394848135333,0.2069357939254133,-0.01574778931180315,0.1085121107266436,-0.07972318339100345,0.05911572472126105,0.08882737408688965,-0.13016532103037293,0.05911572472126105,0.04822760476739715,-0.04822760476739715,0.2288965782391388,0.01384083044982699,-0.05536332179930796,-0.041584006151480196,0.2364628988850442,0.029773164167627833,-0.09356401384083046,0.14173010380622836,0.2599000384467512,-0.03254133025759323,0.029773164167627833,0.11374086889657825,0.07111111111111111,-0.10340638216070744,0.12456747404844293,-0.12456747404844293,0.31009611687812383,-0.186082276047674,-0.041584006151480196,0.0629911572472126,0.14769703960015382,-0.1085121107266436,-0.11374086889657825,0.17279507881584008,-0.09842368319876971,-0.06698961937716265,0.12456747404844293,-0.0271280276816609,-0.05173394848135333,0.007443291041906958,-0.16633602460592078,0.09356401384083046,0.2288965782391388
IDW_SR_77,Unknown,23.64295020765157,90.56442380028732,,0.0166045303964896,16.500414042989828,0.0131254727505647,12.056464438287144,47.094275799855225,43.28745298950839,91.328717642521,13.774580405258073,7.342975857504968,93.91465373724014,35.186326958741134,20.692232584708773,33.25181340941144,44.156558711719995,32155.540153793347,222.87481948431545,0.03844675124951941,-0.16633602460592078,0.07111111111111111,0.05911572472126105,-0.03543252595155709,0.15378700499807765,0.019930795847750864,0.022206843521722412,-0.017777777777777778,0.2288965782391388,0.22145328719723184,-0.044844290657439445,-0.186082276047674,-0.13016532103037293,0.05911572472126105,0.12456747404844293,-0.16000000000000003,-0.14769703960015382,-0.11909265667051133,-0.044844290657439445,-0.09842368319876971,0.1929104190695886,-0.07972318339100345,0.11374086889657825,-0.05173394848135333,0.11374086889657825,0.15378700499807765,-0.13588619761630144,0.0629911572472126,0.044844290657439445,-0.01574778931180315,0.1929104190695886,-0.11374086889657825,0.03254133025759323,0.019930795847750864,0.24415224913494812,0.0271280276816609,-0.12456747404844293,0.13588619761630144,0.21413302575932336,-0.04822760476739715,0.07535563244905807,0.07111111111111111,0.10340638216070744,-0.08882737408688965,0.16633602460592078,-0.14769703960015382,0.2679584775086506,-0.1929104190695886,-0.01384083044982699,0.007443291041906958,0.12456747404844293,-0.08421376393694734,-0.05911572472126105,0.16000000000000003,-0.17279507881584008,-0.07972318339100345,0.03844675124951941,0.012056901191849288,-0.04822760476739715,-0.002214532871972318,-0.14769703960015382,0.11374086889657825,0.24415224913494812
IDW_SR_78,Unknown,23.977376760709003,90.21541490745729,,0.0180161350009528,8.798245460460638,0.0139036972343482,3.3208281744031303,69.03337223814427,26.2304862937024,57.18290253363762,10.773612942538907,2.914335777595456,64.12640282151155,32.70313077896121,25.20778645911819,42.66493749316988,31.735388654922673,32515.072226267,156.64464517892185,0.04822760476739715,-0.13016532103037293,0.08421376393694734,0.05173394848135333,-0.017777777777777778,0.09842368319876971,0.044844290657439445,0.010396001537870049,-0.008858131487889272,0.22145328719723184,0.2679584775086506,-0.041584006151480196,-0.17279507881584008,-0.10340638216070744,0.022206843521722412,0.08421376393694734,-0.08882737408688965,-0.22145328719723184,-0.11374086889657825,-0.08882737408688965,-0.03543252595155709,0.186082276047674,-0.07535563244905807,0.12456747404844293,-0.09356401384083046,0.07111111111111111,0.09356401384083046,-0.041584006151480196,0.07111111111111111,0.05173394848135333,-0.03254133025759323,0.17279507881584008,-0.0629911572472126,0.003014225297962322,-0.003936947327950788,0.2599000384467512,-0.044844290657439445,-0.13016532103037293,0.10340638216070744,0.2364628988850442,-0.044844290657439445,0.07535563244905807,0.11909265667051133,0.09356401384083046,-0.12456747404844293,0.14173010380622836,-0.11909265667051133,0.2679584775086506,-0.22145328719723184,-0.08882737408688965,0.0015378700499807767,0.13016532103037293,-0.11909265667051133,-0.11909265667051133,0.1929104190695886,-0.16000000000000003,-0.13588619761630144,0.10340638216070744,0.010396001537870049,-0.03254133025759323,0.004982698961937716,-0.13016532103037293,0.10340638216070744,0.2364628988850442
IDW_SR_79,Unknown,23.61128301976687,90.45861865174348,,0.034687522216138,13.94581163752672,0.0195004170092076,10.0051274319476,60.4407160723397,41.21946129179389,105.79072057660194,13.1563636783002,6.08269155221604,104.25575847503742,34.6791509950777,20.958273760398136,35.82370694907006,42.068412793998746,37792.31142735168,244.6072572743696,0.01384083044982699,-0.19986159169550174,0.0015378700499807767,0.05536332179930796,-0.0271280276816609,0.14173010380622836,-0.003936947327950788,0.07111111111111111,-0.05911572472126105,0.2069357939254133,0.2364628988850442,-0.07972318339100345,-0.17937716262975778,-0.11374086889657825,0.07111111111111111,0.06698961937716265,-0.07972318339100345,-0.14173010380622836,-0.0629911572472126,-0.006151480199923107,-0.03844675124951941,0.19986159169550174,-0.0271280276816609,0.07972318339100345,-0.12456747404844293,0.0271280276816609,0.08882737408688965,-0.17279507881584008,0.04822760476739715,0.04822760476739715,-0.01384083044982699,0.24415224913494812,-0.041584006151480196,-0.03844675124951941,-0.024605920799692427,0.21413302575932336,0.006151480199923107,-0.12456747404844293,0.09356401384083046,0.2599000384467512,-0.029773164167627833,0.01384083044982699,0.11374086889657825,0.07972318339100345,-0.12456747404844293,0.14173010380622836,-0.16000000000000003,0.2761399461745483,-0.21413302575932336,-0.05911572472126105,0.041584006151480196,0.186082276047674,-0.14769703960015382,-0.05911572472126105,0.13016532103037293,-0.11374086889657825,-0.03254133025759323,0.11909265667051133,0.03254133025759323,-0.044844290657439445,-0.01384083044982699,-0.17279507881584008,0.04822760476739715,0.28444444444444444
IDW_SR_80,Unknown,23.70211423774056,90.1393116049885,,0.0406157723172001,9.841288349134736,0.032967202795575,4.912694727661039,57.11373843633354,30.5920612709981,74.97541914220503,14.752619333386235,2.7182495457381775,65.77398637403101,32.72180227395873,40.575957328332926,33.37585332925764,25.442591387728505,33917.807841458554,164.55174675786014,0.07972318339100345,-0.13588619761630144,0.08882737408688965,0.004982698961937716,-0.0271280276816609,0.08421376393694734,-0.007443291041906958,0.002214532871972318,-0.03254133025759323,0.14769703960015382,0.3014225297962323,-0.05911572472126105,-0.2288965782391388,-0.10340638216070744,0.01574778931180315,0.05536332179930796,-0.09356401384083046,-0.22145328719723184,-0.16000000000000003,-0.0629911572472126,-0.08421376393694734,0.16633602460592078,-0.08882737408688965,0.008858131487889272,-0.1085121107266436,0.13588619761630144,0.07972318339100345,-0.04822760476739715,0.04822760476739715,0.08882737408688965,0.12456747404844293,0.08882737408688965,-0.17279507881584008,0.024605920799692427,0.024605920799692427,0.2761399461745483,-0.05536332179930796,-0.05911572472126105,0.07535563244905807,0.24415224913494812,-0.07111111111111111,0.08421376393694734,0.09356401384083046,0.17937716262975778,-0.09842368319876971,0.13016532103037293,-0.16000000000000003,0.21413302575932336,-0.2069357939254133,-0.03254133025759323,-0.07111111111111111,0.12456747404844293,-0.0629911572472126,0.010396001537870049,0.14173010380622836,-0.16633602460592078,-0.07972318339100345,0.05173394848135333,0.03844675124951941,-0.041584006151480196,0.01384083044982699,-0.14173010380622836,-0.03543252595155709,0.3014225297962323
IDW_SR_81,Unknown,23.7845383939224,90.5187606970789,,0.0081788220144437,6.721606005536122,0.0240804781535156,2.589641257106277,26.710155994196064,28.7120567594714,67.5682798826939,9.957823999836547,4.0153816056437535,58.67096795328989,36.38395580672957,33.68878028344717,37.649414676031846,28.98184969397925,32078.567312688763,142.062825575385,0.03543252595155709,-0.24415224913494812,0.04822760476739715,0.04822760476739715,-0.044844290657439445,0.09842368319876971,0.022206843521722412,0.017777777777777778,-0.05173394848135333,0.17279507881584008,0.2679584775086506,-0.05911572472126105,-0.17937716262975778,-0.14173010380622836,0.05911572472126105,0.06698961937716265,-0.06698961937716265,-0.14769703960015382,-0.11374086889657825,-0.012056901191849288,-0.03254133025759323,0.19986159169550174,-0.0629911572472126,0.05911572472126105,-0.11909265667051133,0.06698961937716265,0.10340638216070744,-0.12456747404844293,0.08421376393694734,0.09842368319876971,-0.007443291041906958,0.186082276047674,-0.10340638216070744,-0.029773164167627833,0.01384083044982699,0.2519646289888504,-0.029773164167627833,-0.15378700499807765,0.09356401384083046,0.2599000384467512,-0.04822760476739715,0.03254133025759323,0.09356401384083046,0.11909265667051133,-0.1085121107266436,0.14173010380622836,-0.16000000000000003,0.2679584775086506,-0.21413302575932336,-0.041584006151480196,0.024605920799692427,0.17279507881584008,-0.15378700499807765,-0.04822760476739715,0.14173010380622836,-0.11374086889657825,-0.04822760476739715,0.09842368319876971,0.007443291041906958,-0.024605920799692427,0.0015378700499807767,-0.13588619761630144,0.05911572472126105,0.2679584775086506
IDW_SR_82,Unknown,23.89467994471892,90.23190783087136,,0.0037300091329533,5.976693365666969,0.0073658177828924,2.0357446203430984,87.52632007332113,20.471440869446695,43.64781502193964,8.795084199244865,2.721121293443236,51.83884348074532,32.209487807941386,21.660782611776767,44.86224860552044,33.26103772607917,28691.408260615488,135.47448514387682,0.029773164167627833,-0.16633602460592078,0.07111111111111111,0.029773164167627833,-0.022206843521722412,0.13016532103037293,0.003014225297962322,0.03254133025759323,-0.022206843521722412,0.17937716262975778,0.2599000384467512,-0.03844675124951941,-0.15378700499807765,-0.11374086889657825,0.05173394848135333,0.10340638216070744,-0.11909265667051133,-0.1929104190695886,-0.11374086889657825,-0.07972318339100345,-0.06698961937716265,0.186082276047674,-0.08421376393694734,0.09842368319876971,-0.12456747404844293,0.05536332179930796,0.0629911572472126,-0.09356401384083046,0.07972318339100345,0.07535563244905807,-0.010396001537870049,0.15378700499807765,-0.13016532103037293,0.01384083044982699,0.0015378700499807767,0.2761399461745483,-0.003936947327950788,-0.13016532103037293,0.07535563244905807,0.24415224913494812,-0.04822760476739715,0.07535563244905807,0.11374086889657825,0.09842368319876971,-0.1085121107266436,0.16633602460592078,-0.13588619761630144,0.2761399461745483,-0.2069357939254133,-0.09356401384083046,-0.01574778931180315,0.12456747404844293,-0.14173010380622836,-0.07535563244905807,0.15378700499807765,-0.1929104190695886,-0.08882737408688965,0.07972318339100345,0.044844290657439445,-0.019930795847750864,-0.01384083044982699,-0.14769703960015382,0.10340638216070744,0.24415224913494812
IDW_SR_83,Unknown,23.867227559297213,90.55587287172618,,0.0069537322264635,3.8521355257793193,0.0074259088504583,1.4510793131956854,44.76375172018599,22.10798193570735,72.42748068634205,13.96413559097098,6.915672140978858,74.26847321744607,36.62958437630167,20.090792811923663,54.00178435933197,27.721427785459653,31997.394290430395,179.28033115283262,0.024605920799692427,-0.22145328719723184,0.017777777777777778,0.05536332179930796,-0.019930795847750864,0.15378700499807765,-0.006151480199923107,0.0629911572472126,-0.01574778931180315,0.2069357939254133,0.2599000384467512,-0.08421376393694734,-0.17279507881584008,-0.11374086889657825,0.07535563244905807,0.07535563244905807,-0.09356401384083046,-0.17279507881584008,-0.07535563244905807,-0.022206843521722412,-0.03844675124951941,0.16633602460592078,-0.019930795847750864,0.08421376393694734,-0.10340638216070744,0.041584006151480196,0.08882737408688965,-0.16000000000000003,0.05173394848135333,0.04822760476739715,-0.024605920799692427,0.21413302575932336,-0.05911572472126105,-0.041584006151480196,-0.041584006151480196,0.2364628988850442,0.000984236831987697,-0.12456747404844293,0.09842368319876971,0.28444444444444444,-0.029773164167627833,0.0271280276816609,0.09842368319876971,0.10340638216070744,-0.1085121107266436,0.13016532103037293,-0.16000000000000003,0.29287197231833906,-0.19986159169550174,-0.041584006151480196,0.03254133025759323,0.17279507881584008,-0.13588619761630144,-0.044844290657439445,0.14769703960015382,-0.11909265667051133,-0.07972318339100345,0.1085121107266436,0.0271280276816609,-0.05536332179930796,-0.0015378700499807767,-0.13588619761630144,0.07111111111111111,0.2599000384467512
IDW_SR_84,Unknown,23.643837063103543,90.56437465396174,,0.0166411319703518,16.438016219325775,0.0131812507916929,12.000732405629968,47.06792194964452,43.24636458630329,91.2944768764326,13.75918748009311,7.335353418304684,93.8921033806768,35.1969848848176,20.736757705297308,33.258497914645375,44.131017551409485,32196.43355823919,222.7880424773004,0.03254133025759323,-0.16633602460592078,0.05173394848135333,0.06698961937716265,-0.03254133025759323,0.15378700499807765,0.029773164167627833,0.012056901191849288,-0.041584006151480196,0.2364628988850442,0.2069357939254133,-0.05536332179930796,-0.1929104190695886,-0.12456747404844293,0.044844290657439445,0.11909265667051133,-0.14769703960015382,-0.13588619761630144,-0.11909265667051133,-0.0271280276816609,-0.10340638216070744,0.2069357939254133,-0.07535563244905807,0.13016532103037293,-0.05173394848135333,0.1085121107266436,0.13588619761630144,-0.13588619761630144,0.06698961937716265,0.010396001537870049,-0.017777777777777778,0.19986159169550174,-0.09356401384083046,0.0271280276816609,0.04822760476739715,0.24415224913494812,0.03254133025759323,-0.13016532103037293,0.12456747404844293,0.2069357939254133,-0.05536332179930796,0.06698961937716265,0.07535563244905807,0.10340638216070744,-0.08882737408688965,0.17279507881584008,-0.14769703960015382,0.2761399461745483,-0.19986159169550174,0.010396001537870049,0.006151480199923107,0.12456747404844293,-0.08882737408688965,-0.044844290657439445,0.17279507881584008,-0.14769703960015382,-0.06698961937716265,0.05536332179930796,-0.003936947327950788,-0.05173394848135333,-0.017777777777777778,-0.16000000000000003,0.11374086889657825,0.2599000384467512
IDW_SR_85,Unknown,23.75555715771286,90.24488051335145,,0.0727733921518944,2.049742492940613,0.0272714161247414,5.989664899575392,55.57770230844828,26.125111895589363,69.76682720093376,18.74805677253362,1.7944364656839882,43.51502412157788,31.62386832706937,58.8923700777937,27.031479402414053,18.03884877401328,24046.644961626236,126.70162293850429,0.044844290657439445,-0.13588619761630144,0.09842368319876971,0.05911572472126105,-0.017777777777777778,0.12456747404844293,0.05536332179930796,-0.0015378700499807767,-0.0015378700499807767,0.19986159169550174,0.2599000384467512,-0.022206843521722412,-0.16633602460592078,-0.12456747404844293,0.07111111111111111,0.11374086889657825,-0.12456747404844293,-0.2069357939254133,-0.14173010380622836,-0.08421376393694734,-0.07111111111111111,0.186082276047674,-0.07111111111111111,0.07972318339100345,-0.10340638216070744,0.0629911572472126,0.10340638216070744,-0.05911572472126105,0.044844290657439445,0.04822760476739715,-0.007443291041906958,0.16000000000000003,-0.09842368319876971,0.006151480199923107,-0.022206843521722412,0.2519646289888504,-0.007443291041906958,-0.13016532103037293,0.07972318339100345,0.24415224913494812,-0.03254133025759323,0.08882737408688965,0.08882737408688965,0.11374086889657825,-0.09842368319876971,0.186082276047674,-0.14173010380622836,0.2599000384467512,-0.19986159169550174,-0.10340638216070744,-0.022206843521722412,0.12456747404844293,-0.09356401384083046,-0.09842368319876971,0.16000000000000003,-0.186082276047674,-0.10340638216070744,0.07972318339100345,0.022206843521722412,-0.04822760476739715,-0.008858131487889272,-0.15378700499807765,0.1085121107266436,0.2519646289888504
IDW_SR_86,Unknown,23.807097502909677,90.36549795696364,,0.0449838236332108,16.914907385039232,0.0255544078922641,3.429835218037282,22.634661421715997,40.54358939884787,82.80705668266663,14.119417971613844,3.223390147567505,120.60028837407538,33.253477302444324,20.609816755597656,41.68477502853025,38.23125393061645,45388.65845231501,245.41531100298295,0.07535563244905807,-0.186082276047674,0.24415224913494812,-0.06698961937716265,-0.03254133025759323,0.06698961937716265,-0.03543252595155709,0.024605920799692427,-0.17937716262975778,0.16000000000000003,0.28444444444444444,0.019930795847750864,-0.2069357939254133,-0.006151480199923107,-0.05911572472126105,0.04822760476739715,0.0271280276816609,-0.10340638216070744,-0.07972318339100345,-0.09356401384083046,-0.07535563244905807,0.19986159169550174,-0.03844675124951941,-0.16633602460592078,-0.03254133025759323,0.08421376393694734,0.10340638216070744,0.11374086889657825,-0.07535563244905807,0.12456747404844293,0.09356401384083046,0.10340638216070744,-0.16000000000000003,-0.05536332179930796,-0.019930795847750864,0.11909265667051133,-0.39369473279507883,-0.017777777777777778,0.010396001537870049,0.2364628988850442,0.09842368319876971,0.16633602460592078,-0.07535563244905807,0.08882737408688965,0.01384083044982699,0.12456747404844293,0.01574778931180315,0.14173010380622836,-0.024605920799692427,-0.12456747404844293,0.07111111111111111,0.21413302575932336,-0.15378700499807765,-0.11374086889657825,0.16000000000000003,-0.21413302575932336,0.05536332179930796,-0.012056901191849288,0.05911572472126105,-0.05173394848135333,0.03254133025759323,-0.024605920799692427,0.03543252595155709,0.017777777777777778
IDW_SR_87,Unknown,23.935021644886657,90.08595458770736,,0.0252605651003906,9.225975124784153,0.0190105492547609,3.882462115779489,61.81613203136237,28.875156023398887,65.0634972648887,12.30142837928821,2.9995073115852353,66.83432948983075,32.743661140954664,29.52084494961228,40.24645177841968,29.689850328811826,33833.99998477055,163.05656589502925,0.012056901191849288,-0.03844675124951941,0.09842368319876971,-0.003936947327950788,0.007443291041906958,0.17279507881584008,-0.041584006151480196,-0.01384083044982699,-0.04822760476739715,0.2599000384467512,0.13016532103037293,-0.0015378700499807767,-0.29287197231833906,-0.041584006151480196,0.019930795847750864,0.17937716262975778,-0.2679584775086506,-0.041584006151480196,-0.186082276047674,-0.08421376393694734,-0.2288965782391388,0.24415224913494812,-0.11374086889657825,0.0629911572472126,0.041584006151480196,0.2364628988850442,0.0271280276816609,-0.06698961937716265,-0.0271280276816609,0.1085121107266436,0.07972318339100345,-0.044844290657439445,-0.1085121107266436,0.006151480199923107,0.17279507881584008,0.24415224913494812,-0.08421376393694734,0.05536332179930796,0.1085121107266436,0.09356401384083046,-0.01574778931180315,0.13588619761630144,-0.09356401384083046,0.2288965782391388,0.003014225297962322,0.09842368319876971,0.03543252595155709,0.14173010380622836,-0.09842368319876971,0.186082276047674,-0.0271280276816609,0.08882737408688965,0.007443291041906958,-0.07972318339100345,0.22145328719723184,-0.13016532103037293,-0.08882737408688965,-0.03844675124951941,-0.09842368319876971,-0.05173394848135333,-0.09356401384083046,-0.1085121107266436,-0.008858131487889272,0.11909265667051133
IDW_SR_88,Unknown,23.99113071061431,90.2161658480947,,0.0202719550525403,9.249526596767096,0.0149828856937434,3.52994993686904,65.9638528388287,27.14720757654038,59.49371612948835,11.079832410666944,2.9607503242804016,66.19440790743985,32.80352340662082,25.712656532545548,42.35937494643485,31.514237339482214,33162.66499796392,160.23473115187468,0.07111111111111111,-0.024605920799692427,0.15378700499807765,0.08421376393694734,6.151480199923106e-05,0.1085121107266436,0.10340638216070744,-0.04822760476739715,0.017777777777777778,0.2069357939254133,0.2679584775086506,-0.03254133025759323,-0.21413302575932336,-0.14173010380622836,0.000984236831987697,0.06698961937716265,-0.1085121107266436,-0.24415224913494812,-0.14173010380622836,-0.08421376393694734,-0.09356401384083046,0.22145328719723184,-0.05911572472126105,0.1085121107266436,0.000984236831987697,0.1085121107266436,0.11909265667051133,0.07111111111111111,0.029773164167627833,0.017777777777777778,-0.019930795847750864,0.17937716262975778,-0.010396001537870049,0.044844290657439445,-0.007443291041906958,0.3278123798539023,-0.03254133025759323,-0.07972318339100345,0.14769703960015382,0.17937716262975778,-0.004982698961937716,0.11374086889657825,0.07111111111111111,0.12456747404844293,-0.09842368319876971,0.10340638216070744,-0.1085121107266436,0.24415224913494812,-0.11909265667051133,-0.019930795847750864,-0.05536332179930796,0.11909265667051133,-0.029773164167627833,-0.07972318339100345,0.22145328719723184,-0.14769703960015382,-0.17937716262975778,0.09356401384083046,-0.044844290657439445,-0.01384083044982699,-0.024605920799692427,-0.07972318339100345,0.1085121107266436,0.2069357939254133
IDW_SR_89,Unknown,23.625820664741024,90.39150127208735,,0.0025018098282823,25.825253685788702,0.0545567118278379,8.975284798256151,69.26079010354218,15.199067729070508,96.79801080223912,19.79131905047241,1.011350461269145,34.212443654641454,34.5150686285087,12.261937081629616,64.59553866387749,25.108894310222983,43429.55193168824,122.18735849693842,0.024605920799692427,-0.1929104190695886,0.0271280276816609,0.06698961937716265,-0.041584006151480196,0.13016532103037293,-0.0005536332179930795,0.03844675124951941,-0.044844290657439445,0.1929104190695886,0.2679584775086506,-0.06698961937716265,-0.186082276047674,-0.09842368319876971,0.0629911572472126,0.08882737408688965,-0.07972318339100345,-0.17937716262975778,-0.10340638216070744,-0.0271280276816609,-0.041584006151480196,0.19986159169550174,-0.03844675124951941,0.07535563244905807,-0.14173010380622836,0.041584006151480196,0.09356401384083046,-0.13588619761630144,0.07535563244905807,0.04822760476739715,0.006151480199923107,0.2069357939254133,-0.07535563244905807,-0.019930795847750864,-0.024605920799692427,0.24415224913494812,-0.01574778931180315,-0.11909265667051133,0.07972318339100345,0.2761399461745483,-0.029773164167627833,0.05173394848135333,0.13016532103037293,0.09842368319876971,-0.13588619761630144,0.14769703960015382,-0.15378700499807765,0.2599000384467512,-0.21413302575932336,-0.07972318339100345,0.03543252595155709,0.16000000000000003,-0.12456747404844293,-0.0629911572472126,0.12456747404844293,-0.11909265667051133,-0.05173394848135333,0.10340638216070744,0.019930795847750864,-0.041584006151480196,-0.004982698961937716,-0.16633602460592078,0.05173394848135333,0.2679584775086506
IDW_SR_90,Unknown,23.61273054318166,90.4304306781288,,0.0311862842699891,15.581440964504411,0.0306794034840773,8.509800724678476,64.10269155320246,33.37209970466921,104.67856973673936,14.46799205316934,4.310801940175768,86.96632815696685,34.533519099394546,21.36983058632414,42.61076610937239,35.961223995711705,40452.77034624803,213.6858392618946,0.05173394848135333,-0.24415224913494812,0.024605920799692427,0.01384083044982699,-0.05536332179930796,0.11909265667051133,-0.0005536332179930795,-0.05536332179930796,-0.07111111111111111,0.16633602460592078,0.2761399461745483,-0.03844675124951941,-0.2069357939254133,-0.11909265667051133,0.03844675124951941,0.09842368319876971,-0.10340638216070744,-0.16000000000000003,-0.186082276047674,-0.0271280276816609,-0.10340638216070744,0.22145328719723184,-0.09356401384083046,0.024605920799692427,-0.09842368319876971,0.11374086889657825,0.09356401384083046,-0.09356401384083046,0.05173394848135333,0.11909265667051133,0.06698961937716265,0.09842368319876971,-0.11374086889657825,-0.05173394848135333,0.0271280276816609,0.2364628988850442,-0.1085121107266436,-0.08882737408688965,0.11909265667051133,0.2364628988850442,-0.03254133025759323,0.07972318339100345,0.05173394848135333,0.14769703960015382,-0.07535563244905807,0.16000000000000003,-0.08882737408688965,0.2679584775086506,-0.21413302575932336,-0.05536332179930796,0.004982698961937716,0.14769703960015382,-0.11909265667051133,-0.041584006151480196,0.16000000000000003,-0.14769703960015382,-0.044844290657439445,0.05911572472126105,6.151480199923106e-05,-0.017777777777777778,0.003936947327950788,-0.14769703960015382,0.044844290657439445,0.24415224913494812
IDW_SR_91,Unknown,23.99064010435438,90.21618124682232,,0.0202008916424231,9.235466424254554,0.0149473504240333,3.5232569111868863,66.06119334610341,27.118086415659793,59.41875175781929,11.07005046953753,2.959152457236875,66.12876338737618,32.80013006256917,25.695470546642223,42.3702939427946,31.521122673396547,33142.535136621715,160.11988800541764,0.06698961937716265,-0.022206843521722412,0.17279507881584008,0.08421376393694734,-0.003014225297962322,0.11909265667051133,0.11374086889657825,-0.04822760476739715,0.019930795847750864,0.2364628988850442,0.2519646289888504,-0.029773164167627833,-0.21413302575932336,-0.13588619761630144,0.0271280276816609,0.10340638216070744,-0.09842368319876971,-0.2288965782391388,-0.14173010380622836,-0.08882737408688965,-0.08421376393694734,0.2364628988850442,-0.05536332179930796,0.1085121107266436,0.004982698961937716,0.10340638216070744,0.11374086889657825,0.07535563244905807,0.05173394848135333,0.04822760476739715,-0.03254133025759323,0.16633602460592078,-0.007443291041906958,0.03844675124951941,0.008858131487889272,0.3278123798539023,-0.029773164167627833,-0.08421376393694734,0.12456747404844293,0.17279507881584008,-0.029773164167627833,0.11909265667051133,0.04822760476739715,0.13016532103037293,-0.09842368319876971,0.1085121107266436,-0.09842368319876971,0.24415224913494812,-0.09356401384083046,-0.0271280276816609,-0.03254133025759323,0.1085121107266436,-0.04822760476739715,-0.09842368319876971,0.2288965782391388,-0.16000000000000003,-0.17937716262975778,0.08882737408688965,-0.03254133025759323,-0.012056901191849288,-0.03844675124951941,-0.08882737408688965,0.1085121107266436,0.1929104190695886
IDW_SR_92,Unknown,23.706594186952675,90.28086222139244,,0.0729604273590663,14.78529936229443,0.1181739296588622,5.015271101492831,64.11805831411917,30.59079838662701,73.75674520577188,20.66983109798504,1.5015746398884542,54.30926733838942,32.838719727181086,60.34296502490176,24.213854153011606,10.654257508588907,35146.91113105508,148.67032092023726,0.019930795847750864,-0.17937716262975778,0.03254133025759323,0.05536332179930796,-0.024605920799692427,0.14173010380622836,0.017777777777777778,0.03844675124951941,-0.029773164167627833,0.1929104190695886,0.2761399461745483,-0.044844290657439445,-0.19986159169550174,-0.09842368319876971,0.05536332179930796,0.07535563244905807,-0.11909265667051133,-0.17937716262975778,-0.11374086889657825,-0.05911572472126105,-0.08421376393694734,0.17279507881584008,-0.05536332179930796,0.07972318339100345,-0.10340638216070744,0.05536332179930796,0.0629911572472126,-0.11374086889657825,0.05536332179930796,0.05911572472126105,0.007443291041906958,0.17279507881584008,-0.09356401384083046,0.0015378700499807767,-0.008858131487889272,0.2679584775086506,-0.003014225297962322,-0.11909265667051133,0.07535563244905807,0.2599000384467512,-0.03254133025759323,0.06698961937716265,0.12456747404844293,0.1085121107266436,-0.11374086889657825,0.14173010380622836,-0.16000000000000003,0.2519646289888504,-0.22145328719723184,-0.07111111111111111,0.006151480199923107,0.14173010380622836,-0.11374086889657825,-0.06698961937716265,0.14173010380622836,-0.15378700499807765,-0.09356401384083046,0.09356401384083046,0.0271280276816609,-0.05173394848135333,0.006151480199923107,-0.17279507881584008,0.0629911572472126,0.28444444444444444
IDW_SR_93,Unknown,23.977406309926497,90.21537681939812,,0.0180214445424051,8.798975833205002,0.0139066630428604,3.321268870112209,69.02651184790528,26.232654172846487,57.188706532408254,10.774526682853706,2.914445280038983,64.13031542847486,32.703281799044824,25.20965357451437,42.66394368338789,31.734431731488513,32516.504411087044,156.65194215845418,0.041584006151480196,-0.16000000000000003,0.08421376393694734,0.03844675124951941,-0.029773164167627833,0.11374086889657825,0.03844675124951941,-0.008858131487889272,-0.01384083044982699,0.2288965782391388,0.2364628988850442,-0.01574778931180315,-0.17279507881584008,-0.10340638216070744,0.044844290657439445,0.12456747404844293,-0.08421376393694734,-0.186082276047674,-0.13016532103037293,-0.10340638216070744,-0.03543252595155709,0.2069357939254133,-0.08421376393694734,0.13588619761630144,-0.09842368319876971,0.07972318339100345,0.09356401384083046,-0.05173394848135333,0.07972318339100345,0.08882737408688965,-0.05536332179930796,0.14769703960015382,-0.05536332179930796,-0.03543252595155709,-0.01384083044982699,0.24415224913494812,-0.03844675124951941,-0.14769703960015382,0.11374086889657825,0.21413302575932336,-0.05911572472126105,0.05536332179930796,0.07535563244905807,0.06698961937716265,-0.11374086889657825,0.15378700499807765,-0.08882737408688965,0.3014225297962323,-0.2069357939254133,-0.07535563244905807,0.024605920799692427,0.12456747404844293,-0.14173010380622836,-0.14769703960015382,0.19986159169550174,-0.17279507881584008,-0.12456747404844293,0.07972318339100345,0.010396001537870049,-0.022206843521722412,0.003936947327950788,-0.14173010380622836,0.12456747404844293,0.2069357939254133
IDW_SR_94,Unknown,23.92130810485287,90.58683235958168,,0.0173479507170835,7.729729409233043,0.0156835859709993,3.3342186904770013,41.64575444060695,28.311839916632405,74.95194086566187,12.725727573541718,5.235236602080921,76.3183169747987,35.67995594732358,25.08695534150879,45.00058833906618,30.552190705672448,34068.21712592577,179.98038832974484,0.01384083044982699,-0.17937716262975778,0.0629911572472126,0.05173394848135333,0.003014225297962322,0.14173010380622836,0.017777777777777778,0.07111111111111111,-0.05173394848135333,0.2288965782391388,0.2599000384467512,-0.07535563244905807,-0.15378700499807765,-0.13016532103037293,0.044844290657439445,0.0629911572472126,-0.09356401384083046,-0.17937716262975778,-0.07535563244905807,-0.044844290657439445,-0.022206843521722412,0.17279507881584008,-0.05173394848135333,0.08882737408688965,-0.06698961937716265,0.0629911572472126,0.1085121107266436,-0.13588619761630144,0.05911572472126105,0.08882737408688965,-0.04822760476739715,0.21413302575932336,-0.04822760476739715,0.019930795847750864,-0.003014225297962322,0.2364628988850442,0.0271280276816609,-0.13588619761630144,0.10340638216070744,0.2519646289888504,-0.03543252595155709,0.008858131487889272,0.1085121107266436,0.11374086889657825,-0.10340638216070744,0.14173010380622836,-0.11909265667051133,0.3014225297962323,-0.186082276047674,-0.04822760476739715,0.01384083044982699,0.16000000000000003,-0.14173010380622836,-0.04822760476739715,0.16633602460592078,-0.16000000000000003,-0.09842368319876971,0.09356401384083046,0.04822760476739715,-0.0629911572472126,-0.03844675124951941,-0.13588619761630144,0.09842368319876971,0.2679584775086506
IDW_SR_95,Unknown,23.80169605530293,90.10491675955986,,0.0308519377481288,8.98623675410688,0.0231884236038818,4.219763519264292,59.84630236672776,29.97921215333759,68.19026888022034,13.576576982826785,2.8339392039386784,64.59043165052788,32.525120124120285,34.68252941999241,37.30400938190501,27.38546968535445,33479.21181597515,160.6384519904255,0.0271280276816609,-0.19986159169550174,0.05911572472126105,0.041584006151480196,-0.0271280276816609,0.14769703960015382,0.01384083044982699,0.03844675124951941,-0.012056901191849288,0.2069357939254133,0.2519646289888504,-0.04822760476739715,-0.17279507881584008,-0.1085121107266436,0.07111111111111111,0.11374086889657825,-0.1085121107266436,-0.1929104190695886,-0.08882737408688965,-0.05173394848135333,-0.03543252595155709,0.17279507881584008,-0.06698961937716265,0.05911572472126105,-0.14173010380622836,0.07535563244905807,0.11909265667051133,-0.14769703960015382,0.07535563244905807,0.0629911572472126,-0.007443291041906958,0.17937716262975778,-0.1085121107266436,-0.006151480199923107,6.151480199923106e-05,0.2599000384467512,0.002214532871972318,-0.13016532103037293,0.07535563244905807,0.2519646289888504,-0.05911572472126105,0.07535563244905807,0.10340638216070744,0.08882737408688965,-0.11374086889657825,0.14173010380622836,-0.16000000000000003,0.2679584775086506,-0.19986159169550174,-0.06698961937716265,0.024605920799692427,0.15378700499807765,-0.13016532103037293,-0.05536332179930796,0.14769703960015382,-0.15378700499807765,-0.06698961937716265,0.08421376393694734,0.044844290657439445,-0.03543252595155709,0.007443291041906958,-0.13588619761630144,0.04822760476739715,0.24415224913494812
IDW_SR_96,Unknown,23.81775575265261,90.5433649606997,,0.0023292956307022,2.1057088407327003,0.0034748743125641,0.5894749596163753,47.449576366877714,19.107438725125803,71.61722434570426,14.75062315345504,7.836294626941439,74.23434195531017,37.034507934630504,17.580930836468845,58.629589763316105,26.231293223822856,31127.03125662108,181.2142654786727,0.0271280276816609,-0.21413302575932336,0.05911572472126105,0.03844675124951941,-0.03844675124951941,0.11909265667051133,0.004982698961937716,0.05173394848135333,-0.0271280276816609,0.17279507881584008,0.29287197231833906,-0.07111111111111111,-0.186082276047674,-0.13588619761630144,0.0629911572472126,0.0629911572472126,-0.07972318339100345,-0.16633602460592078,-0.10340638216070744,-0.029773164167627833,-0.03254133025759323,0.19986159169550174,-0.044844290657439445,0.10340638216070744,-0.11374086889657825,0.041584006151480196,0.07535563244905807,-0.12456747404844293,0.08882737408688965,0.08882737408688965,0.007443291041906958,0.186082276047674,-0.09356401384083046,-0.01574778931180315,0.010396001537870049,0.2519646289888504,-0.0271280276816609,-0.12456747404844293,0.07972318339100345,0.2519646289888504,-0.07535563244905807,0.024605920799692427,0.10340638216070744,0.12456747404844293,-0.1085121107266436,0.13588619761630144,-0.14173010380622836,0.2679584775086506,-0.2069357939254133,-0.03844675124951941,0.006151480199923107,0.16633602460592078,-0.16000000000000003,-0.044844290657439445,0.15378700499807765,-0.12456747404844293,-0.06698961937716265,0.08882737408688965,0.03254133025759323,-0.022206843521722412,-0.03254133025759323,-0.14769703960015382,0.05911572472126105,0.2599000384467512
IDW_SR_97,Unknown,23.866707381194825,90.5546937331564,,0.0067923908897516,3.787178399398288,0.0072763681919149,1.418042631558654,44.827992860645075,21.996726126187824,72.3790942681767,13.987146007961012,6.9429329197878245,74.23884434539768,36.64382956492628,19.998047644286412,54.16653992889405,27.668976404007076,31963.96674775223,179.27474851169632,0.019930795847750864,-0.21413302575932336,0.029773164167627833,0.04822760476739715,-0.01384083044982699,0.14769703960015382,0.010396001537870049,0.07111111111111111,-0.022206843521722412,0.2069357939254133,0.2599000384467512,-0.08421376393694734,-0.16000000000000003,-0.11909265667051133,0.07972318339100345,0.06698961937716265,-0.07972318339100345,-0.16633602460592078,-0.0629911572472126,-0.03543252595155709,-0.024605920799692427,0.16633602460592078,-0.024605920799692427,0.07111111111111111,-0.09356401384083046,0.03844675124951941,0.10340638216070744,-0.16000000000000003,0.05536332179930796,0.05911572472126105,-0.03844675124951941,0.22145328719723184,-0.06698961937716265,-0.029773164167627833,-0.03844675124951941,0.2288965782391388,0.010396001537870049,-0.13016532103037293,0.10340638216070744,0.2761399461745483,-0.022206843521722412,0.022206843521722412,0.10340638216070744,0.11374086889657825,-0.11374086889657825,0.14173010380622836,-0.15378700499807765,0.28444444444444444,-0.19986159169550174,-0.05536332179930796,0.03543252595155709,0.17279507881584008,-0.14173010380622836,-0.044844290657439445,0.14769703960015382,-0.13016532103037293,-0.07972318339100345,0.10340638216070744,0.041584006151480196,-0.0629911572472126,0.010396001537870049,-0.13016532103037293,0.07111111111111111,0.2599000384467512
IDW_SR_98,Unknown,23.75900170474401,90.26569590218114,,0.0582424258127728,5.345881428500782,0.0303190029881709,5.343277222756093,55.68882056910675,29.12545955259523,70.6123301422688,17.41118080044867,2.094052919174394,52.636439426427394,31.936264911789824,51.91189155886713,29.20665310187317,20.638458372102733,28022.995259497984,141.8600686545758,0.04822760476739715,-0.09356401384083046,0.06698961937716265,0.08421376393694734,-0.002214532871972318,0.13588619761630144,0.08882737408688965,-0.05173394848135333,0.003014225297962322,0.1929104190695886,0.21413302575932336,-0.04822760476739715,-0.16000000000000003,-0.11909265667051133,0.044844290657439445,0.08882737408688965,-0.11374086889657825,-0.19986159169550174,-0.15378700499807765,-0.05911572472126105,-0.10340638216070744,0.21413302575932336,-0.09356401384083046,0.10340638216070744,-0.07972318339100345,0.08421376393694734,0.14173010380622836,-0.019930795847750864,0.03254133025759323,-0.01574778931180315,0.010396001537870049,0.17937716262975778,-0.044844290657439445,-0.022206843521722412,-0.03543252595155709,0.3014225297962323,-0.041584006151480196,-0.11909265667051133,0.11909265667051133,0.22145328719723184,-0.007443291041906958,0.1085121107266436,0.09842368319876971,0.08882737408688965,-0.09356401384083046,0.17937716262975778,-0.14769703960015382,0.2679584775086506,-0.22145328719723184,-0.08882737408688965,-0.029773164167627833,0.10340638216070744,-0.0629911572472126,-0.06698961937716265,0.17279507881584008,-0.16000000000000003,-0.11909265667051133,0.09842368319876971,-0.029773164167627833,-0.041584006151480196,-6.151480199923106e-05,-0.14769703960015382,0.09842368319876971,0.2519646289888504
IDW_SR_99,Unknown,23.84293607652752,90.52982371618974,,0.0037946313520211,2.6178826993688045,0.0048370747782196,0.8587808358155677,45.03909092427275,20.174085362844547,71.15260878883174,14.19171994641577,7.273623838704598,72.64086250529327,36.90300078917751,18.636239301684185,56.52518569201693,26.919540490831487,31261.011810469263,176.7499602441154,0.04822760476739715,-0.13016532103037293,0.11909265667051133,-0.002214532871972318,-0.01574778931180315,0.12456747404844293,-0.05173394848135333,0.002214532871972318,-0.09356401384083046,0.24415224913494812,0.24415224913494812,0.022206843521722412,-0.29287197231833906,-0.03254133025759323,0.04822760476739715,0.14173010380622836,-0.15378700499807765,-0.0271280276816609,-0.16633602460592078,-0.09356401384083046,-0.17279507881584008,0.2519646289888504,-0.041584006151480196,-0.022206843521722412,-0.08421376393694734,0.07972318339100345,0.0271280276816609,-0.041584006151480196,-0.03543252595155709,0.19986159169550174,-0.004982698961937716,0.07535563244905807,-0.07535563244905807,-0.07972318339100345,0.0629911572472126,0.19986159169550174,-0.13016532103037293,-0.05173394848135333,0.12456747404844293,0.1929104190695886,-0.008858131487889272,0.10340638216070744,-0.07535563244905807,0.16000000000000003,-0.07972318339100345,0.13588619761630144,0.004982698961937716,0.19986159169550174,-0.15378700499807765,-0.0271280276816609,0.05536332179930796,0.14769703960015382,-0.08882737408688965,-0.14769703960015382,0.2288965782391388,-0.17937716262975778,-0.11909265667051133,0.07972318339100345,-0.019930795847750864,-0.0629911572472126,0.029773164167627833,-0.15378700499807765,0.14173010380622836,0.13588619761630144
IDW_SR_100,Unknown,23.89797225978355,90.11988163960152,,0.0230666208396156,8.558930693942225,0.0174427942741633,3.599532751053271,64.75006500995917,28.024692573304243,62.202901258243045,12.14962795924211,2.9082513638512015,63.728971821692205,32.49612952840069,29.09345954543828,40.90364167144177,29.41958983900216,33233.532345196814,157.62112302538864,0.044844290657439445,-0.11374086889657825,0.09356401384083046,0.019930795847750864,-0.041584006151480196,0.14173010380622836,-0.012056901191849288,0.07111111111111111,-0.041584006151480196,0.2599000384467512,0.2679584775086506,-0.07535563244905807,-0.186082276047674,-0.09842368319876971,0.019930795847750864,0.1085121107266436,-0.08421376393694734,-0.2364628988850442,-0.05536332179930796,-0.044844290657439445,-0.003936947327950788,0.17937716262975778,0.01574778931180315,0.05911572472126105,-0.10340638216070744,0.07535563244905807,0.07972318339100345,-0.11374086889657825,0.029773164167627833,0.05911572472126105,-0.007443291041906958,0.1929104190695886,0.003936947327950788,-0.010396001537870049,-0.010396001537870049,0.2364628988850442,0.0629911572472126,-0.09356401384083046,0.07111111111111111,0.2364628988850442,-0.07111111111111111,0.029773164167627833,0.09356401384083046,0.13016532103037293,-0.11374086889657825,0.12456747404844293,-0.11909265667051133,0.29287197231833906,-0.17937716262975778,-0.03543252595155709,0.017777777777777778,0.17937716262975778,-0.08421376393694734,-0.05536332179930796,0.17937716262975778,-0.14769703960015382,-0.11909265667051133,0.1085121107266436,0.07535563244905807,-0.09356401384083046,-0.019930795847750864,-0.14173010380622836,0.03543252595155709,0.28444444444444444
