Stations,River,Lat,Long,geometry,hydrological_dist_to_nearest_BF,num_upstream_BF,hydrological_dist_to_nearest_IND,num_upstream_IND,CrW,NiW,CuW,AsW,CdW,PbW,MW,SandW,SiltW,ClayW,FeW,RI,AE_00,AE_01,AE_02,AE_03,AE_04,AE_05,AE_06,AE_07,AE_08,AE_09,AE_10,AE_11,AE_12,AE_13,AE_14,AE_15,AE_16,AE_17,AE_18,AE_19,AE_20,AE_21,AE_22,AE_23,AE_24,AE_25,AE_26,AE_27,AE_28,AE_29,AE_30,AE_31,AE_32,AE_33,AE_34,AE_35,AE_36,AE_37,AE_38,AE_39,AE_40,AE_41,AE_42,AE_43,AE_44,AE_45,AE_46,AE_47,AE_48,AE_49,AE_50,AE_51,AE_52,AE_53,AE_54,AE_55,AE_56,AE_57,AE_58,AE_59,AE_60,AE_61,AE_62,AE_63
S1,Dhaleshwari,23.91026,90.229845,POINT (10044340.399756001 2742476.70627368),0.0002,6.0,0.006789622,2.0,106.58,34.35,69.95,9.12,4.43,105.9,30.69,16.0,51.0,28.0,29400.0,133.26,0.03844675124951941,-0.2288965782391388,0.07972318339100345,0.022206843521722412,-0.03844675124951941,0.05911572472126105,0.006151480199923107,0.012056901191849288,-0.0629911572472126,0.14769703960015382,0.29287197231833906,-0.007443291041906958,-0.1929104190695886,-0.08882737408688965,0.019930795847750864,0.08421376393694734,-0.044844290657439445,-0.17279507881584008,-0.13588619761630144,-0.08882737408688965,-0.0271280276816609,0.1929104190695886,-0.05911572472126105,0.05173394848135333,-0.15378700499807765,0.022206843521722412,0.024605920799692427,-0.019930795847750864,0.08882737408688965,0.12456747404844293,0.024605920799692427,0.1085121107266436,-0.13016532103037293,-0.08421376393694734,0.017777777777777778,0.2364628988850442,-0.12456747404844293,-0.1085121107266436,0.041584006151480196,0.2761399461745483,-0.07535563244905807,0.044844290657439445,0.13016532103037293,0.1085121107266436,-0.07535563244905807,0.17937716262975778,-0.10340638216070744,0.2679584775086506,-0.19986159169550174,-0.09842368319876971,-0.008858131487889272,0.16633602460592078,-0.186082276047674,-0.07535563244905807,0.15378700499807765,-0.16633602460592078,-0.08882737408688965,0.07972318339100345,0.0271280276816609,-0.029773164167627833,0.010396001537870049,-0.16633602460592078,0.0629911572472126,0.2364628988850442
S2,Dhaleshwari,23.858227,90.240038,POINT (10045475.079325657 2736141.9436627394),2e-05,1.0,0.0,0.0,104.28,27.1,75.12,13.79,3.82,96.14,32.41,16.0,62.0,27.0,32100.0,115.16,0.017777777777777778,-0.1929104190695886,0.05173394848135333,0.05173394848135333,-0.0271280276816609,0.13016532103037293,0.002214532871972318,0.029773164167627833,-0.012056901191849288,0.16633602460592078,0.2761399461745483,-0.05911572472126105,-0.186082276047674,-0.1085121107266436,0.05536332179930796,0.08421376393694734,-0.1085121107266436,-0.17937716262975778,-0.09356401384083046,-0.07111111111111111,-0.041584006151480196,0.2069357939254133,-0.04822760476739715,0.08421376393694734,-0.14769703960015382,0.022206843521722412,0.09356401384083046,-0.12456747404844293,0.07535563244905807,0.0629911572472126,0.019930795847750864,0.17937716262975778,-0.07535563244905807,-0.01574778931180315,-0.017777777777777778,0.2519646289888504,-0.012056901191849288,-0.12456747404844293,0.0629911572472126,0.2519646289888504,-0.05173394848135333,0.03844675124951941,0.11909265667051133,0.1085121107266436,-0.09842368319876971,0.15378700499807765,-0.14173010380622836,0.29287197231833906,-0.1929104190695886,-0.044844290657439445,-0.007443291041906958,0.13588619761630144,-0.16633602460592078,-0.0629911572472126,0.13588619761630144,-0.17937716262975778,-0.07111111111111111,0.05911572472126105,0.041584006151480196,-0.07535563244905807,-0.019930795847750864,-0.16633602460592078,0.07535563244905807,0.2519646289888504
S3,Dhaleshwari,23.802571,90.24539,POINT (10046070.861240383 2729368.914036628),0.0002,6.0,0.0021,4.0,89.77,59.33,71.13,26.17,2.95,77.36,30.14,57.0,30.0,17.0,27970.0,107.92,0.003014225297962322,-0.1929104190695886,0.0271280276816609,0.07972318339100345,-0.0015378700499807767,0.14769703960015382,-0.019930795847750864,0.07111111111111111,-0.024605920799692427,0.21413302575932336,0.24415224913494812,-0.0629911572472126,-0.186082276047674,-0.08421376393694734,0.08882737408688965,0.07972318339100345,-0.09842368319876971,-0.16633602460592078,-0.06698961937716265,-0.041584006151480196,-0.05173394848135333,0.1929104190695886,-0.03543252595155709,0.09356401384083046,-0.11909265667051133,0.029773164167627833,0.12456747404844293,-0.17937716262975778,0.05173394848135333,0.041584006151480196,-0.0271280276816609,0.21413302575932336,-0.05173394848135333,-0.019930795847750864,-0.03543252595155709,0.2288965782391388,0.012056901191849288,-0.09842368319876971,0.09842368319876971,0.2761399461745483,-0.0271280276816609,0.04822760476739715,0.09842368319876971,0.07972318339100345,-0.13016532103037293,0.12456747404844293,-0.14769703960015382,0.28444444444444444,-0.19986159169550174,-0.06698961937716265,0.03543252595155709,0.15378700499807765,-0.13588619761630144,-0.0629911572472126,0.14769703960015382,-0.13588619761630144,-0.07111111111111111,0.08421376393694734,0.012056901191849288,-0.07535563244905807,-0.010396001537870049,-0.14173010380622836,0.08421376393694734,0.2599000384467512
S4,Dhaleshwari,23.754298,90.246581,POINT (10046203.442753918 2723496.704977303),0.073025954,2.0,0.027233506,6.0,71.55,49.17,92.34,25.35,2.36,90.48,29.58,71.0,18.0,13.0,25780.0,126.51,0.04822760476739715,-0.14173010380622836,0.08421376393694734,0.05536332179930796,-0.01574778931180315,0.14769703960015382,0.044844290657439445,-0.004982698961937716,0.0005536332179930795,0.19986159169550174,0.24415224913494812,-0.03844675124951941,-0.17937716262975778,-0.14173010380622836,0.08421376393694734,0.12456747404844293,-0.13588619761630144,-0.1929104190695886,-0.13016532103037293,-0.0629911572472126,-0.07972318339100345,0.19986159169550174,-0.06698961937716265,0.08421376393694734,-0.09356401384083046,0.06698961937716265,0.11909265667051133,-0.08421376393694734,0.04822760476739715,0.044844290657439445,0.008858131487889272,0.17279507881584008,-0.07535563244905807,-0.004982698961937716,-0.010396001537870049,0.2761399461745483,-0.012056901191849288,-0.13588619761630144,0.06698961937716265,0.2288965782391388,-0.024605920799692427,0.08421376393694734,0.07111111111111111,0.11374086889657825,-0.07972318339100345,0.16633602460592078,-0.15378700499807765,0.2679584775086506,-0.1929104190695886,-0.0629911572472126,-0.01384083044982699,0.12456747404844293,-0.1085121107266436,-0.07535563244905807,0.16633602460592078,-0.17937716262975778,-0.06698961937716265,0.0629911572472126,0.008858131487889272,-0.05911572472126105,-0.01384083044982699,-0.16000000000000003,0.08882737408688965,0.2679584775086506
S5,Dhaleshwari,23.702157,90.277077,POINT (10049598.24194515 2717156.4153029486),0.074112534,15.0,0.1221633,5.0,100.15,50.68,100.22,28.37,2.1,79.1,33.78,75.0,19.0,9.0,36480.0,147.44,0.007443291041906958,-0.019930795847750864,0.13588619761630144,-0.03543252595155709,0.006151480199923107,0.17279507881584008,-0.008858131487889272,0.03543252595155709,-0.11374086889657825,0.2519646289888504,0.10340638216070744,0.05536332179930796,-0.2679584775086506,-0.0015378700499807767,0.05911572472126105,0.15378700499807765,-0.19986159169550174,0.041584006151480196,-0.14173010380622836,-0.10340638216070744,-0.33685505574778934,0.24415224913494812,-0.09356401384083046,0.041584006151480196,0.09356401384083046,0.24415224913494812,0.022206843521722412,-0.01384083044982699,-0.07111111111111111,0.04822760476739715,0.07111111111111111,0.08421376393694734,-0.10340638216070744,0.03254133025759323,0.14769703960015382,0.16633602460592078,-0.09842368319876971,0.04822760476739715,0.14173010380622836,0.05911572472126105,0.08421376393694734,0.13588619761630144,-0.16633602460592078,0.21413302575932336,0.07535563244905807,0.12456747404844293,0.08421376393694734,0.0629911572472126,-0.1085121107266436,0.13588619761630144,0.010396001537870049,0.13016532103037293,-0.01574778931180315,-0.05536332179930796,0.2599000384467512,-0.14173010380622836,-0.0271280276816609,-0.017777777777777778,-0.12456747404844293,-0.10340638216070744,-0.041584006151480196,-0.07972318339100345,0.019930795847750864,0.09842368319876971
S6,Dhaleshwari,23.657826,90.317763,POINT (10054127.386747565 2711767.8054846074),0.059847162,16.0,0.017011564,8.0,86.2,23.32,189.14,14.2,1.5,63.44,31.45,69.0,23.0,15.0,35130.0,120.3,0.024605920799692427,-0.029773164167627833,0.11374086889657825,-0.0015378700499807767,-0.019930795847750864,0.14769703960015382,-0.05173394848135333,0.06698961937716265,-0.14769703960015382,0.28444444444444444,0.08421376393694734,-0.004982698961937716,-0.2364628988850442,-0.09356401384083046,0.0015378700499807767,0.08882737408688965,-0.1929104190695886,-0.006151480199923107,-0.09356401384083046,0.010396001537870049,-0.33685505574778934,0.2519646289888504,-0.08421376393694734,0.06698961937716265,0.1085121107266436,0.28444444444444444,0.017777777777777778,-0.05173394848135333,-0.022206843521722412,0.09842368319876971,0.007443291041906958,0.06698961937716265,-0.07972318339100345,0.05911572472126105,0.14769703960015382,0.16633602460592078,-0.041584006151480196,-0.012056901191849288,0.11374086889657825,0.0271280276816609,0.07972318339100345,0.1929104190695886,-0.12456747404844293,0.2761399461745483,0.09356401384083046,0.08882737408688965,0.03543252595155709,0.09356401384083046,-0.044844290657439445,0.19986159169550174,-0.041584006151480196,0.08882737408688965,0.03543252595155709,-0.0271280276816609,0.24415224913494812,-0.17937716262975778,-0.03254133025759323,-0.06698961937716265,-0.10340638216070744,-0.0629911572472126,-0.08882737408688965,-0.08421376393694734,0.004982698961937716,0.07972318339100345
S7,Dhaleshwari,23.628,90.388647,POINT (10062018.157532955 2708143.364201993),0.002,26.0,0.054891434,9.0,105.53,22.18,112.23,21.37,1.36,40.55,30.98,15.0,63.0,28.0,38900.0,120.94,0.019930795847750864,-0.17937716262975778,0.029773164167627833,0.05911572472126105,-0.04822760476739715,0.13588619761630144,0.010396001537870049,0.041584006151480196,-0.03844675124951941,0.2069357939254133,0.2519646289888504,-0.05911572472126105,-0.17937716262975778,-0.10340638216070744,0.07111111111111111,0.11374086889657825,-0.07972318339100345,-0.17937716262975778,-0.09842368319876971,-0.03844675124951941,-0.03543252595155709,0.19986159169550174,-0.04822760476739715,0.07972318339100345,-0.13588619761630144,0.03844675124951941,0.1085121107266436,-0.14769703960015382,0.07111111111111111,0.041584006151480196,-0.010396001537870049,0.21413302575932336,-0.0629911572472126,-0.019930795847750864,-0.024605920799692427,0.2288965782391388,-0.000984236831987697,-0.12456747404844293,0.08421376393694734,0.2519646289888504,-0.03254133025759323,0.05911572472126105,0.11909265667051133,0.08882737408688965,-0.13016532103037293,0.16633602460592078,-0.14173010380622836,0.28444444444444444,-0.21413302575932336,-0.08421376393694734,0.03844675124951941,0.16000000000000003,-0.13016532103037293,-0.07535563244905807,0.13588619761630144,-0.12456747404844293,-0.05173394848135333,0.09842368319876971,0.03254133025759323,-0.044844290657439445,0.000984236831987697,-0.16000000000000003,0.07535563244905807,0.2519646289888504
S8,Turag,23.877666,90.350573,POINT (10057779.779240493 2738508.2485546176),0.069148629,31.0,0.011071348,12.0,18.19,81.17,100.19,12.54,3.69,233.47,30.74,9.0,52.0,43.0,44210.0,202.03,0.041584006151480196,-0.16633602460592078,0.07111111111111111,0.04822760476739715,-0.000984236831987697,0.13016532103037293,0.0271280276816609,0.022206843521722412,-0.05911572472126105,0.17279507881584008,0.2519646289888504,-0.07111111111111111,-0.16633602460592078,-0.11909265667051133,0.041584006151480196,0.04822760476739715,-0.06698961937716265,-0.1929104190695886,-0.08421376393694734,-0.05911572472126105,-0.044844290657439445,0.186082276047674,-0.06698961937716265,0.1085121107266436,-0.12456747404844293,0.05911572472126105,0.09842368319876971,-0.1085121107266436,0.08882737408688965,0.03254133025759323,0.002214532871972318,0.22145328719723184,-0.07535563244905807,0.003014225297962322,0.03254133025759323,0.2679584775086506,-0.019930795847750864,-0.13016532103037293,0.0629911572472126,0.24415224913494812,-0.04822760476739715,0.03844675124951941,0.10340638216070744,0.10340638216070744,-0.09842368319876971,0.15378700499807765,-0.16000000000000003,0.2679584775086506,-0.2364628988850442,-0.03844675124951941,-0.024605920799692427,0.14769703960015382,-0.16000000000000003,-0.05911572472126105,0.15378700499807765,-0.14769703960015382,-0.05173394848135333,0.08421376393694734,0.019930795847750864,-0.05173394848135333,-0.017777777777777778,-0.13016532103037293,0.06698961937716265,0.28444444444444444
S9,Turag,23.826986,90.342201,POINT (10056847.81246357 2732339.727732372),0.071188392,19.0,0.038213203,3.0,17.16,85.22,105.64,14.23,5.14,250.11,33.67,16.0,25.0,63.0,43980.0,320.26,0.0271280276816609,-0.1929104190695886,0.07535563244905807,0.044844290657439445,0.01384083044982699,0.08421376393694734,0.002214532871972318,-0.004982698961937716,-0.13016532103037293,0.21413302575932336,0.22145328719723184,-0.041584006151480196,-0.21413302575932336,-0.13016532103037293,-0.04822760476739715,0.029773164167627833,-0.11374086889657825,-0.11909265667051133,-0.14769703960015382,-0.01384083044982699,-0.09842368319876971,0.22145328719723184,-0.09356401384083046,0.11374086889657825,-0.08421376393694734,0.13016532103037293,0.006151480199923107,-0.041584006151480196,0.07535563244905807,0.029773164167627833,0.03844675124951941,0.09356401384083046,-0.07972318339100345,0.000984236831987697,0.14769703960015382,0.2599000384467512,-0.08882737408688965,-0.11374086889657825,0.08882737408688965,0.17279507881584008,-0.08882737408688965,0.03844675124951941,0.08421376393694734,0.17279507881584008,-0.07111111111111111,0.16633602460592078,-0.14769703960015382,0.28444444444444444,-0.21413302575932336,0.044844290657439445,-0.07535563244905807,0.15378700499807765,-0.08421376393694734,-0.029773164167627833,0.1929104190695886,-0.13588619761630144,-0.05911572472126105,0.05536332179930796,-0.03844675124951941,-0.022206843521722412,-0.07535563244905807,-0.16633602460592078,0.041584006151480196,0.2761399461745483
S10,Turag,23.792572,90.339601,POINT (10056558.381787509 2728152.3983553937),0.027388047,19.0,0.014003668,2.0,13.56,57.59,98.65,19.87,2.9,217.8,31.47,7.0,60.0,30.0,47390.0,225.63,0.04822760476739715,-0.2519646289888504,0.05911572472126105,0.0271280276816609,-0.041584006151480196,0.044844290657439445,0.044844290657439445,-0.010396001537870049,-0.0629911572472126,0.14769703960015382,0.2761399461745483,-0.041584006151480196,-0.16633602460592078,-0.14769703960015382,0.05173394848135333,0.0629911572472126,-0.029773164167627833,-0.17279507881584008,-0.09842368319876971,-0.0629911572472126,-0.008858131487889272,0.2069357939254133,-0.07111111111111111,0.05911572472126105,-0.14173010380622836,0.03543252595155709,0.07111111111111111,-0.05911572472126105,0.1085121107266436,0.06698961937716265,0.008858131487889272,0.16000000000000003,-0.11374086889657825,-0.03254133025759323,0.041584006151480196,0.2599000384467512,-0.07111111111111111,-0.14173010380622836,0.04822760476739715,0.2599000384467512,-0.05173394848135333,0.03254133025759323,0.09842368319876971,0.13016532103037293,-0.07972318339100345,0.15378700499807765,-0.14173010380622836,0.28444444444444444,-0.2288965782391388,-0.044844290657439445,-0.006151480199923107,0.16633602460592078,-0.186082276047674,-0.06698961937716265,0.15378700499807765,-0.14769703960015382,-0.05911572472126105,0.07972318339100345,0.008858131487889272,-0.03254133025759323,0.03543252595155709,-0.13016532103037293,0.03844675124951941,0.2519646289888504
S11,Buriganga,23.716059,90.359274,POINT (10058748.370129883 2718846.6356903426),0.045101812,1.0,0.042026515,2.0,93.3,71.63,177.37,12.81,7.1,259.1,30.19,72.0,21.0,17.0,40100.0,340.09,0.010396001537870049,-0.2599000384467512,0.01384083044982699,0.04822760476739715,-0.03543252595155709,0.11374086889657825,0.007443291041906958,0.05536332179930796,-0.07972318339100345,0.2069357939254133,0.2364628988850442,-0.05911572472126105,-0.14769703960015382,-0.14769703960015382,0.06698961937716265,0.07111111111111111,-0.06698961937716265,-0.11909265667051133,-0.08882737408688965,-0.024605920799692427,-0.03844675124951941,0.17279507881584008,-0.07111111111111111,0.07535563244905807,-0.09842368319876971,0.07972318339100345,0.0629911572472126,-0.13588619761630144,0.08421376393694734,0.08882737408688965,-0.04822760476739715,0.1929104190695886,-0.10340638216070744,-0.041584006151480196,0.022206843521722412,0.19986159169550174,-0.007443291041906958,-0.17937716262975778,0.08882737408688965,0.2761399461745483,-0.029773164167627833,0.007443291041906958,0.08882737408688965,0.10340638216070744,-0.08882737408688965,0.17279507881584008,-0.13588619761630144,0.28444444444444444,-0.21413302575932336,-0.05173394848135333,0.029773164167627833,0.17937716262975778,-0.16000000000000003,-0.0629911572472126,0.14769703960015382,-0.11374086889657825,-0.029773164167627833,0.11374086889657825,0.0271280276816609,-0.05536332179930796,-0.003014225297962322,-0.16000000000000003,0.08882737408688965,0.2519646289888504
S12,Buriganga,23.664709,90.451701,POINT (10069037.296705434 2712604.341706875),0.087210959,2.0,0.0046348,8.0,118.1,79.25,261.1,9.32,9.1,297.4,31.47,16.0,28.0,58.0,44600.0,386.12,0.029773164167627833,-0.2599000384467512,0.029773164167627833,0.022206843521722412,-0.05911572472126105,0.1085121107266436,-0.0005536332179930795,0.008858131487889272,-0.04822760476739715,0.16633602460592078,0.29287197231833906,-0.04822760476739715,-0.17279507881584008,-0.16000000000000003,0.08882737408688965,0.08421376393694734,-0.029773164167627833,-0.11374086889657825,-0.09842368319876971,-0.024605920799692427,-0.01384083044982699,0.22145328719723184,-0.044844290657439445,0.07535563244905807,-0.15378700499807765,0.041584006151480196,0.05911572472126105,-0.12456747404844293,0.10340638216070744,0.08882737408688965,-0.007443291041906958,0.17279507881584008,-0.10340638216070744,-0.06698961937716265,-0.01384083044982699,0.2069357939254133,-0.03254133025759323,-0.16633602460592078,0.04822760476739715,0.2679584775086506,-0.04822760476739715,0.024605920799692427,0.08882737408688965,0.11374086889657825,-0.07972318339100345,0.16000000000000003,-0.13588619761630144,0.28444444444444444,-0.186082276047674,-0.03844675124951941,0.03254133025759323,0.17279507881584008,-0.17279507881584008,-0.05173394848135333,0.13016532103037293,-0.1085121107266436,-0.01574778931180315,0.09356401384083046,0.041584006151480196,-0.0271280276816609,0.003014225297962322,-0.16633602460592078,0.041584006151480196,0.2519646289888504
S13,Balu,23.7640048,90.4825378,POINT (10072470.033579128 2724677.3216521908),0.00256,11.0,0.067092512,1.0,17.11,39.41,75.15,7.49,2.31,64.1,33.58,75.0,19.0,9.0,30460.0,92.84,0.041584006151480196,-0.19986159169550174,0.03844675124951941,0.022206843521722412,-0.017777777777777778,0.11909265667051133,0.003014225297962322,-0.007443291041906958,-0.06698961937716265,0.2288965782391388,0.2364628988850442,-0.004982698961937716,-0.22145328719723184,-0.06698961937716265,0.019930795847750864,0.10340638216070744,-0.13016532103037293,-0.14769703960015382,-0.17279507881584008,-0.05536332179930796,-0.05911572472126105,0.19986159169550174,-0.07535563244905807,0.08421376393694734,-0.07535563244905807,0.05911572472126105,0.11909265667051133,-0.09356401384083046,0.08882737408688965,0.07535563244905807,0.002214532871972318,0.16633602460592078,-0.14173010380622836,-0.044844290657439445,0.01574778931180315,0.22145328719723184,-0.07535563244905807,-0.08421376393694734,0.09842368319876971,0.22145328719723184,-0.07972318339100345,0.03844675124951941,0.11374086889657825,0.13588619761630144,-0.05911572472126105,0.1929104190695886,-0.11374086889657825,0.29287197231833906,-0.21413302575932336,-0.019930795847750864,0.004982698961937716,0.08421376393694734,-0.1085121107266436,-0.10340638216070744,0.15378700499807765,-0.186082276047674,-0.1085121107266436,0.010396001537870049,0.003014225297962322,-0.07972318339100345,0.01384083044982699,-0.17937716262975778,0.12456747404844293,0.22145328719723184
S14,Balu,23.808202,90.484506,POINT (10072689.132600907 2730054.043742744),0.0,0.0,2e-05,1.0,12.9,25.78,79.57,8.53,1.53,59.8,34.9,18.0,54.0,30.0,31790.0,81.26,0.04822760476739715,-0.19986159169550174,0.09356401384083046,0.044844290657439445,-0.03543252595155709,0.09842368319876971,0.012056901191849288,0.024605920799692427,-0.041584006151480196,0.1929104190695886,0.2519646289888504,-0.041584006151480196,-0.186082276047674,-0.08882737408688965,0.05173394848135333,0.07535563244905807,-0.12456747404844293,-0.14769703960015382,-0.11909265667051133,-0.06698961937716265,-0.0629911572472126,0.22145328719723184,-0.08882737408688965,0.08882737408688965,-0.12456747404844293,0.06698961937716265,0.08421376393694734,-0.08421376393694734,0.07535563244905807,0.0629911572472126,-0.007443291041906958,0.14173010380622836,-0.13016532103037293,-0.03844675124951941,0.0271280276816609,0.2761399461745483,-0.0629911572472126,-0.09842368319876971,0.09842368319876971,0.21413302575932336,-0.07111111111111111,0.0629911572472126,0.04822760476739715,0.10340638216070744,-0.10340638216070744,0.16633602460592078,-0.14173010380622836,0.29287197231833906,-0.22145328719723184,-0.04822760476739715,-0.01384083044982699,0.16633602460592078,-0.1085121107266436,-0.07535563244905807,0.15378700499807765,-0.16000000000000003,-0.10340638216070744,0.07111111111111111,-0.008858131487889272,-0.044844290657439445,0.010396001537870049,-0.13588619761630144,0.07972318339100345,0.2599000384467512
S15,Shitalakshya,23.83271,90.548478,POINT (10079810.463065935 2733036.304108891),2e-05,1.0,0.0,0.0,80.03,28.1,105.2,20.68,9.11,96.87,35.64,12.0,63.0,28.0,33460.0,187.61,0.012056901191849288,-0.22145328719723184,0.03254133025759323,0.041584006151480196,-0.03254133025759323,0.13016532103037293,0.002214532871972318,0.05173394848135333,-0.03543252595155709,0.1929104190695886,0.2761399461745483,-0.07535563244905807,-0.16000000000000003,-0.12456747404844293,0.0629911572472126,0.06698961937716265,-0.07972318339100345,-0.16633602460592078,-0.08882737408688965,-0.017777777777777778,-0.029773164167627833,0.186082276047674,-0.03543252595155709,0.07535563244905807,-0.12456747404844293,0.05536332179930796,0.07972318339100345,-0.13588619761630144,0.07111111111111111,0.07972318339100345,-0.017777777777777778,0.19986159169550174,-0.08882737408688965,-0.03254133025759323,-0.017777777777777778,0.2364628988850442,-0.01384083044982699,-0.14769703960015382,0.08882737408688965,0.2761399461745483,-0.03543252595155709,0.024605920799692427,0.09842368319876971,0.1085121107266436,-0.11374086889657825,0.14173010380622836,-0.14173010380622836,0.2761399461745483,-0.22145328719723184,-0.05173394848135333,0.024605920799692427,0.17279507881584008,-0.14769703960015382,-0.041584006151480196,0.13016532103037293,-0.11374086889657825,-0.0629911572472126,0.11374086889657825,0.03254133025759323,-0.04822760476739715,-0.017777777777777778,-0.14173010380622836,0.06698961937716265,0.2679584775086506
S16,Shitalakshya,23.715818,90.504423,POINT (10074906.282899037 2718817.333112144),0.0023,11.0,0.008102934,8.0,62.13,71.22,115.48,19.83,14.93,190.4,32.15,15.0,28.0,61.0,34100.0,232.42,0.044844290657439445,-0.2761399461745483,0.041584006151480196,0.01384083044982699,-0.05536332179930796,0.09356401384083046,0.007443291041906958,0.012056901191849288,-0.07972318339100345,0.16000000000000003,0.2679584775086506,-0.05536332179930796,-0.16000000000000003,-0.17279507881584008,0.05536332179930796,0.05911572472126105,-0.03844675124951941,-0.1085121107266436,-0.11374086889657825,0.0005536332179930795,-0.029773164167627833,0.19986159169550174,-0.07972318339100345,0.07535563244905807,-0.13588619761630144,0.09842368319876971,0.04822760476739715,-0.11374086889657825,0.11374086889657825,0.1085121107266436,0.003936947327950788,0.13588619761630144,-0.11374086889657825,-0.03543252595155709,0.03254133025759323,0.22145328719723184,-0.05173394848135333,-0.17279507881584008,0.07972318339100345,0.2519646289888504,-0.07535563244905807,0.008858131487889272,0.07972318339100345,0.13016532103037293,-0.07535563244905807,0.16633602460592078,-0.14173010380622836,0.28444444444444444,-0.21413302575932336,-0.029773164167627833,0.003936947327950788,0.16633602460592078,-0.17937716262975778,-0.044844290657439445,0.15378700499807765,-0.13016532103037293,-0.022206843521722412,0.09842368319876971,0.024605920799692427,-0.008858131487889272,-0.008858131487889272,-0.14769703960015382,0.05173394848135333,0.2519646289888504
S17,Shitalakshya,23.62842,90.514128,POINT (10075986.638557186 2708194.3966693203),0.0025,25.0,0.002,20.0,58.8,69.53,169.29,21.77,12.7,210.65,30.28,18.0,27.0,59.0,26710.0,231.42,0.07111111111111111,-0.24415224913494812,0.04822760476739715,0.024605920799692427,-0.07111111111111111,0.0629911572472126,0.03844675124951941,-0.041584006151480196,-0.05536332179930796,0.14173010380622836,0.2599000384467512,-0.05911572472126105,-0.21413302575932336,-0.16000000000000003,0.05536332179930796,0.06698961937716265,-0.024605920799692427,-0.11909265667051133,-0.14769703960015382,-0.006151480199923107,-0.019930795847750864,0.19986159169550174,-0.0629911572472126,0.07972318339100345,-0.13588619761630144,0.07972318339100345,0.05173394848135333,-0.09842368319876971,0.12456747404844293,0.10340638216070744,0.029773164167627833,0.13016532103037293,-0.12456747404844293,-0.041584006151480196,0.05173394848135333,0.2364628988850442,-0.05911572472126105,-0.15378700499807765,0.0629911572472126,0.2288965782391388,-0.10340638216070744,0.041584006151480196,0.08421376393694734,0.15378700499807765,-0.07111111111111111,0.14173010380622836,-0.16000000000000003,0.24415224913494812,-0.2288965782391388,0.002214532871972318,-0.010396001537870049,0.14173010380622836,-0.17937716262975778,-0.019930795847750864,0.15378700499807765,-0.10340638216070744,-0.03254133025759323,0.08882737408688965,0.022206843521722412,0.008858131487889272,-0.004982698961937716,-0.16000000000000003,-0.003936947327950788,0.29287197231833906
IDW_SW_1,Unknown,23.61274469982163,90.43060852430816,,0.0312789851676239,15.548947819937588,0.0305820048504657,8.513468337039152,91.32403941594517,48.98493926434186,155.8576077431439,17.09097886918928,5.49755874103396,147.7131878321504,31.350536409862492,24.98369446514817,41.58775535674821,37.82770772941608,38030.80895363144,214.06114596027436,0.04822760476739715,-0.2364628988850442,0.029773164167627833,0.01574778931180315,-0.05173394848135333,0.11909265667051133,-0.003936947327950788,-0.05173394848135333,-0.07111111111111111,0.16633602460592078,0.2679584775086506,-0.044844290657439445,-0.2069357939254133,-0.11909265667051133,0.03254133025759323,0.09842368319876971,-0.10340638216070744,-0.16633602460592078,-0.186082276047674,-0.024605920799692427,-0.1085121107266436,0.21413302575932336,-0.08882737408688965,0.024605920799692427,-0.10340638216070744,0.11909265667051133,0.09356401384083046,-0.09356401384083046,0.041584006151480196,0.11374086889657825,0.07972318339100345,0.09842368319876971,-0.11909265667051133,-0.05536332179930796,0.024605920799692427,0.24415224913494812,-0.1085121107266436,-0.08421376393694734,0.11374086889657825,0.2364628988850442,-0.029773164167627833,0.07972318339100345,0.05173394848135333,0.15378700499807765,-0.07535563244905807,0.16000000000000003,-0.09356401384083046,0.2599000384467512,-0.21413302575932336,-0.05911572472126105,-0.003014225297962322,0.15378700499807765,-0.11374086889657825,-0.03254133025759323,0.15378700499807765,-0.14769703960015382,-0.044844290657439445,0.0629911572472126,-0.004982698961937716,-0.01574778931180315,0.000984236831987697,-0.14769703960015382,0.03543252595155709,0.24415224913494812
IDW_SW_2,Unknown,23.66377289761991,90.11406230846896,,0.0397394970324911,10.501747788618008,0.0330969981903241,5.06214214893105,76.21763108460334,50.01236352436199,112.5506805108798,19.19924020219232,3.838919298886944,125.0401254202807,31.566595373556016,45.283037910748206,33.47740084894242,24.603356666620805,34486.67959687339,169.5368261478688,0.041584006151480196,-0.13588619761630144,0.13016532103037293,0.041584006151480196,-0.017777777777777778,0.09842368319876971,0.01574778931180315,-0.03543252595155709,-0.03254133025759323,0.21413302575932336,0.2761399461745483,-0.012056901191849288,-0.17937716262975778,-0.14173010380622836,0.024605920799692427,0.15378700499807765,-0.09356401384083046,-0.17937716262975778,-0.17937716262975778,-0.11909265667051133,-0.14173010380622836,0.1929104190695886,-0.08421376393694734,0.04822760476739715,-0.05536332179930796,0.11909265667051133,0.07535563244905807,0.012056901191849288,0.05536332179930796,0.07972318339100345,0.019930795847750864,0.11909265667051133,-0.14769703960015382,0.0629911572472126,0.0629911572472126,0.2599000384467512,-0.044844290657439445,-0.05911572472126105,0.04822760476739715,0.186082276047674,-0.03254133025759323,0.08882737408688965,0.07111111111111111,0.2069357939254133,-0.03543252595155709,0.17937716262975778,-0.09842368319876971,0.2679584775086506,-0.16633602460592078,-0.03844675124951941,-0.05536332179930796,0.07111111111111111,-0.07111111111111111,-0.044844290657439445,0.186082276047674,-0.1929104190695886,-0.1085121107266436,0.01574778931180315,0.041584006151480196,-0.03844675124951941,-0.041584006151480196,-0.19986159169550174,0.11374086889657825,0.24415224913494812
IDW_SW_3,Unknown,23.63757320157565,90.43220335875688,,0.0465068596446277,11.46259019085782,0.0231694646520322,8.19400598370054,97.05739580016456,57.945875038902926,183.62349417019493,14.847859796926471,6.605313405676967,190.64929044079727,31.417569221340948,23.3667479204788,37.15339662171805,43.220255073562626,39720.3998354155,262.13681379635796,0.044844290657439445,-0.17937716262975778,0.05173394848135333,0.05911572472126105,-0.06698961937716265,0.13016532103037293,0.03543252595155709,-0.012056901191849288,-0.041584006151480196,0.19986159169550174,0.2519646289888504,-0.06698961937716265,-0.17937716262975778,-0.14173010380622836,0.0629911572472126,0.1085121107266436,-0.07972318339100345,-0.16000000000000003,-0.11374086889657825,-0.0271280276816609,-0.0629911572472126,0.2364628988850442,-0.04822760476739715,0.1085121107266436,-0.11374086889657825,0.07535563244905807,0.12456747404844293,-0.10340638216070744,0.0629911572472126,0.0271280276816609,-0.01384083044982699,0.21413302575932336,-0.05173394848135333,-0.024605920799692427,-0.017777777777777778,0.2599000384467512,-0.019930795847750864,-0.14173010380622836,0.08882737408688965,0.2288965782391388,-0.0271280276816609,0.07972318339100345,0.08421376393694734,0.07972318339100345,-0.11374086889657825,0.13588619761630144,-0.16633602460592078,0.28444444444444444,-0.19986159169550174,-0.05911572472126105,0.022206843521722412,0.14769703960015382,-0.10340638216070744,-0.07111111111111111,0.14769703960015382,-0.12456747404844293,-0.041584006151480196,0.10340638216070744,-0.012056901191849288,-0.024605920799692427,-0.000984236831987697,-0.15378700499807765,0.07111111111111111,0.2599000384467512
IDW_SW_4,Unknown,23.83425299463892,90.34576902211585,,0.0678946933604865,18.89392641533999,0.0360546800832618,3.2748616845042338,19.475896554431035,82.70291628425727,105.3361630890766,14.47493290606438,4.993618043817886,243.4778862969683,33.433625935308285,16.536267850325753,27.40997992827271,59.80951252565959,43672.72489755982,307.46066996597335,0.002214532871972318,-0.21413302575932336,0.019930795847750864,0.07111111111111111,-0.0271280276816609,0.13588619761630144,-0.019930795847750864,0.05911572472126105,-0.01384083044982699,0.17937716262975778,0.2288965782391388,-0.07535563244905807,-0.16633602460592078,-0.12456747404844293,0.09842368319876971,0.10340638216070744,-0.10340638216070744,-0.17937716262975778,-0.05173394848135333,-0.022206843521722412,-0.03543252595155709,0.17279507881584008,-0.010396001537870049,0.07535563244905807,-0.11374086889657825,0.044844290657439445,0.13588619761630144,-0.186082276047674,0.05911572472126105,0.017777777777777778,-0.041584006151480196,0.2364628988850442,-0.05911572472126105,-0.03844675124951941,-0.041584006151480196,0.2288965782391388,0.03844675124951941,-0.11374086889657825,0.07972318339100345,0.2761399461745483,-0.05173394848135333,0.024605920799692427,0.10340638216070744,0.10340638216070744,-0.11374086889657825,0.14769703960015382,-0.186082276047674,0.29287197231833906,-0.1929104190695886,-0.05911572472126105,0.04822760476739715,0.16000000000000003,-0.1085121107266436,-0.03844675124951941,0.1085121107266436,-0.11909265667051133,-0.06698961937716265,0.09842368319876971,0.0271280276816609,-0.07111111111111111,0.000984236831987697,-0.13016532103037293,0.05911572472126105,0.2761399461745483
IDW_SW_5,Unknown,23.67071966636189,90.02328345724526,,0.0359929862134138,10.537836615666546,0.0291615407275489,4.955141111075784,74.70617737365129,50.23466820736258,111.57714656772464,18.35729120113531,4.092105420283518,129.84243034658584,31.603382215661444,41.290761022667255,35.47260139791159,26.453748979311335,34684.166770682656,172.58789199806938,0.022206843521722412,-0.17279507881584008,-0.006151480199923107,0.05911572472126105,-0.019930795847750864,0.11909265667051133,0.03254133025759323,0.07972318339100345,-0.07535563244905807,0.24415224913494812,0.2288965782391388,-0.09842368319876971,-0.19986159169550174,-0.1085121107266436,0.04822760476739715,0.07111111111111111,-0.044844290657439445,-0.17937716262975778,-0.03543252595155709,-0.041584006151480196,-0.012056901191849288,0.2069357939254133,-0.007443291041906958,0.07972318339100345,-0.10340638216070744,-0.006151480199923107,0.07111111111111111,-0.17279507881584008,0.019930795847750864,0.03543252595155709,-0.01574778931180315,0.24415224913494812,0.0629911572472126,-0.03254133025759323,-0.017777777777777778,0.19986159169550174,0.04822760476739715,-0.07535563244905807,0.07111111111111111,0.2288965782391388,-0.029773164167627833,-0.000984236831987697,0.13016532103037293,0.08882737408688965,-0.14173010380622836,0.13588619761630144,-0.15378700499807765,0.2761399461745483,-0.19986159169550174,-0.03543252595155709,0.05536332179930796,0.1929104190695886,-0.17279507881584008,-0.09356401384083046,0.16633602460592078,-0.1085121107266436,-0.044844290657439445,0.14173010380622836,0.03254133025759323,-0.044844290657439445,0.008858131487889272,-0.1929104190695886,0.029773164167627833,0.2519646289888504
IDW_SW_6,Unknown,23.77681852243475,90.5139872385986,,0.0081389866733447,7.757017323685627,0.0304534152585009,2.709917554886456,36.50501571538782,42.13137987600695,95.31719381620772,11.938598454745216,4.836979652017381,100.92351574978632,33.5881279822396,40.91388423248466,35.50701551518821,26.544324476164885,32718.868904112165,138.8453473159433,0.029773164167627833,-0.2364628988850442,-0.004982698961937716,0.041584006151480196,-0.05536332179930796,0.11374086889657825,0.017777777777777778,0.017777777777777778,-0.0629911572472126,0.17937716262975778,0.2679584775086506,-0.07972318339100345,-0.17937716262975778,-0.14173010380622836,0.05536332179930796,0.06698961937716265,-0.05536332179930796,-0.14173010380622836,-0.11909265667051133,-0.010396001537870049,-0.05173394848135333,0.17937716262975778,-0.05911572472126105,0.07111111111111111,-0.1085121107266436,0.05911572472126105,0.05536332179930796,-0.11374086889657825,0.08882737408688965,0.07972318339100345,-0.010396001537870049,0.17937716262975778,-0.1085121107266436,-0.0271280276816609,0.004982698961937716,0.24415224913494812,-0.03543252595155709,-0.14769703960015382,0.07972318339100345,0.28444444444444444,-0.05173394848135333,0.029773164167627833,0.1085121107266436,0.12456747404844293,-0.10340638216070744,0.14769703960015382,-0.14173010380622836,0.2599000384467512,-0.2288965782391388,-0.044844290657439445,0.03254133025759323,0.14769703960015382,-0.13588619761630144,-0.044844290657439445,0.14769703960015382,-0.10340638216070744,-0.03844675124951941,0.11909265667051133,0.029773164167627833,-0.019930795847750864,0.003014225297962322,-0.17937716262975778,0.05536332179930796,0.2761399461745483
IDW_SW_7,Unknown,23.74106803843212,90.12709234600068,,0.0370772338166556,9.29633422457288,0.0286177601564469,4.645252362833523,76.65118341291556,50.225612586727685,103.98248395342696,19.52186560055005,3.6960020477514783,121.59964973088432,31.388755319631755,44.807410073413195,34.22906247034112,24.01718179320919,33535.78709251068,161.92495861385163,0.024605920799692427,-0.17937716262975778,0.0629911572472126,0.0629911572472126,-0.008858131487889272,0.13588619761630144,-0.002214532871972318,0.07535563244905807,-0.03543252595155709,0.2069357939254133,0.2679584775086506,-0.05911572472126105,-0.17279507881584008,-0.10340638216070744,0.041584006151480196,0.07535563244905807,-0.09842368319876971,-0.2288965782391388,-0.07535563244905807,-0.05173394848135333,-0.05173394848135333,0.15378700499807765,-0.04822760476739715,0.07535563244905807,-0.1085121107266436,0.05536332179930796,0.11374086889657825,-0.14173010380622836,0.03844675124951941,0.0629911572472126,-0.0005536332179930795,0.1929104190695886,-0.0629911572472126,0.05536332179930796,-0.024605920799692427,0.2599000384467512,0.022206843521722412,-0.13016532103037293,0.07972318339100345,0.2519646289888504,-0.029773164167627833,0.05911572472126105,0.10340638216070744,0.11374086889657825,-0.11374086889657825,0.14173010380622836,-0.14173010380622836,0.2761399461745483,-0.19986159169550174,-0.0629911572472126,0.01574778931180315,0.14769703960015382,-0.14173010380622836,-0.04822760476739715,0.16000000000000003,-0.16633602460592078,-0.07972318339100345,0.09356401384083046,0.04822760476739715,-0.05911572472126105,-0.022206843521722412,-0.14769703960015382,0.07535563244905807,0.2599000384467512
IDW_SW_8,Unknown,23.65493746951183,90.33008134844432,,0.0565872791587516,15.506889516074637,0.0217635423927514,7.636158013849556,85.98333813166478,27.52366885221373,180.09048597061772,14.927201656303204,1.920557072489705,75.0989027997336,31.47233349851357,65.21773565378967,24.875293190964236,16.572822556283228,35482.18194448749,132.71576224513373,0.019930795847750864,-0.186082276047674,0.03844675124951941,0.041584006151480196,-0.019930795847750864,0.14769703960015382,0.010396001537870049,0.05536332179930796,-0.022206843521722412,0.21413302575932336,0.2519646289888504,-0.03543252595155709,-0.16633602460592078,-0.07972318339100345,0.07972318339100345,0.09356401384083046,-0.07972318339100345,-0.1929104190695886,-0.09842368319876971,-0.07111111111111111,-0.03543252595155709,0.17937716262975778,-0.0629911572472126,0.07972318339100345,-0.11909265667051133,0.03543252595155709,0.11909265667051133,-0.14769703960015382,0.05911572472126105,0.07535563244905807,-0.019930795847750864,0.2069357939254133,-0.08882737408688965,-0.024605920799692427,-0.03543252595155709,0.21413302575932336,-0.01574778931180315,-0.13016532103037293,0.08421376393694734,0.2679584775086506,-0.01574778931180315,0.05911572472126105,0.12456747404844293,0.07972318339100345,-0.13016532103037293,0.16000000000000003,-0.14173010380622836,0.2761399461745483,-0.2069357939254133,-0.10340638216070744,0.03543252595155709,0.14173010380622836,-0.13588619761630144,-0.09356401384083046,0.14173010380622836,-0.16633602460592078,-0.05536332179930796,0.07111111111111111,0.044844290657439445,-0.05911572472126105,0.01384083044982699,-0.14769703960015382,0.09356401384083046,0.24415224913494812
IDW_SW_9,Unknown,23.813285073043964,90.112840926056,,0.0295407986521945,8.795924284433045,0.022040971771534,4.099573919739263,78.04887797304534,48.96146094487005,98.09800220636474,18.180799222253157,3.8543767772576354,123.0898577774524,31.41312702663242,38.64303141837469,38.26862838012952,25.745261650525883,33425.70517181668,159.18407392078586,0.024605920799692427,-0.17937716262975778,0.04822760476739715,0.05173394848135333,-0.03844675124951941,0.16000000000000003,-0.008858131487889272,0.05536332179930796,-0.03543252595155709,0.2288965782391388,0.24415224913494812,-0.07111111111111111,-0.17279507881584008,-0.09842368319876971,0.07111111111111111,0.13588619761630144,-0.10340638216070744,-0.22145328719723184,-0.0629911572472126,-0.024605920799692427,-0.044844290657439445,0.186082276047674,-0.029773164167627833,0.06698961937716265,-0.12456747404844293,0.05911572472126105,0.12456747404844293,-0.15378700499807765,0.04822760476739715,0.03844675124951941,-0.006151480199923107,0.186082276047674,-0.0271280276816609,-0.024605920799692427,-0.03254133025759323,0.2519646289888504,-0.002214532871972318,-0.11909265667051133,0.0629911572472126,0.24415224913494812,-0.0629911572472126,0.09356401384083046,0.09356401384083046,0.07972318339100345,-0.11909265667051133,0.13588619761630144,-0.16633602460592078,0.28444444444444444,-0.1929104190695886,-0.06698961937716265,0.04822760476739715,0.16633602460592078,-0.12456747404844293,-0.06698961937716265,0.16000000000000003,-0.14173010380622836,-0.06698961937716265,0.12456747404844293,0.041584006151480196,-0.007443291041906958,-0.010396001537870049,-0.14769703960015382,0.04822760476739715,0.2364628988850442
IDW_SW_10,Unknown,23.6523007269332,90.27156734782558,,0.0543117334120199,13.451430680818536,0.0506584782130697,6.062647095626041,85.25485887867495,42.82789013469458,137.40267039265444,19.711263742676877,2.8615234926008952,101.44110498873356,31.987057905610165,59.478290691902416,26.86589298024647,18.34053915851509,35719.38330670594,158.4242694776823,0.044844290657439445,-0.16000000000000003,0.05911572472126105,0.05173394848135333,-0.05911572472126105,0.11374086889657825,0.05173394848135333,-0.05173394848135333,-0.01384083044982699,0.2069357939254133,0.24415224913494812,-0.041584006151480196,-0.16633602460592078,-0.14173010380622836,0.04822760476739715,0.10340638216070744,-0.12456747404844293,-0.186082276047674,-0.17279507881584008,-0.07111111111111111,-0.1085121107266436,0.21413302575932336,-0.1085121107266436,0.07535563244905807,-0.13016532103037293,0.07972318339100345,0.06698961937716265,-0.024605920799692427,0.05911572472126105,0.041584006151480196,0.041584006151480196,0.13016532103037293,-0.09842368319876971,-0.03254133025759323,0.017777777777777778,0.28444444444444444,-0.04822760476739715,-0.1085121107266436,0.07535563244905807,0.2519646289888504,-0.044844290657439445,0.09356401384083046,0.10340638216070744,0.11909265667051133,-0.08882737408688965,0.19986159169550174,-0.13588619761630144,0.2599000384467512,-0.19986159169550174,-0.06698961937716265,-0.024605920799692427,0.12456747404844293,-0.07972318339100345,-0.07535563244905807,0.14769703960015382,-0.16633602460592078,-0.06698961937716265,0.08421376393694734,-0.004982698961937716,-0.017777777777777778,0.003014225297962322,-0.186082276047674,0.07972318339100345,0.22145328719723184
IDW_SW_11,Unknown,23.91962318972518,90.5889533087124,,0.017198146118864,7.684092776559503,0.0156100092898223,3.3206324690248272,59.85556396376826,43.956927082756,108.80589526690444,16.393516136050025,6.254559390764902,126.92441914439615,33.457863165000845,25.49664111313559,45.96892285942987,31.572895532127184,34784.840494525866,180.03290660227378,0.017777777777777778,-0.2069357939254133,0.004982698961937716,0.05911572472126105,-0.01384083044982699,0.14173010380622836,0.008858131487889272,0.0629911572472126,-0.03844675124951941,0.21413302575932336,0.24415224913494812,-0.08882737408688965,-0.14769703960015382,-0.11909265667051133,0.07111111111111111,0.0629911572472126,-0.08421376393694734,-0.17937716262975778,-0.05911572472126105,-0.0271280276816609,-0.029773164167627833,0.17937716262975778,-0.03844675124951941,0.07972318339100345,-0.1085121107266436,0.029773164167627833,0.1085121107266436,-0.16000000000000003,0.04822760476739715,0.041584006151480196,-0.03844675124951941,0.2288965782391388,-0.0629911572472126,-0.03543252595155709,-0.04822760476739715,0.22145328719723184,0.004982698961937716,-0.14173010380622836,0.09356401384083046,0.28444444444444444,-0.012056901191849288,0.03543252595155709,0.1085121107266436,0.07972318339100345,-0.11374086889657825,0.14769703960015382,-0.15378700499807765,0.29287197231833906,-0.2069357939254133,-0.0629911572472126,0.03543252595155709,0.15378700499807765,-0.13588619761630144,-0.05536332179930796,0.14173010380622836,-0.13588619761630144,-0.05911572472126105,0.1085121107266436,0.029773164167627833,-0.05536332179930796,0.008858131487889272,-0.14173010380622836,0.08421376393694734,0.2599000384467512
IDW_SW_12,Unknown,23.993396304083365,90.21672397325857,,0.0206034169527764,9.320048165377887,0.0151409222867308,3.5618395356972457,79.98622045978271,46.19588967133869,90.43611585864522,14.18370514756306,4.268652110581646,130.8897771436683,31.438493927610637,25.77094265850705,45.05584015363955,29.73524437058406,33621.40885617232,160.78592530639187,0.044844290657439445,-0.08421376393694734,0.09356401384083046,0.03844675124951941,-0.03543252595155709,0.12456747404844293,0.08882737408688965,-0.14769703960015382,-0.017777777777777778,0.2761399461745483,0.19986159169550174,-0.024605920799692427,-0.1929104190695886,-0.15378700499807765,0.03254133025759323,0.11909265667051133,-0.15378700499807765,-0.08882737408688965,-0.19986159169550174,-0.05173394848135333,-0.14769703960015382,0.33685505574778934,-0.07535563244905807,0.07535563244905807,-0.012056901191849288,0.11909265667051133,0.07535563244905807,0.08421376393694734,0.024605920799692427,0.007443291041906958,0.017777777777777778,0.1085121107266436,-0.03844675124951941,-0.07535563244905807,0.0271280276816609,0.28444444444444444,-0.1085121107266436,-0.07972318339100345,0.17937716262975778,0.16000000000000003,-0.006151480199923107,0.16000000000000003,0.002214532871972318,0.12456747404844293,-0.05536332179930796,0.17279507881584008,-0.04822760476739715,0.2288965782391388,-0.11374086889657825,-0.01384083044982699,0.01574778931180315,0.12456747404844293,-0.003936947327950788,-0.1085121107266436,0.22145328719723184,-0.14173010380622836,-0.13588619761630144,0.07535563244905807,-0.07111111111111111,-0.03254133025759323,0.012056901191849288,-0.13588619761630144,0.1085121107266436,0.1085121107266436
IDW_SW_13,Unknown,23.799430311171637,90.53074079421464,,0.0072080244910107,4.9681796223187975,0.0143282390389806,2.0595433096975104,51.39826576202461,37.31756645691267,100.70260227055334,15.040977684885943,6.097041265717284,103.25171820019388,34.24443512128562,25.981774499437535,47.56921069460135,29.35144624521923,33357.77158654368,157.32746989821922,0.03844675124951941,-0.21413302575932336,0.029773164167627833,0.04822760476739715,-0.029773164167627833,0.11909265667051133,0.022206843521722412,0.041584006151480196,-0.05911572472126105,0.17937716262975778,0.2599000384467512,-0.07535563244905807,-0.16000000000000003,-0.11909265667051133,0.05911572472126105,0.07972318339100345,-0.06698961937716265,-0.17279507881584008,-0.08882737408688965,-0.012056901191849288,-0.03844675124951941,0.17937716262975778,-0.05173394848135333,0.07972318339100345,-0.13016532103037293,0.03844675124951941,0.09842368319876971,-0.14173010380622836,0.07111111111111111,0.05536332179930796,-0.012056901191849288,0.1929104190695886,-0.11374086889657825,-0.024605920799692427,0.000984236831987697,0.24415224913494812,-0.017777777777777778,-0.14769703960015382,0.05911572472126105,0.2599000384467512,-0.041584006151480196,0.041584006151480196,0.09842368319876971,0.09842368319876971,-0.10340638216070744,0.16000000000000003,-0.17279507881584008,0.28444444444444444,-0.22145328719723184,-0.05173394848135333,0.01574778931180315,0.14769703960015382,-0.16000000000000003,-0.05536332179930796,0.14769703960015382,-0.12456747404844293,-0.022206843521722412,0.09842368319876971,0.0271280276816609,-0.03844675124951941,-0.003014225297962322,-0.16000000000000003,0.0629911572472126,0.2761399461745483
IDW_SW_14,Unknown,23.97277094953435,90.21627753012028,,0.0171358574005607,8.63455842073837,0.0134839834693612,3.242804605036623,84.62362701258373,44.11144902628675,86.63971820512836,13.479427511871188,4.256013728589911,126.21230410546254,31.327126131863892,24.23344236185214,46.25055758213545,29.330001867120377,32924.07604175077,155.31396489465465,0.01574778931180315,-0.16000000000000003,0.044844290657439445,0.03543252595155709,0.008858131487889272,0.11909265667051133,-0.003014225297962322,0.0005536332179930795,-0.019930795847750864,0.1929104190695886,0.29287197231833906,-0.008858131487889272,-0.2069357939254133,-0.05173394848135333,0.003014225297962322,0.07111111111111111,-0.12456747404844293,-0.2069357939254133,-0.15378700499807765,-0.1085121107266436,-0.07111111111111111,0.15378700499807765,-0.05536332179930796,0.07972318339100345,-0.1085121107266436,0.05173394848135333,0.07535563244905807,-0.03543252595155709,0.03844675124951941,0.05536332179930796,0.03844675124951941,0.14173010380622836,-0.10340638216070744,-0.05173394848135333,0.0005536332179930795,0.2761399461745483,-0.08421376393694734,-0.08882737408688965,0.09842368319876971,0.28444444444444444,-0.044844290657439445,0.0629911572472126,0.14769703960015382,0.1085121107266436,-0.08882737408688965,0.17279507881584008,-0.10340638216070744,0.2599000384467512,-0.22145328719723184,-0.05536332179930796,-0.01574778931180315,0.14173010380622836,-0.10340638216070744,-0.09842368319876971,0.16000000000000003,-0.17937716262975778,-0.14173010380622836,0.04822760476739715,0.007443291041906958,-0.06698961937716265,0.022206843521722412,-0.15378700499807765,0.09356401384083046,0.21413302575932336
IDW_SW_15,Unknown,23.977335716596485,90.21541520271953,,0.018008604734831,8.796779689235407,0.0139001576054901,3.3201475779999754,83.48378045775627,44.62850412169416,87.5842735341732,13.668926400879773,4.256658346161091,127.32997001845732,31.35513125390821,24.648883490631704,45.94633875117245,29.415905887261783,33096.37570138271,156.63298997127032,0.04822760476739715,-0.13016532103037293,0.08421376393694734,0.04822760476739715,-0.024605920799692427,0.10340638216070744,0.044844290657439445,0.01384083044982699,-0.007443291041906958,0.2288965782391388,0.2599000384467512,-0.04822760476739715,-0.17279507881584008,-0.10340638216070744,0.0271280276816609,0.08882737408688965,-0.07972318339100345,-0.22145328719723184,-0.11374086889657825,-0.09356401384083046,-0.03543252595155709,0.186082276047674,-0.07972318339100345,0.11909265667051133,-0.08882737408688965,0.07535563244905807,0.10340638216070744,-0.041584006151480196,0.07535563244905807,0.05536332179930796,-0.03254133025759323,0.16633602460592078,-0.0629911572472126,0.003936947327950788,-0.004982698961937716,0.2519646289888504,-0.044844290657439445,-0.13588619761630144,0.09842368319876971,0.2288965782391388,-0.044844290657439445,0.07535563244905807,0.11374086889657825,0.08421376393694734,-0.11909265667051133,0.13588619761630144,-0.11374086889657825,0.28444444444444444,-0.22145328719723184,-0.09356401384083046,0.007443291041906958,0.11909265667051133,-0.11909265667051133,-0.11909265667051133,0.19986159169550174,-0.16633602460592078,-0.13016532103037293,0.1085121107266436,0.017777777777777778,-0.029773164167627833,0.006151480199923107,-0.14173010380622836,0.1085121107266436,0.24415224913494812
IDW_SW_16,Unknown,23.799189034596115,90.30615535952512,,0.0385170184092121,14.246294793859114,0.0233249260684884,3.56495438952922,44.68769871122801,60.402727916899245,101.75095460880073,18.51481123066764,3.748062617998979,179.17066853106158,31.736250722680463,27.24542496708441,41.35835336419021,32.93640199394454,39977.18205788215,211.74826534186548,0.019930795847750864,-0.21413302575932336,0.003014225297962322,0.04822760476739715,0.006151480199923107,0.186082276047674,0.003936947327950788,0.05911572472126105,-0.07972318339100345,0.21413302575932336,0.186082276047674,-0.041584006151480196,-0.22145328719723184,-0.05173394848135333,0.06698961937716265,0.10340638216070744,-0.186082276047674,-0.1085121107266436,-0.07111111111111111,-0.08882737408688965,-0.11374086889657825,0.14769703960015382,-0.11374086889657825,0.07972318339100345,-0.07972318339100345,0.044844290657439445,0.1085121107266436,-0.17279507881584008,0.0271280276816609,0.024605920799692427,0.0005536332179930795,0.186082276047674,-0.07111111111111111,0.004982698961937716,0.06698961937716265,0.22145328719723184,-0.019930795847750864,-0.14173010380622836,0.09842368319876971,0.2519646289888504,-0.003936947327950788,0.07972318339100345,0.07111111111111111,0.04822760476739715,-0.10340638216070744,0.16000000000000003,-0.15378700499807765,0.24415224913494812,-0.2288965782391388,0.03543252595155709,0.022206843521722412,0.17279507881584008,-0.15378700499807765,-0.1085121107266436,0.14173010380622836,-0.13588619761630144,0.03254133025759323,0.008858131487889272,-0.01384083044982699,-0.07111111111111111,0.029773164167627833,-0.17279507881584008,0.07535563244905807,0.2519646289888504
IDW_SW_17,Unknown,24.001910156574773,90.08128629682255,,0.0261048943920232,9.71682473194748,0.0194572030169556,4.044781524031756,75.57855162845787,48.53989892868712,98.55578416962926,15.993919695568056,4.265506193248283,132.69722755424294,31.582950700472484,31.32989458008463,41.613784335305496,28.992503262084153,34241.64319841726,167.0479749119317,0.07111111111111111,-0.04822760476739715,0.07111111111111111,0.05173394848135333,-0.05536332179930796,0.10340638216070744,0.11909265667051133,-0.07972318339100345,0.03844675124951941,0.2364628988850442,0.2288965782391388,-0.0629911572472126,-0.16633602460592078,-0.21413302575932336,0.0629911572472126,0.11909265667051133,-0.1085121107266436,-0.15378700499807765,-0.14173010380622836,-0.029773164167627833,-0.13588619761630144,0.28444444444444444,-0.04822760476739715,0.06698961937716265,-0.017777777777777778,0.10340638216070744,0.15378700499807765,0.041584006151480196,0.029773164167627833,-0.05536332179930796,-0.008858131487889272,0.186082276047674,-0.05173394848135333,-0.03844675124951941,-0.01574778931180315,0.29287197231833906,-0.05911572472126105,-0.10340638216070744,0.13588619761630144,0.16000000000000003,-0.0271280276816609,0.13588619761630144,0.04822760476739715,0.10340638216070744,-0.0629911572472126,0.16633602460592078,-0.13588619761630144,0.24415224913494812,-0.14173010380622836,-0.041584006151480196,-0.024605920799692427,0.12456747404844293,-0.01384083044982699,-0.044844290657439445,0.2069357939254133,-0.14173010380622836,-0.16000000000000003,0.13016532103037293,-0.010396001537870049,-0.022206843521722412,0.03254133025759323,-0.14173010380622836,0.06698961937716265,0.2069357939254133
IDW_SW_18,Unknown,23.91473991373703,90.56220620626468,,0.0163864922331172,7.3469201179685,0.0148638892793389,3.0953538611056186,59.19916159854439,43.08747881985106,107.52089521799772,16.36236971557201,6.233519541204664,124.6936121472892,33.58091257615151,24.85210072078106,46.85025161828047,31.305329935909665,34744.31061357068,178.3776926073009,0.01384083044982699,-0.2069357939254133,0.07111111111111111,0.07972318339100345,0.006151480199923107,0.14173010380622836,0.002214532871972318,0.07972318339100345,-0.01574778931180315,0.2069357939254133,0.2761399461745483,-0.07111111111111111,-0.15378700499807765,-0.1085121107266436,0.06698961937716265,0.05173394848135333,-0.09356401384083046,-0.17937716262975778,-0.06698961937716265,-0.03543252595155709,-0.017777777777777778,0.16633602460592078,-0.029773164167627833,0.07111111111111111,-0.08421376393694734,0.03844675124951941,0.13588619761630144,-0.15378700499807765,0.041584006151480196,0.06698961937716265,-0.041584006151480196,0.21413302575932336,-0.07111111111111111,0.0015378700499807767,-0.05536332179930796,0.2519646289888504,0.024605920799692427,-0.12456747404844293,0.08882737408688965,0.2761399461745483,-0.022206843521722412,0.019930795847750864,0.09356401384083046,0.10340638216070744,-0.11374086889657825,0.1085121107266436,-0.14173010380622836,0.29287197231833906,-0.17279507881584008,-0.07111111111111111,0.01574778931180315,0.16000000000000003,-0.14173010380622836,-0.03844675124951941,0.15378700499807765,-0.14769703960015382,-0.09842368319876971,0.08882737408688965,0.0271280276816609,-0.06698961937716265,-0.019930795847750864,-0.10340638216070744,0.08421376393694734,0.2761399461745483
IDW_SW_19,Unknown,23.732604473462768,90.35365486546183,,0.0437663334182792,4.66841594058627,0.0392910749721979,2.8584643296653542,84.02026718444958,66.07907876271453,160.7531059384861,14.351764502915074,6.181144674131124,227.160987733475,30.68604596992769,61.75209102804111,25.668757784844676,20.466889144315093,39525.50662416326,297.2305581306739,0.006151480199923107,-0.24415224913494812,0.004982698961937716,0.06698961937716265,-0.03254133025759323,0.13016532103037293,-0.01384083044982699,0.04822760476739715,-0.05173394848135333,0.1929104190695886,0.2519646289888504,-0.07111111111111111,-0.17937716262975778,-0.13016532103037293,0.04822760476739715,0.041584006151480196,-0.08421376393694734,-0.14173010380622836,-0.09356401384083046,-0.010396001537870049,-0.05536332179930796,0.17279507881584008,-0.044844290657439445,0.06698961937716265,-0.11909265667051133,0.07535563244905807,0.05536332179930796,-0.14173010380622836,0.05536332179930796,0.05911572472126105,-0.008858131487889272,0.1929104190695886,-0.0629911572472126,-0.03844675124951941,-0.002214532871972318,0.2364628988850442,-0.022206843521722412,-0.14173010380622836,0.10340638216070744,0.28444444444444444,-0.03254133025759323,0.01574778931180315,0.09356401384083046,0.11374086889657825,-0.09356401384083046,0.14173010380622836,-0.14769703960015382,0.2761399461745483,-0.22145328719723184,-0.044844290657439445,0.0271280276816609,0.19986159169550174,-0.14173010380622836,-0.03844675124951941,0.14769703960015382,-0.09842368319876971,-0.05911572472126105,0.13016532103037293,-0.010396001537870049,-0.04822760476739715,-0.002214532871972318,-0.14769703960015382,0.05536332179930796,0.2761399461745483
IDW_SW_20,Unknown,23.799161989884755,90.30608905838798,,0.0385058914069447,14.233198669392973,0.0233261805076804,3.567025816642375,44.76064745726248,60.3871860520869,101.74255610982938,18.519055048126376,3.7477452243079465,179.03836496754994,31.734900433976296,27.290783564387883,41.33937954738564,32.91454840689557,39960.79754235974,211.6277218082784,0.019930795847750864,-0.2069357939254133,-0.000984236831987697,0.03844675124951941,0.003936947327950788,0.1929104190695886,0.0005536332179930795,0.0629911572472126,-0.07535563244905807,0.21413302575932336,0.186082276047674,-0.041584006151480196,-0.21413302575932336,-0.04822760476739715,0.05911572472126105,0.09842368319876971,-0.186082276047674,-0.11374086889657825,-0.06698961937716265,-0.09356401384083046,-0.11374086889657825,0.15378700499807765,-0.11374086889657825,0.07972318339100345,-0.08421376393694734,0.044844290657439445,0.1085121107266436,-0.17937716262975778,0.019930795847750864,0.019930795847750864,0.01384083044982699,0.186082276047674,-0.07535563244905807,0.003014225297962322,0.0629911572472126,0.21413302575932336,-0.024605920799692427,-0.13016532103037293,0.1085121107266436,0.2599000384467512,-0.002214532871972318,0.07535563244905807,0.07111111111111111,0.05536332179930796,-0.1085121107266436,0.16000000000000003,-0.15378700499807765,0.24415224913494812,-0.2288965782391388,0.029773164167627833,0.019930795847750864,0.17279507881584008,-0.14769703960015382,-0.09842368319876971,0.14173010380622836,-0.13588619761630144,0.03254133025759323,0.008858131487889272,-0.01574778931180315,-0.07972318339100345,0.022206843521722412,-0.17937716262975778,0.06698961937716265,0.2679584775086506
IDW_SW_21,Unknown,23.80171541949701,90.53289678974468,,0.0067942695421017,4.646207730502402,0.0128540065914575,1.908691379450614,54.3261164464804,36.62833052836541,101.44688600652836,15.613176875131709,6.3925612940095,103.39326939350455,34.356070026662586,24.512909293573458,49.03480576837393,29.367559244615997,33410.08056072974,160.8978496309742,0.019930795847750864,-0.22145328719723184,0.03543252595155709,0.05911572472126105,-0.024605920799692427,0.14769703960015382,-0.01384083044982699,0.07535563244905807,-0.03844675124951941,0.2069357939254133,0.2519646289888504,-0.07535563244905807,-0.15378700499807765,-0.11374086889657825,0.08421376393694734,0.08421376393694734,-0.09356401384083046,-0.15378700499807765,-0.07972318339100345,-0.022206843521722412,-0.03844675124951941,0.17279507881584008,-0.03543252595155709,0.08882737408688965,-0.09842368319876971,0.04822760476739715,0.11374086889657825,-0.16633602460592078,0.05911572472126105,0.07111111111111111,-0.044844290657439445,0.22145328719723184,-0.07972318339100345,-0.03254133025759323,-0.044844290657439445,0.2288965782391388,-0.002214532871972318,-0.13016532103037293,0.09842368319876971,0.2679584775086506,-0.0271280276816609,0.03254133025759323,0.08882737408688965,0.09356401384083046,-0.11909265667051133,0.13588619761630144,-0.16000000000000003,0.29287197231833906,-0.19986159169550174,-0.04822760476739715,0.04822760476739715,0.16633602460592078,-0.14173010380622836,-0.06698961937716265,0.14173010380622836,-0.13016532103037293,-0.06698961937716265,0.09842368319876971,0.0271280276816609,-0.041584006151480196,-0.010396001537870049,-0.13588619761630144,0.08421376393694734,0.2599000384467512
IDW_SW_22,Unknown,24.1001144404421,90.36870159211306,,0.0299548877787128,11.668504584829908,0.0202150775615375,4.661204560923393,62.479573083008546,52.38976681463937,104.62095105944304,15.640488866112964,4.659213803834822,147.33016051249768,31.977236717666493,28.80977954954183,41.624129930920446,32.125997577409855,35922.725657365314,181.65976023057925,0.008858131487889272,-0.17937716262975778,0.044844290657439445,0.03844675124951941,-0.022206843521722412,0.10340638216070744,-0.012056901191849288,0.04822760476739715,-0.06698961937716265,0.16000000000000003,0.2761399461745483,-0.05173394848135333,-0.14173010380622836,-0.12456747404844293,0.041584006151480196,0.09356401384083046,-0.09356401384083046,-0.2069357939254133,-0.08421376393694734,-0.04822760476739715,-0.07111111111111111,0.186082276047674,-0.08421376393694734,0.041584006151480196,-0.17279507881584008,0.007443291041906958,0.07111111111111111,-0.1085121107266436,0.0629911572472126,0.04822760476739715,0.006151480199923107,0.2069357939254133,-0.10340638216070744,-0.017777777777777778,0.01574778931180315,0.2519646289888504,-0.03543252595155709,-0.14173010380622836,0.003014225297962322,0.2599000384467512,-0.04822760476739715,0.0629911572472126,0.11909265667051133,0.09842368319876971,-0.09356401384083046,0.21413302575932336,-0.11909265667051133,0.24415224913494812,-0.21413302575932336,-0.10340638216070744,-0.012056901191849288,0.13016532103037293,-0.17937716262975778,-0.05536332179930796,0.09842368319876971,-0.186082276047674,-0.05536332179930796,0.04822760476739715,0.07535563244905807,-0.05536332179930796,-0.007443291041906958,-0.186082276047674,0.10340638216070744,0.2288965782391388
IDW_SW_23,Unknown,23.81662245647921,90.10334916624168,,0.0295713476512994,8.91976758005423,0.0221706066199286,4.121270199180642,77.7768692412009,48.96744659948102,98.6516498208369,18.03872761812874,3.88916347425942,124.03310242018924,31.43366405952978,38.24516839423904,38.401788048281105,25.987243113801103,33538.32964891031,160.2735447499772,0.0271280276816609,-0.11909265667051133,0.05911572472126105,0.05173394848135333,-0.029773164167627833,0.14173010380622836,0.05173394848135333,0.019930795847750864,-0.019930795847750864,0.2288965782391388,0.2364628988850442,-0.0629911572472126,-0.17937716262975778,-0.09842368319876971,0.05173394848135333,0.13016532103037293,-0.09356401384083046,-0.19986159169550174,-0.09356401384083046,-0.04822760476739715,-0.04822760476739715,0.22145328719723184,-0.07111111111111111,0.07535563244905807,-0.1085121107266436,0.04822760476739715,0.13588619761630144,-0.09356401384083046,0.05911572472126105,0.017777777777777778,-0.01574778931180315,0.19986159169550174,-0.06698961937716265,-0.01574778931180315,0.007443291041906958,0.2599000384467512,-0.01384083044982699,-0.11374086889657825,0.07111111111111111,0.2288965782391388,-0.07972318339100345,0.08882737408688965,0.1085121107266436,0.09356401384083046,-0.11374086889657825,0.17279507881584008,-0.15378700499807765,0.2761399461745483,-0.1929104190695886,-0.07535563244905807,0.007443291041906958,0.13016532103037293,-0.1085121107266436,-0.07535563244905807,0.17279507881584008,-0.16633602460592078,-0.10340638216070744,0.08421376393694734,0.03254133025759323,-0.05536332179930796,0.01384083044982699,-0.15378700499807765,0.06698961937716265,0.2364628988850442
IDW_SW_24,Unknown,23.79383373328925,90.09341709216922,,0.0316932659561189,9.188693449865196,0.0240305986532403,4.311921922394612,76.90675622405072,49.504468354995176,101.00256144590806,18.36037519849191,3.8799572919177354,124.63953010577173,31.443881028844142,39.75664675703294,37.28982269028234,25.73538993420756,33688.87741730138,162.26330808007322,0.03543252595155709,-0.15378700499807765,0.07972318339100345,0.008858131487889272,-0.04822760476739715,0.14769703960015382,0.007443291041906958,0.01574778931180315,-0.05536332179930796,0.2761399461745483,0.2679584775086506,-0.05536332179930796,-0.2288965782391388,-0.10340638216070744,0.03844675124951941,0.11909265667051133,-0.05911572472126105,-0.16633602460592078,-0.12456747404844293,-0.06698961937716265,-0.029773164167627833,0.22145328719723184,-0.03543252595155709,0.044844290657439445,-0.10340638216070744,0.09842368319876971,0.06698961937716265,-0.08421376393694734,0.06698961937716265,0.13588619761630144,-0.0271280276816609,0.11374086889657825,-0.012056901191849288,-0.03254133025759323,-0.012056901191849288,0.2519646289888504,0.008858131487889272,-0.09356401384083046,0.08421376393694734,0.2288965782391388,-0.08421376393694734,0.05911572472126105,0.07535563244905807,0.13588619761630144,-0.10340638216070744,0.11374086889657825,-0.08421376393694734,0.3188927335640138,-0.15378700499807765,-0.03254133025759323,0.03543252595155709,0.12456747404844293,-0.10340638216070744,-0.08882737408688965,0.22145328719723184,-0.15378700499807765,-0.13016532103037293,0.11374086889657825,0.05911572472126105,-0.05173394848135333,0.004982698961937716,-0.14769703960015382,0.07535563244905807,0.21413302575932336
IDW_SW_25,Unknown,23.706580710760168,90.21764339627047,,0.0527966749355612,9.499794886323071,0.0469917683116914,5.177446863683059,79.68166451553847,50.173313239047246,106.95460591808902,22.31107826371716,3.0911156022422457,109.0161493067253,31.479042829708803,57.43860192194734,27.09755038249843,18.649655966948835,33072.92980176251,156.13247548841218,0.006151480199923107,-0.14769703960015382,0.05536332179930796,0.0629911572472126,-0.01384083044982699,0.14173010380622836,-0.022206843521722412,0.044844290657439445,-0.029773164167627833,0.17937716262975778,0.2679584775086506,-0.03844675124951941,-0.19986159169550174,-0.09356401384083046,0.041584006151480196,0.08882737408688965,-0.14173010380622836,-0.2069357939254133,-0.12456747404844293,-0.07111111111111111,-0.08421376393694734,0.17279507881584008,-0.05536332179930796,0.09842368319876971,-0.13588619761630144,0.05536332179930796,0.0629911572472126,-0.10340638216070744,0.03844675124951941,0.07111111111111111,0.019930795847750864,0.13588619761630144,-0.0629911572472126,0.022206843521722412,0.008858131487889272,0.2761399461745483,0.017777777777777778,-0.10340638216070744,0.06698961937716265,0.2519646289888504,-0.03844675124951941,0.044844290657439445,0.11909265667051133,0.12456747404844293,-0.12456747404844293,0.17279507881584008,-0.1085121107266436,0.2761399461745483,-0.2069357939254133,-0.05173394848135333,-0.029773164167627833,0.11909265667051133,-0.1085121107266436,-0.07972318339100345,0.15378700499807765,-0.17937716262975778,-0.10340638216070744,0.07111111111111111,0.029773164167627833,-0.05536332179930796,-0.041584006151480196,-0.17937716262975778,0.08882737408688965,0.2599000384467512
IDW_SW_26,Unknown,23.89216755942142,90.141170049111,,0.0208058312414207,8.104796942760423,0.0158857040608145,3.362556118478076,83.05276117788776,45.366093032409225,90.50973037549944,15.742496286626553,4.040569539762762,122.44676608706784,31.423349690148015,30.292807259558067,43.65944858580667,27.516489390632273,33037.3982602106,154.01276918640212,0.012056901191849288,-0.06698961937716265,0.22145328719723184,-0.03254133025759323,-0.0629911572472126,0.10340638216070744,-0.08421376393694734,0.017777777777777778,-0.12456747404844293,0.17937716262975778,0.11909265667051133,0.01384083044982699,-0.3188927335640138,-0.03844675124951941,-0.03543252595155709,0.12456747404844293,-0.17937716262975778,0.022206843521722412,-0.09356401384083046,-0.07535563244905807,-0.2599000384467512,0.37425605536332185,-0.012056901191849288,-0.019930795847750864,0.05536332179930796,0.2364628988850442,0.0271280276816609,0.003014225297962322,-0.05911572472126105,0.12456747404844293,0.08421376393694734,0.017777777777777778,-0.0629911572472126,0.022206843521722412,0.07535563244905807,0.186082276047674,-0.16633602460592078,0.05911572472126105,0.10340638216070744,0.01384083044982699,0.03254133025759323,0.16633602460592078,-0.1929104190695886,0.2364628988850442,0.04822760476739715,0.1085121107266436,0.06698961937716265,0.11374086889657825,-0.07535563244905807,0.12456747404844293,0.044844290657439445,0.14173010380622836,-0.03254133025759323,-0.09842368319876971,0.2364628988850442,-0.14173010380622836,-0.07535563244905807,0.008858131487889272,-0.09356401384083046,-0.0629911572472126,0.03844675124951941,-0.07972318339100345,-0.007443291041906958,0.08421376393694734
IDW_SW_27,Unknown,23.589925489554616,90.4176965406939,,0.025992390330226,17.10248988345147,0.0348027718476024,8.32229250464483,89.66629946642728,44.2071957228266,143.19721568223613,18.00228115745285,4.709756102485503,125.92422269318708,31.343572866167506,26.696638045480423,43.67704853682596,34.34616475268309,37534.04362874961,190.96220297441124,0.044844290657439445,-0.12456747404844293,0.07535563244905807,0.04822760476739715,-0.0629911572472126,0.14173010380622836,0.017777777777777778,-0.044844290657439445,-0.044844290657439445,0.2519646289888504,0.22145328719723184,-0.01574778931180315,-0.19986159169550174,-0.10340638216070744,0.010396001537870049,0.17937716262975778,-0.13588619761630144,-0.17279507881584008,-0.17937716262975778,-0.0629911572472126,-0.14173010380622836,0.2288965782391388,-0.09842368319876971,0.09842368319876971,-0.08882737408688965,0.11374086889657825,0.07535563244905807,-0.03844675124951941,0.03543252595155709,0.08421376393694734,-0.006151480199923107,0.09356401384083046,-0.07972318339100345,-0.006151480199923107,0.06698961937716265,0.2679584775086506,-0.003936947327950788,-0.09356401384083046,0.07972318339100345,0.1929104190695886,-0.0629911572472126,0.11909265667051133,0.08421376393694734,0.12456747404844293,-0.07972318339100345,0.186082276047674,-0.08421376393694734,0.2679584775086506,-0.17279507881584008,-0.05173394848135333,0.007443291041906958,0.09356401384083046,-0.0629911572472126,-0.11374086889657825,0.186082276047674,-0.17937716262975778,-0.09842368319876971,0.07535563244905807,-0.01574778931180315,-0.0271280276816609,-0.044844290657439445,-0.186082276047674,0.11374086889657825,0.19986159169550174
IDW_SW_28,Unknown,23.67066329795117,90.02331545332937,,0.0359947649190524,10.538146488066438,0.0291636743635057,4.955340196676763,74.7064680557809,50.23462876616973,111.5802976931606,18.357514282824773,4.09208987896988,129.84197515308796,31.6034021462838,41.29221138935149,35.47166995336411,26.45340740126851,34684.33511464461,172.58930643246558,0.022206843521722412,-0.17279507881584008,-0.006151480199923107,0.05911572472126105,-0.019930795847750864,0.11909265667051133,0.03254133025759323,0.07972318339100345,-0.07535563244905807,0.24415224913494812,0.2288965782391388,-0.09842368319876971,-0.19986159169550174,-0.1085121107266436,0.04822760476739715,0.07111111111111111,-0.044844290657439445,-0.17937716262975778,-0.03543252595155709,-0.041584006151480196,-0.012056901191849288,0.2069357939254133,-0.007443291041906958,0.07972318339100345,-0.10340638216070744,-0.006151480199923107,0.07111111111111111,-0.17279507881584008,0.019930795847750864,0.03543252595155709,-0.01574778931180315,0.24415224913494812,0.0629911572472126,-0.03254133025759323,-0.017777777777777778,0.19986159169550174,0.04822760476739715,-0.07535563244905807,0.07111111111111111,0.2288965782391388,-0.029773164167627833,-0.000984236831987697,0.13016532103037293,0.08882737408688965,-0.14173010380622836,0.13588619761630144,-0.15378700499807765,0.2761399461745483,-0.19986159169550174,-0.03543252595155709,0.05536332179930796,0.1929104190695886,-0.17279507881584008,-0.09356401384083046,0.16633602460592078,-0.1085121107266436,-0.044844290657439445,0.14173010380622836,0.03254133025759323,-0.044844290657439445,0.008858131487889272,-0.1929104190695886,0.029773164167627833,0.2519646289888504
IDW_SW_29,Unknown,23.643177557448645,90.43386240640017,,0.0537613905985268,9.561457528479709,0.0194050483839697,8.11185338691406,99.6500430093646,62.311767737963265,197.0250037982869,13.80850531342136,7.165053739178819,211.3656897991097,31.44628086243698,22.54748234920568,34.944042855093294,45.91741063108631,40456.54811695106,285.0044705498077,0.022206843521722412,-0.2069357939254133,0.10340638216070744,0.03543252595155709,-0.029773164167627833,0.09842368319876971,0.003014225297962322,0.03844675124951941,-0.05536332179930796,0.2288965782391388,0.24415224913494812,0.029773164167627833,-0.1929104190695886,-0.08421376393694734,0.06698961937716265,0.09842368319876971,-0.11909265667051133,-0.14769703960015382,-0.16000000000000003,-0.08421376393694734,-0.05536332179930796,0.1929104190695886,-0.10340638216070744,0.05173394848135333,-0.07535563244905807,0.10340638216070744,0.1085121107266436,-0.10340638216070744,0.07111111111111111,0.16633602460592078,-0.041584006151480196,0.13016532103037293,-0.16000000000000003,0.017777777777777778,0.017777777777777778,0.21413302575932336,-0.017777777777777778,-0.08882737408688965,0.15378700499807765,0.22145328719723184,-0.06698961937716265,0.07111111111111111,0.05536332179930796,0.1085121107266436,-0.11909265667051133,0.16633602460592078,-0.05911572472126105,0.2679584775086506,-0.186082276047674,-0.06698961937716265,0.05173394848135333,0.15378700499807765,-0.11374086889657825,-0.13588619761630144,0.16633602460592078,-0.1929104190695886,-0.13016532103037293,0.03254133025759323,0.01574778931180315,-0.04822760476739715,0.002214532871972318,-0.12456747404844293,0.11374086889657825,0.21413302575932336
IDW_SW_30,Unknown,23.760363728580693,90.26520979845176,,0.0578574525109817,5.295984040272881,0.0297682703546294,5.334716347798525,73.31978269611885,51.19939488625553,95.5107739653936,23.762561293818212,2.786117400887791,103.28966150201288,30.339598756463637,61.878130116504735,23.866832274830628,16.75881989192481,29216.47263772205,141.46976188327403,0.04822760476739715,-0.11374086889657825,0.08421376393694734,0.09356401384083046,0.008858131487889272,0.14769703960015382,0.08421376393694734,0.017777777777777778,-0.0271280276816609,0.2364628988850442,0.21413302575932336,-0.03844675124951941,-0.16633602460592078,-0.10340638216070744,0.06698961937716265,0.09356401384083046,-0.11909265667051133,-0.17279507881584008,-0.10340638216070744,-0.06698961937716265,-0.06698961937716265,0.186082276047674,-0.07972318339100345,0.09356401384083046,-0.05911572472126105,0.05911572472126105,0.14173010380622836,-0.07535563244905807,0.044844290657439445,0.007443291041906958,-0.0271280276816609,0.22145328719723184,-0.05536332179930796,0.01384083044982699,-0.012056901191849288,0.29287197231833906,-0.017777777777777778,-0.13016532103037293,0.08421376393694734,0.21413302575932336,-0.019930795847750864,0.08421376393694734,0.08882737408688965,0.09356401384083046,-0.08421376393694734,0.15378700499807765,-0.17279507881584008,0.2761399461745483,-0.2069357939254133,-0.07972318339100345,-0.0015378700499807767,0.11909265667051133,-0.09842368319876971,-0.08882737408688965,0.186082276047674,-0.17279507881584008,-0.10340638216070744,0.09356401384083046,-0.006151480199923107,-0.05911572472126105,-0.01384083044982699,-0.14173010380622836,0.09842368319876971,0.2599000384467512
IDW_SW_31,Unknown,24.003759698692324,90.3522104740764,,0.0329105333334541,13.12632123482997,0.0189947310058926,4.965445191451867,59.028374223937845,54.82308291484962,101.47135554449046,15.180939111995444,4.441869902108708,155.34681447250767,31.844901502849808,26.2970604272113,42.86048028932736,33.28455517867412,36647.51892137663,183.58725995977767,0.07972318339100345,-0.05173394848135333,0.14173010380622836,0.07111111111111111,-0.0271280276816609,0.08421376393694734,0.13016532103037293,-0.1085121107266436,-0.012056901191849288,0.2679584775086506,0.2069357939254133,-0.007443291041906958,-0.2069357939254133,-0.17279507881584008,0.022206843521722412,0.11909265667051133,-0.04822760476739715,-0.13016532103037293,-0.186082276047674,-0.044844290657439445,-0.07535563244905807,0.2679584775086506,-0.010396001537870049,0.14173010380622836,0.022206843521722412,0.14173010380622836,0.13588619761630144,0.14173010380622836,0.05911572472126105,0.0271280276816609,-0.010396001537870049,0.09842368319876971,0.01384083044982699,-0.044844290657439445,0.05911572472126105,0.3014225297962323,-0.07111111111111111,-0.1085121107266436,0.12456747404844293,0.09356401384083046,-0.022206843521722412,0.09842368319876971,0.007443291041906958,0.13588619761630144,-0.029773164167627833,0.14769703960015382,-0.05911572472126105,0.2761399461745483,-0.10340638216070744,0.04822760476739715,-0.06698961937716265,0.08882737408688965,-0.041584006151480196,-0.1085121107266436,0.29287197231833906,-0.12456747404844293,-0.17279507881584008,0.10340638216070744,-0.0629911572472126,-0.01574778931180315,-0.0271280276816609,-0.11909265667051133,0.10340638216070744,0.14769703960015382
IDW_SW_32,Unknown,23.716521464531127,90.21138674261438,,0.0515982550673502,8.663175884499822,0.0413038531364245,5.140307432684887,78.2199229317705,50.40690572714031,104.4161107537307,22.258462418549236,3.1078254259657583,109.31069094391614,31.24740327417289,56.78550554326083,27.34950106171523,18.93132719903489,32382.116897320106,153.90843441394048,0.0015378700499807767,-0.16000000000000003,0.05911572472126105,0.044844290657439445,-0.01574778931180315,0.186082276047674,-0.041584006151480196,0.03254133025759323,-0.04822760476739715,0.2364628988850442,0.2761399461745483,-0.022206843521722412,-0.2069357939254133,-0.05911572472126105,0.05173394848135333,0.10340638216070744,-0.12456747404844293,-0.186082276047674,-0.14769703960015382,-0.07535563244905807,-0.07972318339100345,0.16633602460592078,-0.0629911572472126,0.0629911572472126,-0.11909265667051133,0.07111111111111111,0.06698961937716265,-0.1085121107266436,0.04822760476739715,0.12456747404844293,0.007443291041906958,0.16000000000000003,-0.07111111111111111,-0.0271280276816609,-0.03543252595155709,0.2364628988850442,0.007443291041906958,-0.13588619761630144,0.08421376393694734,0.2761399461745483,-0.029773164167627833,0.07111111111111111,0.10340638216070744,0.11374086889657825,-0.09842368319876971,0.16633602460592078,-0.04822760476739715,0.2519646289888504,-0.1929104190695886,-0.09842368319876971,0.010396001537870049,0.1085121107266436,-0.11374086889657825,-0.09356401384083046,0.15378700499807765,-0.186082276047674,-0.09842368319876971,0.06698961937716265,0.0271280276816609,-0.0629911572472126,-0.004982698961937716,-0.17279507881584008,0.11374086889657825,0.1929104190695886
IDW_SW_33,Unknown,23.58540551703465,90.42166655387342,,0.027288103288628,16.517582197339003,0.0329672096965156,8.371191393996206,87.98463614010392,46.09588041111647,145.23327851739307,17.799563543346654,5.048349926676201,132.91291657339684,31.368654847462363,27.314138316638207,42.16669223002103,35.11917388111284,37309.263165622455,196.24212126500504,0.04822760476739715,-0.09356401384083046,0.09842368319876971,0.05536332179930796,-0.029773164167627833,0.1085121107266436,0.03254133025759323,-0.04822760476739715,-0.01574778931180315,0.2288965782391388,0.2679584775086506,0.0005536332179930795,-0.17937716262975778,-0.07535563244905807,0.008858131487889272,0.12456747404844293,-0.1085121107266436,-0.1929104190695886,-0.17937716262975778,-0.08421376393694734,-0.11909265667051133,0.21413302575932336,-0.07535563244905807,0.07972318339100345,-0.1085121107266436,0.07535563244905807,0.09356401384083046,0.01574778931180315,0.010396001537870049,0.022206843521722412,0.03844675124951941,0.13016532103037293,-0.12456747404844293,-0.029773164167627833,0.003936947327950788,0.2761399461745483,-0.08882737408688965,-0.07535563244905807,0.09842368319876971,0.24415224913494812,-0.022206843521722412,0.13588619761630144,0.13588619761630144,0.11374086889657825,-0.09842368319876971,0.19986159169550174,-0.11374086889657825,0.2519646289888504,-0.186082276047674,-0.10340638216070744,-0.0271280276816609,0.11374086889657825,-0.029773164167627833,-0.07111111111111111,0.15378700499807765,-0.186082276047674,-0.1085121107266436,0.07111111111111111,-0.017777777777777778,-0.03844675124951941,-0.019930795847750864,-0.17279507881584008,0.09356401384083046,0.2069357939254133
IDW_SW_34,Unknown,23.61238350037364,90.42666797381452,,0.0290897220905347,16.31641496435727,0.032798532366734,8.445567954634452,92.17579478238116,46.62770984296412,151.62068012266292,17.434764172198342,5.095306361666513,138.11767881403995,31.33035322969071,24.781069071252375,43.18127741439497,36.58881615232445,38088.44793682745,205.4301107523909,0.06698961937716265,-0.21413302575932336,0.05911572472126105,0.03254133025759323,-0.05173394848135333,0.10340638216070744,0.029773164167627833,-0.019930795847750864,-0.041584006151480196,0.17937716262975778,0.2599000384467512,-0.041584006151480196,-0.17937716262975778,-0.13016532103037293,0.0629911572472126,0.1085121107266436,-0.07535563244905807,-0.16633602460592078,-0.13016532103037293,-0.03844675124951941,-0.0629911572472126,0.19986159169550174,-0.09356401384083046,0.07535563244905807,-0.14173010380622836,0.08882737408688965,0.09842368319876971,-0.09842368319876971,0.07972318339100345,0.07972318339100345,0.022206843521722412,0.13588619761630144,-0.11909265667051133,-0.03254133025759323,0.029773164167627833,0.24415224913494812,-0.07111111111111111,-0.14769703960015382,0.07535563244905807,0.2364628988850442,-0.05536332179930796,0.07972318339100345,0.07972318339100345,0.08421376393694734,-0.1085121107266436,0.15378700499807765,-0.15378700499807765,0.2679584775086506,-0.2288965782391388,-0.03844675124951941,0.006151480199923107,0.14769703960015382,-0.15378700499807765,-0.07535563244905807,0.14769703960015382,-0.13588619761630144,-0.019930795847750864,0.07972318339100345,0.019930795847750864,-0.019930795847750864,-0.006151480199923107,-0.17279507881584008,0.04822760476739715,0.2679584775086506
IDW_SW_35,Unknown,23.633058444331937,90.38182521172472,,0.0049100910906955,25.01031560279122,0.053081502160961,8.83928097593248,103.97971776552086,24.200387979771687,115.44498448431386,20.994559832980652,1.624541751258112,48.5328220577362,31.01833774649219,16.879272251813155,60.84550351960404,28.18883935787501,38792.4131700085,127.49226201364978,0.019930795847750864,-0.19986159169550174,0.03254133025759323,0.04822760476739715,-0.041584006151480196,0.13588619761630144,0.012056901191849288,0.05173394848135333,-0.05173394848135333,0.1929104190695886,0.2599000384467512,-0.07111111111111111,-0.17279507881584008,-0.10340638216070744,0.0629911572472126,0.09356401384083046,-0.07111111111111111,-0.17279507881584008,-0.08882737408688965,-0.024605920799692427,-0.024605920799692427,0.1929104190695886,-0.03543252595155709,0.07111111111111111,-0.13588619761630144,0.03543252595155709,0.1085121107266436,-0.15378700499807765,0.07111111111111111,0.05536332179930796,-0.003936947327950788,0.22145328719723184,-0.08882737408688965,-0.010396001537870049,-0.024605920799692427,0.2288965782391388,0.007443291041906958,-0.13016532103037293,0.07111111111111111,0.2679584775086506,-0.03254133025759323,0.044844290657439445,0.12456747404844293,0.11374086889657825,-0.11909265667051133,0.16000000000000003,-0.15378700499807765,0.2679584775086506,-0.21413302575932336,-0.07111111111111111,0.03844675124951941,0.15378700499807765,-0.13588619761630144,-0.05536332179930796,0.13016532103037293,-0.12456747404844293,-0.03844675124951941,0.1085121107266436,0.044844290657439445,-0.044844290657439445,-0.010396001537870049,-0.16000000000000003,0.05536332179930796,0.2599000384467512
IDW_SW_36,Unknown,23.866079992293216,90.55374166004364,,0.0066141260539577,3.7159690215763552,0.0071103371637788,1.382209740618532,68.04581173054949,34.56579230170771,105.37592770212711,18.262358918683795,7.635480273014897,107.13001520954322,34.729419050958384,18.43643813516561,55.111086481420095,29.438423048855675,33869.68699713827,179.30694901114407,0.019930795847750864,-0.1929104190695886,0.03254133025759323,0.05536332179930796,-0.012056901191849288,0.14173010380622836,0.010396001537870049,0.07111111111111111,-0.024605920799692427,0.1929104190695886,0.2679584775086506,-0.09356401384083046,-0.17279507881584008,-0.11374086889657825,0.06698961937716265,0.05911572472126105,-0.08882737408688965,-0.186082276047674,-0.0629911572472126,-0.017777777777777778,-0.0271280276816609,0.17279507881584008,-0.022206843521722412,0.08421376393694734,-0.09356401384083046,0.041584006151480196,0.1085121107266436,-0.15378700499807765,0.041584006151480196,0.04822760476739715,-0.017777777777777778,0.21413302575932336,-0.07111111111111111,-0.010396001537870049,-0.03254133025759323,0.24415224913494812,0.01384083044982699,-0.13016532103037293,0.09842368319876971,0.2679584775086506,-0.03543252595155709,0.017777777777777778,0.09356401384083046,0.12456747404844293,-0.10340638216070744,0.13588619761630144,-0.15378700499807765,0.29287197231833906,-0.19986159169550174,-0.03543252595155709,0.01384083044982699,0.16633602460592078,-0.13588619761630144,-0.024605920799692427,0.16000000000000003,-0.13016532103037293,-0.08882737408688965,0.10340638216070744,0.03543252595155709,-0.06698961937716265,-0.007443291041906958,-0.12456747404844293,0.05911572472126105,0.2761399461745483
IDW_SW_37,Unknown,23.808754831776525,90.1042876120621,,0.0302307662938488,8.950670716983378,0.0226880666404142,4.1717930172691045,77.59717433486063,49.147282804372544,99.1295788984832,18.203489187336707,3.87089626068674,123.8362782526608,31.427298379735195,38.89354917499045,37.99077087244381,25.804927734861987,33536.213996766965,160.43460265268772,0.041584006151480196,-0.1085121107266436,0.1085121107266436,0.044844290657439445,-0.024605920799692427,0.15378700499807765,0.04822760476739715,0.00024605920799692423,-0.044844290657439445,0.2679584775086506,0.2364628988850442,-0.041584006151480196,-0.1929104190695886,-0.11374086889657825,0.05911572472126105,0.13588619761630144,-0.07972318339100345,-0.16633602460592078,-0.12456747404844293,-0.05536332179930796,-0.05173394848135333,0.2069357939254133,-0.05911572472126105,0.07972318339100345,-0.09356401384083046,0.09356401384083046,0.10340638216070744,-0.07111111111111111,0.07972318339100345,0.07972318339100345,-0.024605920799692427,0.14769703960015382,-0.05536332179930796,-0.01574778931180315,0.03543252595155709,0.2761399461745483,0.010396001537870049,-0.13016532103037293,0.04822760476739715,0.22145328719723184,-0.08882737408688965,0.08882737408688965,0.05173394848135333,0.13016532103037293,-0.07535563244905807,0.16633602460592078,-0.11374086889657825,0.28444444444444444,-0.186082276047674,-0.05536332179930796,0.010396001537870049,0.11909265667051133,-0.11909265667051133,-0.11374086889657825,0.22145328719723184,-0.17279507881584008,-0.11909265667051133,0.1085121107266436,0.029773164167627833,-0.044844290657439445,-0.010396001537870049,-0.16633602460592078,0.07972318339100345,0.19986159169550174
IDW_SW_38,Unknown,23.99030598636576,90.21635891069415,,0.0201548353546149,9.227656525261835,0.0149220670713405,3.5190731273526223,80.59823412376619,45.92394246496709,89.93102946495047,14.097069506407037,4.265542132900576,130.2642346138797,31.423868555278496,25.579521686490857,45.21227217527989,29.676919309235107,33530.1672266369,160.0491231820368,0.08421376393694734,-0.01384083044982699,0.17279507881584008,0.08882737408688965,-0.01574778931180315,0.11374086889657825,0.13016532103037293,-0.07535563244905807,0.019930795847750864,0.2288965782391388,0.2364628988850442,-0.019930795847750864,-0.21413302575932336,-0.14769703960015382,0.022206843521722412,0.1085121107266436,-0.1085121107266436,-0.21413302575932336,-0.16000000000000003,-0.08421376393694734,-0.09842368319876971,0.24415224913494812,-0.06698961937716265,0.09356401384083046,0.007443291041906958,0.11374086889657825,0.12456747404844293,0.07111111111111111,0.022206843521722412,0.029773164167627833,-0.024605920799692427,0.15378700499807765,-0.008858131487889272,0.03844675124951941,0.008858131487889272,0.3278123798539023,-0.03844675124951941,-0.07535563244905807,0.14173010380622836,0.14769703960015382,-0.024605920799692427,0.12456747404844293,0.024605920799692427,0.12456747404844293,-0.07535563244905807,0.11374086889657825,-0.09842368319876971,0.2599000384467512,-0.09356401384083046,-0.017777777777777778,-0.03844675124951941,0.10340638216070744,-0.03254133025759323,-0.09356401384083046,0.24415224913494812,-0.16000000000000003,-0.17279507881584008,0.09356401384083046,-0.041584006151480196,-0.01384083044982699,-0.0271280276816609,-0.09356401384083046,0.10340638216070744,0.186082276047674
IDW_SW_39,Unknown,23.721661924964742,90.26664631177808,,0.0639453712123866,11.685745215979171,0.0800122586227415,5.118254188864653,87.912251239116,50.63541171753735,104.72530075423536,25.085252908022262,2.6222144037950152,97.0496742503853,32.41419001988788,66.24747317518401,22.848924724538858,14.011965701723309,34490.724693657845,153.63194340176594,0.008858131487889272,-0.14173010380622836,0.04822760476739715,0.05911572472126105,-0.010396001537870049,0.16000000000000003,-0.0015378700499807767,0.07111111111111111,-0.03543252595155709,0.22145328719723184,0.2519646289888504,-0.04822760476739715,-0.17279507881584008,-0.06698961937716265,0.041584006151480196,0.0629911572472126,-0.13016532103037293,-0.2069357939254133,-0.09842368319876971,-0.07535563244905807,-0.0629911572472126,0.16633602460592078,-0.04822760476739715,0.09356401384083046,-0.11374086889657825,0.044844290657439445,0.08882737408688965,-0.13016532103037293,0.04822760476739715,0.04822760476739715,-0.022206843521722412,0.21413302575932336,-0.07535563244905807,0.017777777777777778,-0.0271280276816609,0.24415224913494812,0.029773164167627833,-0.10340638216070744,0.09356401384083046,0.2599000384467512,-0.0271280276816609,0.041584006151480196,0.12456747404844293,0.09356401384083046,-0.11374086889657825,0.16633602460592078,-0.13588619761630144,0.2679584775086506,-0.19986159169550174,-0.08421376393694734,-6.151480199923106e-05,0.14769703960015382,-0.08882737408688965,-0.06698961937716265,0.12456747404844293,-0.17937716262975778,-0.1085121107266436,0.08421376393694734,0.03844675124951941,-0.09356401384083046,-0.03844675124951941,-0.14769703960015382,0.1085121107266436,0.2679584775086506
IDW_SW_40,Unknown,23.808691334248223,90.54289195557912,,0.0046695112502435,3.3370873229327422,0.0075355637354908,1.2411055442978451,65.82147705391485,33.688214955927826,103.95481296804184,17.85398311240817,7.589938701523458,102.88238013365014,34.82783570254689,19.196169012794932,54.65758301651894,29.11628750058829,33536.569290723695,174.31259962112813,0.04822760476739715,-0.19986159169550174,0.0629911572472126,0.03844675124951941,-0.044844290657439445,0.11374086889657825,0.041584006151480196,0.029773164167627833,-0.07535563244905807,0.186082276047674,0.2519646289888504,-0.05911572472126105,-0.16000000000000003,-0.13588619761630144,0.04822760476739715,0.07972318339100345,-0.05173394848135333,-0.15378700499807765,-0.10340638216070744,-0.03254133025759323,-0.03543252595155709,0.2069357939254133,-0.07535563244905807,0.09842368319876971,-0.11374086889657825,0.05536332179930796,0.07535563244905807,-0.11909265667051133,0.09356401384083046,0.07972318339100345,-0.017777777777777778,0.17937716262975778,-0.10340638216070744,-0.03543252595155709,0.03254133025759323,0.2364628988850442,-0.041584006151480196,-0.16000000000000003,0.0629911572472126,0.2288965782391388,-0.05911572472126105,0.03844675124951941,0.07972318339100345,0.1085121107266436,-0.09356401384083046,0.17279507881584008,-0.16633602460592078,0.28444444444444444,-0.22145328719723184,-0.041584006151480196,-0.003936947327950788,0.14769703960015382,-0.16633602460592078,-0.06698961937716265,0.16000000000000003,-0.14769703960015382,-0.029773164167627833,0.08421376393694734,0.019930795847750864,-0.03844675124951941,-0.010396001537870049,-0.17279507881584008,0.07535563244905807,0.2679584775086506
IDW_SW_41,Unknown,23.93402389230049,90.08674936230244,,0.0252145309099728,9.21191307175283,0.0189781697249522,3.8763207643458,77.93258958622232,47.74849395270671,96.56228877206854,16.172940190887918,4.155459356953866,128.98760339935956,31.51751445123481,31.953315627659883,41.71615839114174,28.214220571493023,33848.86901792868,162.938393757889,0.03844675124951941,-0.13588619761630144,0.03543252595155709,0.019930795847750864,-0.0271280276816609,0.13588619761630144,-0.003936947327950788,0.004982698961937716,-0.012056901191849288,0.2364628988850442,0.2599000384467512,-0.05536332179930796,-0.21413302575932336,-0.08882737408688965,0.05536332179930796,0.11909265667051133,-0.13588619761630144,-0.16000000000000003,-0.13016532103037293,-0.09356401384083046,-0.07535563244905807,0.2364628988850442,-0.07535563244905807,0.07111111111111111,-0.12456747404844293,0.05536332179930796,0.06698961937716265,-0.09356401384083046,0.0629911572472126,0.07972318339100345,-0.01574778931180315,0.13588619761630144,-0.09842368319876971,-0.03543252595155709,0.01574778931180315,0.24415224913494812,-0.03543252595155709,-0.09842368319876971,0.07535563244905807,0.24415224913494812,-0.06698961937716265,0.08882737408688965,0.09356401384083046,0.13016532103037293,-0.14769703960015382,0.16633602460592078,-0.11909265667051133,0.24415224913494812,-0.1929104190695886,-0.0629911572472126,0.03254133025759323,0.13588619761630144,-0.07535563244905807,-0.1085121107266436,0.14769703960015382,-0.15378700499807765,-0.11374086889657825,0.07111111111111111,0.04822760476739715,-0.05536332179930796,0.010396001537870049,-0.186082276047674,0.08421376393694734,0.24415224913494812
IDW_SW_42,Unknown,23.894001574766023,90.1433933603712,,0.0204275185465812,8.063801481992538,0.0156506233755282,3.3301781941979165,83.3773596483359,45.17394034232875,90.1346723267398,15.631981026223,4.046412523126326,122.27002913373236,31.41893490965169,29.96653720839213,43.86909406959959,27.55972348319569,32999.01160136357,153.66521230224828,0.022206843521722412,-0.15378700499807765,0.05911572472126105,0.03543252595155709,-0.041584006151480196,0.13588619761630144,0.003936947327950788,0.0629911572472126,-0.029773164167627833,0.186082276047674,0.2761399461745483,-0.04822760476739715,-0.17937716262975778,-0.08421376393694734,0.04822760476739715,0.09842368319876971,-0.11374086889657825,-0.21413302575932336,-0.07972318339100345,-0.05173394848135333,-0.03844675124951941,0.1929104190695886,-0.022206843521722412,0.07535563244905807,-0.13588619761630144,0.024605920799692427,0.08882737408688965,-0.14769703960015382,0.05911572472126105,0.0629911572472126,-0.003936947327950788,0.19986159169550174,-0.05911572472126105,-0.010396001537870049,-0.024605920799692427,0.24415224913494812,0.002214532871972318,-0.10340638216070744,0.06698961937716265,0.24415224913494812,-0.0629911572472126,0.05536332179930796,0.11909265667051133,0.08882737408688965,-0.13016532103037293,0.14769703960015382,-0.16000000000000003,0.2679584775086506,-0.2069357939254133,-0.08882737408688965,0.03543252595155709,0.16633602460592078,-0.13016532103037293,-0.07972318339100345,0.13016532103037293,-0.16000000000000003,-0.07972318339100345,0.09356401384083046,0.05173394848135333,-0.07111111111111111,-0.012056901191849288,-0.16000000000000003,0.05536332179930796,0.2679584775086506
IDW_SW_43,Unknown,23.582876359801496,90.4628845270679,,0.0285157221759941,15.327678284486003,0.0214740003802746,10.1234559162945,78.9767066918639,56.73239776655039,157.83486473713572,17.376952397927695,7.499490770150727,172.09628540968066,31.33539529868266,26.393000182180806,35.1780401827494,42.42724146560557,35356.165638082966,224.85407365416577,0.05536332179930796,-0.11909265667051133,0.186082276047674,0.041584006151480196,-0.03844675124951941,0.12456747404844293,0.0271280276816609,-0.022206843521722412,-0.03844675124951941,0.2364628988850442,0.2519646289888504,-0.002214532871972318,-0.19986159169550174,-0.12456747404844293,0.010396001537870049,0.13016532103037293,-0.11374086889657825,-0.17279507881584008,-0.17937716262975778,-0.06698961937716265,-0.11909265667051133,0.2069357939254133,-0.07535563244905807,0.11374086889657825,-0.05911572472126105,0.13588619761630144,0.07535563244905807,0.004982698961937716,0.04822760476739715,0.08882737408688965,0.017777777777777778,0.07972318339100345,-0.09842368319876971,0.041584006151480196,0.07972318339100345,0.3014225297962323,0.019930795847750864,-0.1085121107266436,0.08421376393694734,0.19986159169550174,-0.06698961937716265,0.11374086889657825,0.07972318339100345,0.14769703960015382,-0.08421376393694734,0.16633602460592078,-0.1085121107266436,0.2599000384467512,-0.14173010380622836,-0.006151480199923107,-0.06698961937716265,0.09356401384083046,-0.05173394848135333,-0.09356401384083046,0.19986159169550174,-0.17937716262975778,-0.09842368319876971,0.04822760476739715,-0.024605920799692427,0.0015378700499807767,-0.07111111111111111,-0.14769703960015382,0.09356401384083046,0.2069357939254133
IDW_SW_44,Unknown,23.88405835503762,90.2305709544048,,0.0061741926898352,5.081121163604371,0.0066469015156511,1.7279568278149202,98.06249800868794,35.703105117891866,77.0537842001238,12.696567651071716,4.087705500776658,108.62923168646198,31.481304225743035,19.881771828447167,52.69496484153138,27.75254930388808,31487.670926064624,133.67880331600853,0.022206843521722412,-0.186082276047674,0.03543252595155709,0.044844290657439445,-0.022206843521722412,0.15378700499807765,-0.022206843521722412,0.03543252595155709,-0.019930795847750864,0.19986159169550174,0.2599000384467512,-0.0629911572472126,-0.16633602460592078,-0.1085121107266436,0.05911572472126105,0.09842368319876971,-0.14769703960015382,-0.19986159169550174,-0.1085121107266436,-0.03844675124951941,-0.06698961937716265,0.17279507881584008,-0.0629911572472126,0.08882737408688965,-0.13016532103037293,0.05911572472126105,0.07111111111111111,-0.13588619761630144,0.0629911572472126,0.06698961937716265,0.019930795847750864,0.17279507881584008,-0.07111111111111111,-0.012056901191849288,-0.03254133025759323,0.2679584775086506,-0.003014225297962322,-0.13016532103037293,0.10340638216070744,0.2599000384467512,-0.03844675124951941,0.07535563244905807,0.12456747404844293,0.07972318339100345,-0.10340638216070744,0.13588619761630144,-0.14769703960015382,0.2761399461745483,-0.19986159169550174,-0.0629911572472126,0.008858131487889272,0.14173010380622836,-0.13016532103037293,-0.06698961937716265,0.14173010380622836,-0.16000000000000003,-0.0629911572472126,0.08421376393694734,0.0271280276816609,-0.029773164167627833,-0.022206843521722412,-0.16000000000000003,0.08421376393694734,0.2364628988850442
IDW_SW_45,Unknown,23.894888374204086,90.2316988298273,,0.0036445399185449,5.9835854184908355,0.0073614960484267,2.037482161534423,101.90252568998484,35.76918140561099,73.54705150486521,10.641672066455811,4.301433134760212,108.66309427715302,30.98121952526899,18.015217213342687,51.00980615828504,28.03273187271587,30357.570304831337,135.44426396331684,0.029773164167627833,-0.186082276047674,0.07111111111111111,0.03844675124951941,-0.019930795847750864,0.13588619761630144,0.0005536332179930795,0.044844290657439445,-0.044844290657439445,0.1929104190695886,0.24415224913494812,-0.044844290657439445,-0.15378700499807765,-0.13016532103037293,0.06698961937716265,0.10340638216070744,-0.12456747404844293,-0.17937716262975778,-0.09356401384083046,-0.06698961937716265,-0.07111111111111111,0.17279507881584008,-0.07972318339100345,0.09356401384083046,-0.11374086889657825,0.06698961937716265,0.0629911572472126,-0.13588619761630144,0.07535563244905807,0.08882737408688965,-0.0271280276816609,0.16633602460592078,-0.1085121107266436,0.01574778931180315,-0.000984236831987697,0.2679584775086506,0.01384083044982699,-0.13588619761630144,0.07111111111111111,0.2364628988850442,-0.044844290657439445,0.07535563244905807,0.09842368319876971,0.10340638216070744,-0.09356401384083046,0.16000000000000003,-0.14769703960015382,0.2761399461745483,-0.19986159169550174,-0.07535563244905807,0.003014225297962322,0.12456747404844293,-0.15378700499807765,-0.07535563244905807,0.15378700499807765,-0.1929104190695886,-0.07111111111111111,0.07972318339100345,0.04822760476739715,-0.019930795847750864,-0.008858131487889272,-0.15378700499807765,0.09842368319876971,0.2364628988850442
IDW_SW_46,Unknown,23.611309409799283,90.45859697849004,,0.0347030101441107,13.94201519475233,0.0195031856826692,10.002780093705082,83.88965218526327,59.465680869422,170.48251012219782,16.45371086319909,7.780774288326278,187.2917995923059,31.33161797963666,24.58483722954431,34.50375923796862,44.7068668043469,36458.4215923858,244.63290743118,0.01384083044982699,-0.19986159169550174,0.0015378700499807767,0.05536332179930796,-0.0271280276816609,0.14173010380622836,-0.003936947327950788,0.07111111111111111,-0.05911572472126105,0.2069357939254133,0.2364628988850442,-0.07972318339100345,-0.17937716262975778,-0.11374086889657825,0.07111111111111111,0.06698961937716265,-0.07972318339100345,-0.14173010380622836,-0.0629911572472126,-0.006151480199923107,-0.03844675124951941,0.19986159169550174,-0.0271280276816609,0.07972318339100345,-0.12456747404844293,0.0271280276816609,0.08882737408688965,-0.17279507881584008,0.04822760476739715,0.04822760476739715,-0.01384083044982699,0.24415224913494812,-0.041584006151480196,-0.03844675124951941,-0.024605920799692427,0.21413302575932336,0.006151480199923107,-0.12456747404844293,0.09356401384083046,0.2599000384467512,-0.029773164167627833,0.01384083044982699,0.11374086889657825,0.07972318339100345,-0.12456747404844293,0.14173010380622836,-0.16000000000000003,0.2761399461745483,-0.21413302575932336,-0.05911572472126105,0.041584006151480196,0.186082276047674,-0.14769703960015382,-0.05911572472126105,0.13016532103037293,-0.11374086889657825,-0.03254133025759323,0.11909265667051133,0.03254133025759323,-0.044844290657439445,-0.01384083044982699,-0.17279507881584008,0.04822760476739715,0.28444444444444444
IDW_SW_47,Unknown,23.825385725765365,90.34503411615796,,0.0704496153364679,18.957213362981307,0.0377961618025261,3.030627669890066,17.57671118895852,84.67659674215717,105.58437116563128,14.298136283898206,5.108525858443934,248.8204749677773,33.62454527210329,16.093325537806123,25.50084987612703,62.33893738996395,43934.40629672352,317.83243214767043,0.0271280276816609,-0.21413302575932336,0.12456747404844293,-0.010396001537870049,-0.03254133025759323,0.044844290657439445,-0.0015378700499807767,-0.022206843521722412,-0.10340638216070744,0.17937716262975778,0.2679584775086506,0.0271280276816609,-0.186082276047674,-0.11374086889657825,0.041584006151480196,0.07972318339100345,-0.0629911572472126,-0.12456747404844293,-0.14173010380622836,-0.10340638216070744,-0.06698961937716265,0.2069357939254133,-0.09356401384083046,0.01574778931180315,-0.13588619761630144,0.07972318339100345,0.017777777777777778,-0.044844290657439445,0.08421376393694734,0.17937716262975778,-0.004982698961937716,0.07972318339100345,-0.17279507881584008,-0.03543252595155709,0.05173394848135333,0.19986159169550174,-0.14769703960015382,-0.14769703960015382,0.07972318339100345,0.28444444444444444,-0.03844675124951941,0.1085121107266436,0.01384083044982699,0.15378700499807765,-0.10340638216070744,0.14769703960015382,-0.03543252595155709,0.24415224913494812,-0.17937716262975778,-0.08421376393694734,0.029773164167627833,0.13588619761630144,-0.16000000000000003,-0.13016532103037293,0.15378700499807765,-0.2069357939254133,-0.1085121107266436,0.019930795847750864,0.041584006151480196,-0.04822760476739715,0.01574778931180315,-0.15378700499807765,0.07972318339100345,0.1929104190695886
IDW_SW_48,Unknown,23.58539884976713,90.42162258031864,,0.0272805953488394,16.520800207010396,0.0329794597611105,8.37033088314545,87.99119749530003,46.08326424914693,145.2140782201362,17.800991779913268,5.045930306819225,132.8631244392035,31.36858329789643,27.31460160573455,42.17458591760885,35.11161546465433,37310.12837649819,196.19952372748503,0.05173394848135333,-0.10340638216070744,0.09842368319876971,0.05173394848135333,-0.03543252595155709,0.11374086889657825,0.03844675124951941,-0.04822760476739715,-0.019930795847750864,0.2519646289888504,0.2599000384467512,0.007443291041906958,-0.17937716262975778,-0.07972318339100345,0.019930795847750864,0.13588619761630144,-0.10340638216070744,-0.186082276047674,-0.17937716262975778,-0.08882737408688965,-0.11374086889657825,0.21413302575932336,-0.07972318339100345,0.08421376393694734,-0.09842368319876971,0.07535563244905807,0.08882737408688965,0.012056901191849288,0.024605920799692427,0.03844675124951941,0.01574778931180315,0.13016532103037293,-0.12456747404844293,-0.0271280276816609,0.008858131487889272,0.2679584775086506,-0.08421376393694734,-0.08882737408688965,0.09842368319876971,0.2288965782391388,-0.022206843521722412,0.13588619761630144,0.13016532103037293,0.1085121107266436,-0.09842368319876971,0.19986159169550174,-0.10340638216070744,0.2599000384467512,-0.17937716262975778,-0.09842368319876971,-0.012056901191849288,0.10340638216070744,-0.03844675124951941,-0.08882737408688965,0.16633602460592078,-0.186082276047674,-0.1085121107266436,0.07111111111111111,-0.012056901191849288,-0.03844675124951941,-0.01384083044982699,-0.17937716262975778,0.1085121107266436,0.19986159169550174
IDW_SW_49,Unknown,23.92746409411004,90.24636174578946,,0.0070583446185238,6.986750273382725,0.0089808965918679,2.435517458275764,97.4846177883605,38.251744690603765,76.23578982970777,10.995252978952712,4.318243157614312,114.31321638755244,30.986587243738033,19.02615404217897,49.59739476407681,28.610554174609707,30940.83121707127,141.5240226474115,0.04822760476739715,-0.07535563244905807,0.14769703960015382,0.008858131487889272,-0.03543252595155709,0.11909265667051133,0.029773164167627833,-0.05536332179930796,-0.10340638216070744,0.16000000000000003,0.2519646289888504,0.000984236831987697,-0.22145328719723184,-0.11909265667051133,-0.01574778931180315,0.09842368319876971,-0.09356401384083046,-0.14173010380622836,-0.16000000000000003,-0.06698961937716265,-0.2364628988850442,0.28444444444444444,-0.05173394848135333,-0.07111111111111111,-0.029773164167627833,0.17279507881584008,0.13016532103037293,0.03844675124951941,-0.06698961937716265,0.0629911572472126,0.1085121107266436,0.11909265667051133,-0.09356401384083046,0.002214532871972318,0.09356401384083046,0.2679584775086506,-0.14769703960015382,0.017777777777777778,0.09842368319876971,0.14173010380622836,0.022206843521722412,0.12456747404844293,-0.024605920799692427,0.2519646289888504,0.0629911572472126,0.16633602460592078,-0.05173394848135333,0.21413302575932336,-0.14173010380622836,-0.0271280276816609,-0.07111111111111111,0.1085121107266436,-0.0271280276816609,0.024605920799692427,0.2069357939254133,-0.22145328719723184,-0.07972318339100345,0.04822760476739715,-0.03254133025759323,-0.05173394848135333,-0.0015378700499807767,-0.1085121107266436,0.022206843521722412,0.17279507881584008
IDW_SW_50,Unknown,23.711967608354744,90.27827118937056,,0.0710176664011322,14.34539961590316,0.1112402389159956,5.030609433856098,97.08559525714664,50.5733998945984,102.82895821389168,27.306514146797817,2.266590319892765,84.81903882203693,33.459781530671385,72.3867035696836,20.22326159958772,10.498265692127898,36201.174076750576,150.56836895851742,0.008858131487889272,-0.19986159169550174,0.024605920799692427,0.05911572472126105,-0.0271280276816609,0.15378700499807765,-0.017777777777777778,0.05536332179930796,-0.024605920799692427,0.19986159169550174,0.2679584775086506,-0.0629911572472126,-0.186082276047674,-0.10340638216070744,0.06698961937716265,0.07972318339100345,-0.1085121107266436,-0.17937716262975778,-0.1085121107266436,-0.04822760476739715,-0.05536332179930796,0.17279507881584008,-0.04822760476739715,0.07972318339100345,-0.12456747404844293,0.06698961937716265,0.09356401384083046,-0.14769703960015382,0.07111111111111111,0.06698961937716265,0.007443291041906958,0.1929104190695886,-0.09356401384083046,0.002214532871972318,-0.03254133025759323,0.24415224913494812,0.012056901191849288,-0.13016532103037293,0.08882737408688965,0.2679584775086506,-0.03254133025759323,0.05173394848135333,0.11374086889657825,0.09842368319876971,-0.1085121107266436,0.14173010380622836,-0.13588619761630144,0.2679584775086506,-0.19986159169550174,-0.07111111111111111,0.029773164167627833,0.15378700499807765,-0.13016532103037293,-0.05536332179930796,0.14173010380622836,-0.15378700499807765,-0.07111111111111111,0.09842368319876971,0.03844675124951941,-0.03543252595155709,-0.006151480199923107,-0.16000000000000003,0.07535563244905807,0.2519646289888504
IDW_SW_51,Unknown,23.81636968686588,90.24795671528346,,0.0071281023565028,6.317924418125596,0.00590683755972,3.792700253860432,86.96321221110534,56.02953828116558,76.18474588185151,24.046373723897126,3.1336196096519693,88.91592897872624,30.495488036809515,51.22514567709919,33.18526152936462,19.360796373882216,29351.197589197574,119.53870222587184,0.03543252595155709,-0.186082276047674,0.05173394848135333,0.06698961937716265,-0.044844290657439445,0.12456747404844293,0.03254133025759323,0.012056901191849288,-0.03844675124951941,0.17937716262975778,0.2519646289888504,-0.0629911572472126,-0.17279507881584008,-0.13588619761630144,0.0629911572472126,0.09356401384083046,-0.08882737408688965,-0.16633602460592078,-0.10340638216070744,-0.05911572472126105,-0.05911572472126105,0.186082276047674,-0.06698961937716265,0.09356401384083046,-0.11374086889657825,0.0629911572472126,0.1085121107266436,-0.11374086889657825,0.07535563244905807,0.044844290657439445,-0.03254133025759323,0.21413302575932336,-0.07972318339100345,0.002214532871972318,0.008858131487889272,0.2599000384467512,-0.008858131487889272,-0.16000000000000003,0.07535563244905807,0.2519646289888504,-0.04822760476739715,0.07111111111111111,0.09356401384083046,0.08882737408688965,-0.1085121107266436,0.13588619761630144,-0.17279507881584008,0.2679584775086506,-0.22145328719723184,-0.07972318339100345,0.01384083044982699,0.13016532103037293,-0.13588619761630144,-0.07111111111111111,0.14173010380622836,-0.16000000000000003,-0.05536332179930796,0.09842368319876971,0.022206843521722412,-0.0271280276816609,0.008858131487889272,-0.16000000000000003,0.08882737408688965,0.2599000384467512
IDW_SW_52,Unknown,23.583112341918024,90.42364173284248,,0.0277724463298236,16.280400618237053,0.032152129802119,8.40324743477884,87.19334660175416,46.91962030647116,146.03642051178778,17.721182447804793,5.201443006493711,135.91411974695575,31.37905542133464,27.56647280777879,41.51107350213212,35.46992662856099,37195.36487364427,198.43365394616117,0.029773164167627833,-0.1085121107266436,0.09842368319876971,0.03844675124951941,-0.041584006151480196,0.12456747404844293,-0.01574778931180315,-0.03254133025759323,-0.0629911572472126,0.2761399461745483,0.2599000384467512,0.008858131487889272,-0.22145328719723184,-0.03844675124951941,0.010396001537870049,0.14769703960015382,-0.13016532103037293,-0.16000000000000003,-0.2069357939254133,-0.09356401384083046,-0.11374086889657825,0.2364628988850442,-0.08421376393694734,0.07535563244905807,-0.07972318339100345,0.11909265667051133,0.05536332179930796,0.006151480199923107,0.01384083044982699,0.08421376393694734,0.019930795847750864,0.08882737408688965,-0.10340638216070744,-0.022206843521722412,0.03543252595155709,0.24415224913494812,-0.07111111111111111,-0.044844290657439445,0.10340638216070744,0.2069357939254133,-0.03543252595155709,0.08421376393694734,0.08421376393694734,0.14769703960015382,-0.08421376393694734,0.17279507881584008,-0.024605920799692427,0.2761399461745483,-0.17937716262975778,-0.07535563244905807,0.008858131487889272,0.09842368319876971,-0.03844675124951941,-0.09842368319876971,0.19986159169550174,-0.17279507881584008,-0.12456747404844293,0.07972318339100345,-0.03254133025759323,-0.07111111111111111,-0.029773164167627833,-0.16633602460592078,0.12456747404844293,0.2069357939254133
IDW_SW_53,Unknown,23.83867782919983,90.5256006760955,,0.004461813151995,2.9189177144575003,0.0059558089420729,1.0387368891523727,65.29171051383297,32.58721171125322,102.84671040320212,17.8258585118329,7.41568330004152,100.57833020440732,34.93051827776619,17.890874078797363,56.095025274685945,28.92904266018779,33561.424392088076,172.11529899216526,-0.01384083044982699,-0.14173010380622836,0.08882737408688965,-0.002214532871972318,-0.03543252595155709,0.08421376393694734,-0.04822760476739715,-0.002214532871972318,-0.09842368319876971,0.15378700499807765,0.2761399461745483,0.0015378700499807767,-0.2599000384467512,-0.008858131487889272,-0.01574778931180315,0.09842368319876971,-0.09356401384083046,-0.1929104190695886,-0.186082276047674,-0.09356401384083046,-0.11909265667051133,0.2364628988850442,-0.05173394848135333,-0.029773164167627833,-0.11374086889657825,0.05173394848135333,0.07535563244905807,-0.05911572472126105,-0.06698961937716265,0.14173010380622836,0.08882737408688965,0.11374086889657825,-0.07972318339100345,-0.06698961937716265,0.0271280276816609,0.19986159169550174,-0.11909265667051133,0.017777777777777778,0.14173010380622836,0.2599000384467512,0.002214532871972318,0.07535563244905807,-0.012056901191849288,0.19986159169550174,-0.10340638216070744,0.16000000000000003,0.012056901191849288,0.24415224913494812,-0.19986159169550174,-0.08882737408688965,0.010396001537870049,0.17279507881584008,-0.05536332179930796,-0.03254133025759323,0.17279507881584008,-0.14769703960015382,-0.13016532103037293,0.019930795847750864,-0.008858131487889272,-0.08882737408688965,0.01384083044982699,-0.13016532103037293,0.07535563244905807,0.24415224913494812
IDW_SW_54,Unknown,23.639557798012277,90.33355701718044,,0.0497921010474527,15.40359267153097,0.028034731253994,7.322707766404446,86.26786300167538,32.47806727916282,166.274748693876,16.01890635249456,2.468651712876787,88.27003319521091,31.47834883035754,57.53807748819851,29.08671325509259,19.539794036328967,36034.84088338624,147.46494979732756,0.05173394848135333,-0.16000000000000003,0.05911572472126105,0.0271280276816609,-0.04822760476739715,0.13588619761630144,0.05536332179930796,0.003936947327950788,-0.05536332179930796,0.21413302575932336,0.2599000384467512,-0.041584006151480196,-0.16633602460592078,-0.1085121107266436,0.05173394848135333,0.12456747404844293,-0.05536332179930796,-0.19986159169550174,-0.13588619761630144,-0.05536332179930796,-0.05911572472126105,0.1929104190695886,-0.07972318339100345,0.07972318339100345,-0.12456747404844293,0.04822760476739715,0.11374086889657825,-0.09356401384083046,0.07972318339100345,0.07972318339100345,-0.03543252595155709,0.19986159169550174,-0.1085121107266436,-0.029773164167627833,-0.002214532871972318,0.2288965782391388,-0.024605920799692427,-0.14769703960015382,0.041584006151480196,0.24415224913494812,-0.04822760476739715,0.07111111111111111,0.11909265667051133,0.1085121107266436,-0.09842368319876971,0.1929104190695886,-0.14769703960015382,0.2599000384467512,-0.19986159169550174,-0.09842368319876971,0.010396001537870049,0.1085121107266436,-0.13016532103037293,-0.08421376393694734,0.14173010380622836,-0.16633602460592078,-0.0629911572472126,0.07111111111111111,0.05173394848135333,-0.03543252595155709,0.006151480199923107,-0.17279507881584008,0.09356401384083046,0.24415224913494812
IDW_SW_55,Unknown,24.001710922018816,90.0804995070252,,0.0261308740579674,9.719232150537064,0.0194788719823666,4.047333831722561,75.56204476066553,48.54990874516066,98.59404745136732,16.001423686247403,4.265528478568701,132.70446610348122,31.583392005780972,31.355287098715333,41.59724382269182,28.98886311883188,34244.11239761085,167.07669872377232,0.07972318339100345,-0.05911572472126105,0.0629911572472126,0.07535563244905807,-0.08421376393694734,0.08421376393694734,0.14769703960015382,-0.09356401384083046,0.03254133025759323,0.2364628988850442,0.19986159169550174,-0.06698961937716265,-0.13016532103037293,-0.2364628988850442,0.06698961937716265,0.13588619761630144,-0.0629911572472126,-0.14173010380622836,-0.11909265667051133,-0.003936947327950788,-0.11374086889657825,0.3188927335640138,-0.03543252595155709,0.07535563244905807,-0.022206843521722412,0.09842368319876971,0.1929104190695886,0.04822760476739715,0.024605920799692427,-0.09356401384083046,-0.041584006151480196,0.2519646289888504,-0.022206843521722412,-0.0629911572472126,-0.05173394848135333,0.2761399461745483,-0.06698961937716265,-0.14173010380622836,0.12456747404844293,0.11374086889657825,0.003936947327950788,0.14173010380622836,0.03844675124951941,0.08882737408688965,-0.05911572472126105,0.17279507881584008,-0.14769703960015382,0.24415224913494812,-0.12456747404844293,-0.07111111111111111,0.007443291041906958,0.10340638216070744,-0.019930795847750864,-0.017777777777777778,0.1929104190695886,-0.12456747404844293,-0.13588619761630144,0.14173010380622836,-0.007443291041906958,-0.0005536332179930795,0.05173394848135333,-0.13016532103037293,0.07972318339100345,0.17279507881584008
IDW_SW_56,Unknown,23.59607377828436,90.44229309564052,,0.0310863047472759,15.059301463865909,0.0264791326596081,9.009462182232228,85.54381684590643,52.66029497476006,156.7991982372535,17.07991171033121,6.35294112845895,159.4184051381014,31.37499134264879,26.324828083636405,38.32605807228366,39.544595791917104,36921.44755790128,219.6745143553834,0.08421376393694734,-0.04822760476739715,0.13016532103037293,0.05536332179930796,-0.008858131487889272,0.16000000000000003,0.08421376393694734,-0.09842368319876971,-0.0629911572472126,0.2519646289888504,0.07111111111111111,0.06698961937716265,-0.19986159169550174,-0.14769703960015382,0.024605920799692427,0.2288965782391388,-0.17937716262975778,-0.024605920799692427,-0.15378700499807765,-0.09356401384083046,-0.28444444444444444,0.22145328719723184,-0.16000000000000003,0.11909265667051133,0.01384083044982699,0.15378700499807765,0.09356401384083046,0.07535563244905807,-0.029773164167627833,-0.07535563244905807,-0.003936947327950788,0.05173394848135333,-0.022206843521722412,0.019930795847750864,0.1929104190695886,0.2519646289888504,-0.044844290657439445,-0.13016532103037293,0.07535563244905807,0.05911572472126105,0.04822760476739715,0.22145328719723184,-0.04822760476739715,0.08882737408688965,0.024605920799692427,0.16000000000000003,-0.09842368319876971,0.16633602460592078,-0.11909265667051133,0.12456747404844293,-0.07535563244905807,0.029773164167627833,-0.03543252595155709,-0.11374086889657825,0.22145328719723184,-0.17937716262975778,0.03254133025759323,0.004982698961937716,-0.11909265667051133,0.024605920799692427,-0.03543252595155709,-0.19986159169550174,0.07972318339100345,0.07111111111111111
IDW_SW_57,Unknown,23.79263474113544,90.24079772800576,,0.0078104960337733,6.160070597094828,0.0060463534719795,4.079830209277302,87.05371097438254,57.70598364331066,75.35665770817614,25.2422879888528,3.005967184762305,84.13518405140795,30.279149470086,55.530650127409885,30.40380040853534,17.84317171490632,28615.62406741744,115.5787532886444,-0.01384083044982699,-0.1929104190695886,0.09356401384083046,0.07111111111111111,-0.017777777777777778,0.13016532103037293,-0.006151480199923107,0.09842368319876971,-0.044844290657439445,0.2069357939254133,0.24415224913494812,-0.03844675124951941,-0.16633602460592078,-0.08882737408688965,0.05536332179930796,0.07972318339100345,-0.09842368319876971,-0.19986159169550174,-0.09842368319876971,-0.05911572472126105,-0.04822760476739715,0.14769703960015382,-0.041584006151480196,0.08882737408688965,-0.04822760476739715,0.09356401384083046,0.13016532103037293,-0.14173010380622836,0.0629911572472126,0.09356401384083046,-0.06698961937716265,0.19986159169550174,-0.08421376393694734,0.05173394848135333,-0.0015378700499807767,0.2364628988850442,0.04822760476739715,-0.11374086889657825,0.11909265667051133,0.2364628988850442,-0.0629911572472126,0.01574778931180315,0.07972318339100345,0.11374086889657825,-0.13016532103037293,0.12456747404844293,-0.13588619761630144,0.2761399461745483,-0.1929104190695886,-0.05536332179930796,0.022206843521722412,0.16000000000000003,-0.12456747404844293,-0.0629911572472126,0.15378700499807765,-0.16000000000000003,-0.1085121107266436,0.07972318339100345,0.029773164167627833,-0.08882737408688965,-0.03254133025759323,-0.11909265667051133,0.09842368319876971,0.28444444444444444
IDW_SW_58,Unknown,24.007924843102547,90.36443211851642,,0.0329439419917646,13.090236799924655,0.0192725318415402,4.974261796903111,58.26896260545088,54.835667878021695,102.32585998550188,15.24216350962448,4.486970054588072,155.33113342938938,31.89721584858432,26.54008876257621,42.65863330084145,33.328211920633166,36690.89123466269,184.3373652301711,0.06698961937716265,-0.17937716262975778,0.03254133025759323,-0.004982698961937716,-0.041584006151480196,0.07972318339100345,-0.006151480199923107,-0.002214532871972318,-0.06698961937716265,0.2069357939254133,0.28444444444444444,-0.01384083044982699,-0.1929104190695886,-0.06698961937716265,0.006151480199923107,0.10340638216070744,-0.10340638216070744,-0.2364628988850442,-0.17937716262975778,-0.06698961937716265,-0.08882737408688965,0.16000000000000003,-0.03543252595155709,0.017777777777777778,-0.10340638216070744,0.044844290657439445,0.10340638216070744,-0.0629911572472126,0.05173394848135333,0.1085121107266436,0.044844290657439445,0.17937716262975778,-0.14173010380622836,-0.05911572472126105,-0.01384083044982699,0.21413302575932336,-0.11909265667051133,-0.07972318339100345,0.05911572472126105,0.2364628988850442,-0.05911572472126105,0.08882737408688965,0.11374086889657825,0.14769703960015382,-0.05911572472126105,0.17937716262975778,-0.09356401384083046,0.24415224913494812,-0.2364628988850442,-0.07972318339100345,-0.022206843521722412,0.08421376393694734,-0.11374086889657825,-0.08421376393694734,0.11374086889657825,-0.1929104190695886,-0.08882737408688965,0.022206843521722412,0.07535563244905807,-0.05173394848135333,0.007443291041906958,-0.1929104190695886,0.08421376393694734,0.24415224913494812
IDW_SW_59,Unknown,23.61360805107501,90.42966409033272,,0.0310010798573455,15.67171730569136,0.0310359294805707,8.48749711933646,91.69749050834224,48.53079427800334,155.30541341864492,17.135583819491625,5.411226220890889,146.01596148807414,31.346294639157684,24.879087661339717,41.93846238828632,37.609551331945795,38086.99166194855,212.76022091111437,0.05911572472126105,-0.22145328719723184,0.044844290657439445,0.024605920799692427,-0.041584006151480196,0.10340638216070744,0.03543252595155709,0.007443291041906958,-0.07111111111111111,0.16633602460592078,0.2679584775086506,-0.04822760476739715,-0.15378700499807765,-0.11374086889657825,0.044844290657439445,0.07111111111111111,-0.07535563244905807,-0.16633602460592078,-0.1085121107266436,-0.044844290657439445,-0.03254133025759323,0.1929104190695886,-0.10340638216070744,0.04822760476739715,-0.13016532103037293,0.05911572472126105,0.1085121107266436,-0.12456747404844293,0.07535563244905807,0.08421376393694734,0.010396001537870049,0.17937716262975778,-0.13588619761630144,-0.01384083044982699,0.003014225297962322,0.2069357939254133,-0.07111111111111111,-0.14769703960015382,0.1085121107266436,0.2599000384467512,-0.041584006151480196,0.08421376393694734,0.1085121107266436,0.08421376393694734,-0.12456747404844293,0.16000000000000003,-0.16633602460592078,0.2599000384467512,-0.2364628988850442,-0.08421376393694734,0.029773164167627833,0.16000000000000003,-0.15378700499807765,-0.08421376393694734,0.11909265667051133,-0.15378700499807765,-0.022206843521722412,0.07972318339100345,0.029773164167627833,-0.03543252595155709,0.017777777777777778,-0.14173010380622836,0.03844675124951941,0.2599000384467512
IDW_SW_60,Unknown,23.821679642497426,90.27641176604806,,0.024527391145937,9.18542261522574,0.0153398615916428,3.6728705861666544,72.18154357057259,54.31786440470343,89.39203639394864,19.689819107001966,3.605351393990837,128.4190767427807,31.29462294033397,37.65792085142634,38.592645019782154,26.839295369261333,33839.52693426543,160.13835008376844,0.044844290657439445,-0.003014225297962322,0.2364628988850442,0.07111111111111111,-0.003936947327950788,0.1085121107266436,0.07535563244905807,0.03844675124951941,-0.01384083044982699,0.2288965782391388,0.24415224913494812,-0.01384083044982699,-0.17937716262975778,-0.11909265667051133,0.022206843521722412,0.08421376393694734,-0.0629911572472126,-0.2519646289888504,-0.10340638216070744,-0.07535563244905807,-0.01574778931180315,0.16633602460592078,-0.017777777777777778,0.1085121107266436,0.024605920799692427,0.11374086889657825,0.17937716262975778,-0.007443291041906958,0.0629911572472126,0.0629911572472126,-0.0629911572472126,0.2288965782391388,-0.06698961937716265,0.14769703960015382,-0.008858131487889272,0.3014225297962323,0.05911572472126105,-0.07111111111111111,0.08421376393694734,0.15378700499807765,-0.029773164167627833,0.024605920799692427,0.044844290657439445,0.17937716262975778,-0.07111111111111111,0.11909265667051133,-0.1085121107266436,0.2519646289888504,-0.11374086889657825,-0.01574778931180315,-0.041584006151480196,0.08882737408688965,-0.05173394848135333,-0.0629911572472126,0.17937716262975778,-0.1929104190695886,-0.186082276047674,0.05911572472126105,0.010396001537870049,-0.11374086889657825,-0.07972318339100345,-0.06698961937716265,0.09356401384083046,0.2599000384467512
IDW_SW_61,Unknown,23.67015997501468,90.02340269764984,,0.0360056280701919,10.541259107758368,0.0291778991360727,4.95707794560128,74.70635005375019,50.23461688209,111.60891680164724,18.35812776547749,4.092407564606311,129.8462123588031,31.603696108512622,41.29906396970591,35.46618721877712,26.45343741139957,34686.339274352664,172.6085312073938,0.022206843521722412,-0.17279507881584008,-0.01574778931180315,0.05911572472126105,-0.01384083044982699,0.11374086889657825,0.03254133025759323,0.08882737408688965,-0.07111111111111111,0.24415224913494812,0.21413302575932336,-0.09842368319876971,-0.19986159169550174,-0.10340638216070744,0.05911572472126105,0.06698961937716265,-0.044844290657439445,-0.186082276047674,-0.0271280276816609,-0.044844290657439445,-0.008858131487889272,0.2069357939254133,-0.012056901191849288,0.07111111111111111,-0.1085121107266436,-0.004982698961937716,0.07972318339100345,-0.17937716262975778,0.019930795847750864,0.03844675124951941,-0.022206843521722412,0.2519646289888504,0.05911572472126105,-0.03254133025759323,-0.0271280276816609,0.19986159169550174,0.04822760476739715,-0.07972318339100345,0.07972318339100345,0.2288965782391388,-0.029773164167627833,0.002214532871972318,0.13016532103037293,0.07972318339100345,-0.14173010380622836,0.13016532103037293,-0.15378700499807765,0.2761399461745483,-0.19986159169550174,-0.03254133025759323,0.0629911572472126,0.1929104190695886,-0.17279507881584008,-0.09356401384083046,0.16633602460592078,-0.1085121107266436,-0.044844290657439445,0.15378700499807765,0.029773164167627833,-0.05173394848135333,0.010396001537870049,-0.186082276047674,0.024605920799692427,0.2599000384467512
IDW_SW_62,Unknown,23.632045343379957,90.38377945444232,,0.0036365211024119,25.440051163220257,0.0538598271178152,8.911149041935092,104.65971583249588,23.337184464030475,114.0590110577104,21.157159580255907,1.5127700311792387,45.122696030140034,31.00169909285504,16.030606917087386,61.79060990615456,28.127766097812582,38841.01561100748,124.70986635052138,0.019930795847750864,-0.186082276047674,0.029773164167627833,0.05173394848135333,-0.04822760476739715,0.14173010380622836,0.004982698961937716,0.03844675124951941,-0.044844290657439445,0.1929104190695886,0.2599000384467512,-0.07111111111111111,-0.17937716262975778,-0.10340638216070744,0.0629911572472126,0.09356401384083046,-0.07972318339100345,-0.1929104190695886,-0.09842368319876971,-0.019930795847750864,-0.041584006151480196,0.1929104190695886,-0.029773164167627833,0.08421376393694734,-0.14173010380622836,0.041584006151480196,0.09842368319876971,-0.14769703960015382,0.0629911572472126,0.041584006151480196,0.008858131487889272,0.2069357939254133,-0.05173394848135333,-0.017777777777777778,-0.024605920799692427,0.24415224913494812,0.008858131487889272,-0.13016532103037293,0.07535563244905807,0.2679584775086506,-0.03254133025759323,0.04822760476739715,0.12456747404844293,0.10340638216070744,-0.12456747404844293,0.14769703960015382,-0.14769703960015382,0.2761399461745483,-0.21413302575932336,-0.07111111111111111,0.03254133025759323,0.16000000000000003,-0.12456747404844293,-0.05173394848135333,0.12456747404844293,-0.11909265667051133,-0.03844675124951941,0.1085121107266436,0.03844675124951941,-0.04822760476739715,-0.017777777777777778,-0.16633602460592078,0.041584006151480196,0.2679584775086506
IDW_SW_63,Unknown,23.90988543296801,90.27092911766375,,0.0174247321279234,8.95060946043612,0.0117213421262998,3.171237774603783,83.35159405158822,44.564067249431574,84.38705574894442,13.2830596201054,4.165158216063653,129.54773127322406,31.36997350263657,21.983315497052544,47.99872441506872,30.16948039732284,33354.9711918186,155.11056038923977,0.0629911572472126,-0.2069357939254133,0.12456747404844293,0.022206843521722412,-0.007443291041906958,0.09842368319876971,-0.13016532103037293,-0.019930795847750864,-0.11374086889657825,0.22145328719723184,0.19986159169550174,0.010396001537870049,-0.3014225297962323,-0.08421376393694734,-0.002214532871972318,0.07972318339100345,-0.16633602460592078,0.004982698961937716,-0.17937716262975778,-0.03254133025759323,-0.17937716262975778,0.3188927335640138,-0.0629911572472126,-0.05911572472126105,-0.003014225297962322,0.22145328719723184,0.03543252595155709,-0.019930795847750864,0.022206843521722412,0.21413302575932336,0.029773164167627833,0.00024605920799692423,-0.1085121107266436,0.000984236831987697,0.03254133025759323,0.14173010380622836,-0.186082276047674,-0.03254133025759323,0.15378700499807765,0.08421376393694734,0.003936947327950788,0.11374086889657825,-0.09842368319876971,0.24415224913494812,-0.0005536332179930795,0.1085121107266436,0.07111111111111111,0.186082276047674,-0.09356401384083046,0.03844675124951941,0.07111111111111111,0.10340638216070744,-0.05911572472126105,-0.07535563244905807,0.186082276047674,-0.2364628988850442,-0.11909265667051133,-0.00024605920799692423,-0.006151480199923107,-0.019930795847750864,-0.019930795847750864,-0.09842368319876971,0.11909265667051133,0.09842368319876971
IDW_SW_64,Unknown,23.93396438458263,90.08661777510274,,0.0252231830061763,9.212977908726074,0.0189846282514493,3.8771476937508464,77.9260131164714,47.75223321260222,96.57321153242732,16.175103465731585,4.155442013918028,128.99196649829742,31.517643518258833,31.96048474425459,41.711254318219304,28.213450515294323,33849.80261870386,162.9482873957239,0.041584006151480196,-0.16633602460592078,0.044844290657439445,0.019930795847750864,-0.019930795847750864,0.14769703960015382,0.003014225297962322,0.01574778931180315,-0.01384083044982699,0.2364628988850442,0.2519646289888504,-0.03254133025759323,-0.21413302575932336,-0.07972318339100345,0.07535563244905807,0.14173010380622836,-0.12456747404844293,-0.16000000000000003,-0.14173010380622836,-0.10340638216070744,-0.07111111111111111,0.2069357939254133,-0.08421376393694734,0.06698961937716265,-0.12456747404844293,0.04822760476739715,0.08421376393694734,-0.12456747404844293,0.0629911572472126,0.11374086889657825,-0.04822760476739715,0.14173010380622836,-0.10340638216070744,-0.022206843521722412,0.003014225297962322,0.2288965782391388,-0.0271280276816609,-0.09842368319876971,0.08421376393694734,0.2364628988850442,-0.07535563244905807,0.08882737408688965,0.07535563244905807,0.10340638216070744,-0.14769703960015382,0.16633602460592078,-0.12456747404844293,0.24415224913494812,-0.17937716262975778,-0.05173394848135333,0.05173394848135333,0.13016532103037293,-0.1085121107266436,-0.13588619761630144,0.14769703960015382,-0.16633602460592078,-0.10340638216070744,0.029773164167627833,0.06698961937716265,-0.04822760476739715,0.007443291041906958,-0.16633602460592078,0.09842368319876971,0.2288965782391388
IDW_SW_65,Unknown,23.993530570299576,90.21655468570032,,0.0206189539067611,9.32185813703856,0.0151510910536236,3.5631728482245917,79.96854553163342,46.20392094021433,90.45754547053464,14.188247146401867,4.268715501190577,130.90225494923732,31.439047419392253,25.783220654569632,45.04787805514751,29.734954585414407,33623.9252136319,160.80784900584698,0.05536332179930796,-0.08882737408688965,0.09842368319876971,0.01384083044982699,-0.041584006151480196,0.14173010380622836,0.05536332179930796,-0.13588619761630144,-0.05173394848135333,0.31009611687812383,0.17937716262975778,-0.017777777777777778,-0.21413302575932336,-0.13588619761630144,0.024605920799692427,0.14173010380622836,-0.16633602460592078,-0.03844675124951941,-0.1929104190695886,-0.041584006151480196,-0.1929104190695886,0.33685505574778934,-0.07972318339100345,0.07535563244905807,-0.012056901191849288,0.14173010380622836,0.03254133025759323,0.05173394848135333,0.03254133025759323,0.044844290657439445,0.008858131487889272,0.05536332179930796,-0.04822760476739715,-0.06698961937716265,0.05536332179930796,0.2599000384467512,-0.10340638216070744,-0.09356401384083046,0.16000000000000003,0.11374086889657825,-0.01384083044982699,0.16633602460592078,-0.05536332179930796,0.15378700499807765,-0.041584006151480196,0.16000000000000003,-0.012056901191849288,0.2069357939254133,-0.1085121107266436,0.029773164167627833,0.03844675124951941,0.1085121107266436,-0.008858131487889272,-0.13016532103037293,0.2519646289888504,-0.16633602460592078,-0.1085121107266436,0.05911572472126105,-0.06698961937716265,-0.019930795847750864,0.006151480199923107,-0.14769703960015382,0.11909265667051133,0.08421376393694734
IDW_SW_66,Unknown,24.005110884782805,90.27197500950642,,0.0258813506297998,10.880810722924956,0.0167875192343086,4.12634625167942,71.6273322035575,49.85115381897894,94.92286535205298,14.684407387860793,4.313848070869133,141.14935595998475,31.589827612886182,26.137771077890157,44.09415009136232,31.156826708280978,34890.361067641046,170.30808399418885,0.002214532871972318,-0.12456747404844293,0.12456747404844293,-0.0271280276816609,-0.017777777777777778,0.10340638216070744,-0.03254133025759323,-0.029773164167627833,-0.1085121107266436,0.17937716262975778,0.2761399461745483,0.01574778931180315,-0.2069357939254133,-0.003936947327950788,-0.041584006151480196,0.06698961937716265,-0.09842368319876971,-0.21413302575932336,-0.17279507881584008,-0.17279507881584008,-0.13588619761630144,0.2288965782391388,-0.08421376393694734,-0.0271280276816609,-0.13016532103037293,0.07535563244905807,0.010396001537870049,0.03844675124951941,0.0015378700499807767,0.10340638216070744,0.11909265667051133,0.08882737408688965,-0.11374086889657825,-0.029773164167627833,0.044844290657439445,0.2364628988850442,-0.17279507881584008,0.000984236831987697,0.06698961937716265,0.2519646289888504,-0.008858131487889272,0.08421376393694734,0.05911572472126105,0.1929104190695886,-0.04822760476739715,0.17279507881584008,-0.006151480199923107,0.24415224913494812,-0.1929104190695886,-0.09842368319876971,-0.029773164167627833,0.13588619761630144,-0.0629911572472126,-0.08421376393694734,0.14173010380622836,-0.21413302575932336,-0.12456747404844293,0.03254133025759323,-0.019930795847750864,-0.05536332179930796,-0.019930795847750864,-0.16000000000000003,0.06698961937716265,0.186082276047674
IDW_SW_67,Unknown,23.79363015666628,90.40608054398363,,0.0330380793343811,12.257477052120942,0.0263461746752875,3.96641679383696,45.32663276210867,56.17180960419006,111.56185501001708,15.091931047437438,4.5371275819946195,165.23165171179602,32.35376085944998,31.21309273716072,38.5314619398426,33.11846527366014,38215.68611013476,203.9494679534514,0.2364628988850442,-0.24415224913494812,0.08882737408688965,-0.11374086889657825,0.017777777777777778,-0.14769703960015382,0.13588619761630144,-0.07111111111111111,-0.17937716262975778,0.09356401384083046,0.06698961937716265,0.07972318339100345,-0.17937716262975778,-0.11909265667051133,-0.10340638216070744,-0.10340638216070744,0.1085121107266436,-0.05536332179930796,-0.03844675124951941,0.0271280276816609,0.03844675124951941,0.1085121107266436,-0.1085121107266436,-0.03254133025759323,0.14769703960015382,0.11909265667051133,0.09356401384083046,-0.019930795847750864,0.13016532103037293,0.0629911572472126,0.12456747404844293,0.008858131487889272,-0.21413302575932336,-0.024605920799692427,0.11909265667051133,-0.019930795847750864,-0.36472126105344094,-0.10340638216070744,0.17937716262975778,-0.14173010380622836,-0.041584006151480196,0.003936947327950788,-0.0629911572472126,0.07535563244905807,0.022206843521722412,0.07535563244905807,-0.13016532103037293,0.16000000000000003,-0.13016532103037293,0.10340638216070744,-0.003014225297962322,0.029773164167627833,-0.19986159169550174,-0.003014225297962322,0.2069357939254133,-0.1929104190695886,0.05173394848135333,-0.041584006151480196,0.08421376393694734,0.010396001537870049,0.11909265667051133,-0.03844675124951941,-0.15378700499807765,0.2288965782391388
IDW_SW_68,Unknown,23.86603323328004,90.55377421978324,,0.0066026481930949,3.711518385469022,0.0070993690832688,1.3800477130961275,68.06477603925745,34.55535522956195,105.3761350272046,18.26613416356743,7.637944704815188,107.11263936348608,34.73088620353802,18.42669795711699,55.12308980825376,29.436206818031653,33868.844108547004,179.3194363926089,0.019930795847750864,-0.19986159169550174,0.03543252595155709,0.05536332179930796,-0.010396001537870049,0.14173010380622836,0.004982698961937716,0.07535563244905807,-0.022206843521722412,0.1929104190695886,0.2679584775086506,-0.08882737408688965,-0.17279507881584008,-0.11909265667051133,0.06698961937716265,0.05911572472126105,-0.09356401384083046,-0.17937716262975778,-0.0629911572472126,-0.022206843521722412,-0.0271280276816609,0.16633602460592078,-0.019930795847750864,0.07972318339100345,-0.09356401384083046,0.041584006151480196,0.10340638216070744,-0.16000000000000003,0.044844290657439445,0.05173394848135333,-0.022206843521722412,0.21413302575932336,-0.07111111111111111,-0.01574778931180315,-0.03543252595155709,0.24415224913494812,0.01384083044982699,-0.13016532103037293,0.09842368319876971,0.2679584775086506,-0.0271280276816609,0.024605920799692427,0.09842368319876971,0.12456747404844293,-0.09842368319876971,0.13588619761630144,-0.15378700499807765,0.28444444444444444,-0.19986159169550174,-0.03254133025759323,0.022206843521722412,0.17279507881584008,-0.13588619761630144,-0.0271280276816609,0.15378700499807765,-0.13016532103037293,-0.08421376393694734,0.1085121107266436,0.029773164167627833,-0.0629911572472126,-0.002214532871972318,-0.12456747404844293,0.05536332179930796,0.2761399461745483
IDW_SW_69,Unknown,23.82170515305303,90.27637626676118,,0.0245043952778248,9.179729589023236,0.0153267680963315,3.671922490888957,72.2096850730359,54.30740174772561,89.37597477980883,19.690468183552156,3.6051172150822697,128.36914377367174,31.294288938427336,37.661505781732885,38.59677005412365,26.832591152782328,33834.34394763125,160.0821397393402,0.05173394848135333,-0.012056901191849288,0.2519646289888504,0.06698961937716265,-0.004982698961937716,0.09842368319876971,0.05173394848135333,0.07111111111111111,-0.024605920799692427,0.2364628988850442,0.2519646289888504,-0.019930795847750864,-0.186082276047674,-0.11909265667051133,0.004982698961937716,0.07972318339100345,-0.05536332179930796,-0.2519646289888504,-0.08421376393694734,-0.05911572472126105,0.007443291041906958,0.14173010380622836,-0.002214532871972318,0.11374086889657825,0.05911572472126105,0.12456747404844293,0.186082276047674,-0.019930795847750864,0.041584006151480196,0.06698961937716265,-0.07111111111111111,0.2288965782391388,-0.044844290657439445,0.17279507881584008,-0.017777777777777778,0.28444444444444444,0.08882737408688965,-0.05173394848135333,0.10340638216070744,0.13588619761630144,-0.041584006151480196,-0.004982698961937716,0.019930795847750864,0.186082276047674,-0.05911572472126105,0.09842368319876971,-0.10340638216070744,0.2679584775086506,-0.07972318339100345,0.012056901191849288,-0.041584006151480196,0.09842368319876971,-0.04822760476739715,-0.04822760476739715,0.186082276047674,-0.17937716262975778,-0.2069357939254133,0.0629911572472126,0.024605920799692427,-0.10340638216070744,-0.08421376393694734,-0.0271280276816609,0.08882737408688965,0.2519646289888504
IDW_SW_70,Unknown,24.10241173384922,90.34038862601972,,0.0297051635196716,11.568562046543745,0.0200346914214855,4.611798007288857,63.834706724399936,52.14745049515996,103.71267490830178,15.616010497253782,4.600907286055069,146.49055284984155,31.914550117853057,28.83141872372943,41.7238307534893,31.90204471238799,35793.41494443033,180.35919133475988,0.019930795847750864,-0.1085121107266436,0.05911572472126105,0.07535563244905807,-0.01574778931180315,0.1085121107266436,0.07111111111111111,-0.11374086889657825,-0.01574778931180315,0.24415224913494812,0.2364628988850442,0.03254133025759323,-0.2364628988850442,-0.11909265667051133,0.0629911572472126,0.1085121107266436,-0.12456747404844293,-0.10340638216070744,-0.1929104190695886,-0.10340638216070744,-0.12456747404844293,0.3014225297962323,-0.08421376393694734,0.05173394848135333,-0.05911572472126105,0.07535563244905807,0.07111111111111111,0.0629911572472126,0.08421376393694734,0.04822760476739715,0.003014225297962322,0.09842368319876971,-0.08882737408688965,-0.08882737408688965,0.044844290657439445,0.2761399461745483,-0.14173010380622836,-0.08421376393694734,0.11909265667051133,0.2069357939254133,0.006151480199923107,0.12456747404844293,0.0015378700499807767,0.11374086889657825,-0.0629911572472126,0.16000000000000003,0.0015378700499807767,0.2519646289888504,-0.14173010380622836,-0.03844675124951941,-0.019930795847750864,0.12456747404844293,-0.03844675124951941,-0.11909265667051133,0.22145328719723184,-0.14769703960015382,-0.14173010380622836,0.07972318339100345,-0.07535563244905807,-0.04822760476739715,0.03254133025759323,-0.16000000000000003,0.13016532103037293,0.11909265667051133
IDW_SW_71,Unknown,23.713810671952675,90.2139067053542,,0.0521471800372083,8.871417675166345,0.0430106206878433,5.155858777951084,78.61747320414365,50.34687391325894,105.060018117276,22.309085467122888,3.095905123211685,109.0870428299174,31.30728168204166,57.11385855322126,27.19046123085613,18.789125576615916,32547.30784279497,154.40029989075353,0.012056901191849288,-0.13588619761630144,0.07535563244905807,0.05911572472126105,0.01384083044982699,0.14173010380622836,-0.03844675124951941,0.05911572472126105,-0.022206843521722412,0.19986159169550174,0.28444444444444444,-0.03254133025759323,-0.17279507881584008,-0.05173394848135333,0.044844290657439445,0.07972318339100345,-0.14769703960015382,-0.19986159169550174,-0.14173010380622836,-0.09842368319876971,-0.1085121107266436,0.186082276047674,-0.07111111111111111,0.08421376393694734,-0.14173010380622836,0.05173394848135333,0.05536332179930796,-0.07972318339100345,0.041584006151480196,0.03844675124951941,0.03254133025759323,0.14769703960015382,-0.11909265667051133,0.029773164167627833,-0.017777777777777778,0.2679584775086506,-0.01574778931180315,-0.05536332179930796,0.08421376393694734,0.2599000384467512,-0.03254133025759323,0.07535563244905807,0.13016532103037293,0.11909265667051133,-0.1085121107266436,0.17279507881584008,-0.11909265667051133,0.2519646289888504,-0.21413302575932336,-0.08882737408688965,-0.03543252595155709,0.13588619761630144,-0.07535563244905807,-0.07111111111111111,0.12456747404844293,-0.17279507881584008,-0.11909265667051133,0.06698961937716265,0.01384083044982699,-0.05173394848135333,-0.03254133025759323,-0.16000000000000003,0.09842368319876971,0.2519646289888504
IDW_SW_72,Unknown,23.80802214558737,90.1049132039216,,0.0302794851379203,8.94617412461617,0.0227204983813218,4.174362385733316,77.59917259799997,49.15991360014202,99.13386720219792,18.223275175088055,3.867591636892135,123.76955801183472,31.42565538795804,38.96359465989863,37.95270027275008,25.77786939082266,33529.72370112279,160.3863659915788,0.05911572472126105,-0.186082276047674,0.04822760476739715,0.03844675124951941,-0.022206843521722412,0.11374086889657825,-0.003936947327950788,-0.044844290657439445,-0.0271280276816609,0.186082276047674,0.28444444444444444,-0.07535563244905807,-0.2364628988850442,-0.09842368319876971,-0.002214532871972318,0.06698961937716265,-0.12456747404844293,-0.1929104190695886,-0.186082276047674,-0.019930795847750864,-0.09842368319876971,0.2069357939254133,-0.08421376393694734,0.0271280276816609,-0.10340638216070744,0.13016532103037293,0.029773164167627833,-0.04822760476739715,0.03844675124951941,0.07111111111111111,0.07972318339100345,0.08882737408688965,-0.11374086889657825,-0.0271280276816609,-0.004982698961937716,0.2761399461745483,-0.08421376393694734,-0.0271280276816609,0.11374086889657825,0.2599000384467512,-0.06698961937716265,0.07111111111111111,0.08882737408688965,0.16633602460592078,-0.09356401384083046,0.12456747404844293,-0.12456747404844293,0.2288965782391388,-0.21413302575932336,-0.01574778931180315,-0.019930795847750864,0.16633602460592078,-0.044844290657439445,-0.01384083044982699,0.14769703960015382,-0.1085121107266436,-0.12456747404844293,0.09842368319876971,-0.019930795847750864,0.0005536332179930795,0.008858131487889272,-0.14173010380622836,-0.012056901191849288,0.2599000384467512
IDW_SW_73,Unknown,23.615986731662097,90.43842857628816,,0.0357806394062941,14.072264264119168,0.0261851729754762,8.69923782383709,90.40231556636856,53.65136547227277,165.25854331178698,16.383197759001977,6.297461126223913,167.193163316019,31.37938365124851,24.877568040177515,38.66646722478405,40.54829039300365,38025.427997194,232.27729290308815,0.024605920799692427,-0.22145328719723184,0.012056901191849288,0.0629911572472126,-0.029773164167627833,0.13588619761630144,-0.003936947327950788,0.041584006151480196,-0.05911572472126105,0.2069357939254133,0.2599000384467512,-0.0629911572472126,-0.16633602460592078,-0.11374086889657825,0.06698961937716265,0.08882737408688965,-0.08882737408688965,-0.16633602460592078,-0.08421376393694734,-0.024605920799692427,-0.05173394848135333,0.17279507881584008,-0.05536332179930796,0.06698961937716265,-0.11909265667051133,0.05173394848135333,0.11374086889657825,-0.15378700499807765,0.05173394848135333,0.06698961937716265,-0.024605920799692427,0.2069357939254133,-0.06698961937716265,-0.022206843521722412,-0.01574778931180315,0.2364628988850442,-0.019930795847750864,-0.14173010380622836,0.07972318339100345,0.28444444444444444,-0.019930795847750864,0.05536332179930796,0.10340638216070744,0.0629911572472126,-0.13016532103037293,0.13588619761630144,-0.16000000000000003,0.2761399461745483,-0.2069357939254133,-0.07972318339100345,0.05173394848135333,0.16633602460592078,-0.14173010380622836,-0.07111111111111111,0.13016532103037293,-0.12456747404844293,-0.022206843521722412,0.10340638216070744,0.0271280276816609,-0.044844290657439445,-0.0015378700499807767,-0.15378700499807765,0.0629911572472126,0.2599000384467512
IDW_SW_74,Unknown,23.94678479797905,90.24905351409082,,0.0135139888197297,8.204022736664916,0.0114075475547393,2.958031684481054,88.91587862749174,42.16324469915899,82.17380838739575,12.41130933762324,4.268030781470042,123.05965836227548,31.196813653483677,21.581712071780164,47.8887694406388,29.355375707919592,32299.505043644163,150.51669955617606,0.08421376393694734,-0.07972318339100345,0.16633602460592078,0.07972318339100345,-0.0271280276816609,0.1085121107266436,0.10340638216070744,-0.06698961937716265,0.03254133025759323,0.2599000384467512,0.2069357939254133,-0.03254133025759323,-0.15378700499807765,-0.19986159169550174,0.08421376393694734,0.14173010380622836,-0.09356401384083046,-0.14769703960015382,-0.16633602460592078,-0.0271280276816609,-0.08421376393694734,0.2288965782391388,-0.024605920799692427,0.1085121107266436,0.03844675124951941,0.13588619761630144,0.19986159169550174,0.041584006151480196,0.05536332179930796,0.010396001537870049,-0.08421376393694734,0.1929104190695886,-0.05173394848135333,0.029773164167627833,-0.0629911572472126,0.3014225297962323,0.01384083044982699,-0.08882737408688965,0.13588619761630144,0.15378700499807765,-0.0271280276816609,0.07111111111111111,0.007443291041906958,0.13016532103037293,-0.03543252595155709,0.14769703960015382,-0.14173010380622836,0.2761399461745483,-0.09356401384083046,-0.03844675124951941,0.004982698961937716,0.10340638216070744,-0.017777777777777778,-0.06698961937716265,0.19986159169550174,-0.14173010380622836,-0.186082276047674,0.1085121107266436,-0.01574778931180315,-0.03543252595155709,-0.03254133025759323,-0.05911572472126105,0.12456747404844293,0.1929104190695886
IDW_SW_75,Unknown,23.61226182365539,90.42733864705114,,0.0294473788848503,16.186431382216632,0.032420481340134,8.456332510991926,91.9916430381313,47.02762257398992,152.28917607540197,17.378857835993983,5.163990963497005,139.71894106756417,31.334167255824948,24.837914716447163,42.89936164411696,36.78836199639501,38071.835831240845,206.83125794623,0.07535563244905807,-0.2288965782391388,0.01384083044982699,0.003014225297962322,-0.04822760476739715,0.07972318339100345,0.029773164167627833,-0.04822760476739715,-0.0629911572472126,0.13588619761630144,0.2761399461745483,-0.041584006151480196,-0.19986159169550174,-0.10340638216070744,0.041584006151480196,0.07111111111111111,-0.05173394848135333,-0.19986159169550174,-0.16000000000000003,-0.044844290657439445,-0.07111111111111111,0.1929104190695886,-0.10340638216070744,0.006151480199923107,-0.11374086889657825,0.08421376393694734,0.09356401384083046,-0.06698961937716265,0.07535563244905807,0.09842368319876971,0.07111111111111111,0.11909265667051133,-0.11909265667051133,-0.044844290657439445,-0.004982698961937716,0.24415224913494812,-0.13016532103037293,-0.08882737408688965,0.1085121107266436,0.2599000384467512,-0.0271280276816609,0.08882737408688965,0.08421376393694734,0.11909265667051133,-0.11909265667051133,0.11909265667051133,-0.13016532103037293,0.2599000384467512,-0.24415224913494812,-0.05911572472126105,-0.012056901191849288,0.13588619761630144,-0.13588619761630144,-0.029773164167627833,0.14173010380622836,-0.11909265667051133,-0.022206843521722412,0.06698961937716265,0.024605920799692427,-0.010396001537870049,0.01574778931180315,-0.15378700499807765,0.003014225297962322,0.3014225297962323
IDW_SW_76,Unknown,23.90920275630804,90.3355122858152,,0.0515209142641651,21.678861538217735,0.0159949400931922,7.981480361298311,38.014340004511325,68.62795244514503,99.93125834725603,14.04762656812051,4.012104653185439,197.0786556197029,31.372086946228187,17.603089362366116,46.55749344557381,39.01699897096575,40655.5731117824,198.79642877160111,0.017777777777777778,-0.17279507881584008,0.010396001537870049,0.08421376393694734,-0.029773164167627833,0.16000000000000003,0.012056901191849288,0.03543252595155709,-0.03844675124951941,0.2761399461745483,0.21413302575932336,-0.07535563244905807,-0.2069357939254133,-0.09356401384083046,0.0629911572472126,0.07535563244905807,-0.11374086889657825,-0.13016532103037293,-0.09842368319876971,-0.029773164167627833,-0.05173394848135333,0.2069357939254133,-0.01574778931180315,0.1085121107266436,-0.07972318339100345,0.05911572472126105,0.08882737408688965,-0.13016532103037293,0.05911572472126105,0.04822760476739715,-0.04822760476739715,0.2288965782391388,0.01384083044982699,-0.05536332179930796,-0.041584006151480196,0.2364628988850442,0.029773164167627833,-0.09356401384083046,0.14173010380622836,0.2599000384467512,-0.03254133025759323,0.029773164167627833,0.11374086889657825,0.07111111111111111,-0.10340638216070744,0.12456747404844293,-0.12456747404844293,0.31009611687812383,-0.186082276047674,-0.041584006151480196,0.0629911572472126,0.14769703960015382,-0.1085121107266436,-0.11374086889657825,0.17279507881584008,-0.09842368319876971,-0.06698961937716265,0.12456747404844293,-0.0271280276816609,-0.05173394848135333,0.007443291041906958,-0.16633602460592078,0.09356401384083046,0.2288965782391388
IDW_SW_77,Unknown,23.64295020765157,90.56442380028732,,0.0166045303964896,16.500414042989828,0.0131254727505647,12.056464438287144,64.65035250328174,62.0942328810774,150.4980847145579,18.323003876885977,9.815910725715757,184.25500359637377,31.389652058641403,24.279133861684855,31.313228516797473,48.14186915127439,32118.767262112116,222.87481948431545,0.03844675124951941,-0.16633602460592078,0.07111111111111111,0.05911572472126105,-0.03543252595155709,0.15378700499807765,0.019930795847750864,0.022206843521722412,-0.017777777777777778,0.2288965782391388,0.22145328719723184,-0.044844290657439445,-0.186082276047674,-0.13016532103037293,0.05911572472126105,0.12456747404844293,-0.16000000000000003,-0.14769703960015382,-0.11909265667051133,-0.044844290657439445,-0.09842368319876971,0.1929104190695886,-0.07972318339100345,0.11374086889657825,-0.05173394848135333,0.11374086889657825,0.15378700499807765,-0.13588619761630144,0.0629911572472126,0.044844290657439445,-0.01574778931180315,0.1929104190695886,-0.11374086889657825,0.03254133025759323,0.019930795847750864,0.24415224913494812,0.0271280276816609,-0.12456747404844293,0.13588619761630144,0.21413302575932336,-0.04822760476739715,0.07535563244905807,0.07111111111111111,0.10340638216070744,-0.08882737408688965,0.16633602460592078,-0.14769703960015382,0.2679584775086506,-0.1929104190695886,-0.01384083044982699,0.007443291041906958,0.12456747404844293,-0.08421376393694734,-0.05911572472126105,0.16000000000000003,-0.17279507881584008,-0.07972318339100345,0.03844675124951941,0.012056901191849288,-0.04822760476739715,-0.002214532871972318,-0.14769703960015382,0.11374086889657825,0.24415224913494812
IDW_SW_78,Unknown,23.977376760709003,90.21541490745729,,0.0180161350009528,8.798245460460638,0.0139036972343482,3.3208281744031303,83.47379182390843,44.633020262970525,87.59236707402954,13.670484325569136,4.25667311332749,127.34001482598754,31.35537090593215,24.652246985329764,45.94377978744851,29.416750956402534,33097.88583809501,156.64464517892185,0.04822760476739715,-0.13016532103037293,0.08421376393694734,0.05173394848135333,-0.017777777777777778,0.09842368319876971,0.044844290657439445,0.010396001537870049,-0.008858131487889272,0.22145328719723184,0.2679584775086506,-0.041584006151480196,-0.17279507881584008,-0.10340638216070744,0.022206843521722412,0.08421376393694734,-0.08882737408688965,-0.22145328719723184,-0.11374086889657825,-0.08882737408688965,-0.03543252595155709,0.186082276047674,-0.07535563244905807,0.12456747404844293,-0.09356401384083046,0.07111111111111111,0.09356401384083046,-0.041584006151480196,0.07111111111111111,0.05173394848135333,-0.03254133025759323,0.17279507881584008,-0.0629911572472126,0.003014225297962322,-0.003936947327950788,0.2599000384467512,-0.044844290657439445,-0.13016532103037293,0.10340638216070744,0.2364628988850442,-0.044844290657439445,0.07535563244905807,0.11909265667051133,0.09356401384083046,-0.12456747404844293,0.14173010380622836,-0.11909265667051133,0.2679584775086506,-0.22145328719723184,-0.08882737408688965,0.0015378700499807767,0.13016532103037293,-0.11909265667051133,-0.11909265667051133,0.1929104190695886,-0.16000000000000003,-0.13588619761630144,0.10340638216070744,0.010396001537870049,-0.03254133025759323,0.004982698961937716,-0.13016532103037293,0.10340638216070744,0.2364628988850442
IDW_SW_79,Unknown,23.61128301976687,90.45861865174348,,0.034687522216138,13.94581163752672,0.0195004170092076,10.0051274319476,83.87564532627734,59.46578359769613,170.46568755701873,16.455936842034518,7.781870272162196,187.28176005967208,31.331443814439993,24.585732464668688,34.50197782016119,44.70796521186877,36454.6050841782,244.6072572743696,0.01384083044982699,-0.19986159169550174,0.0015378700499807767,0.05536332179930796,-0.0271280276816609,0.14173010380622836,-0.003936947327950788,0.07111111111111111,-0.05911572472126105,0.2069357939254133,0.2364628988850442,-0.07972318339100345,-0.17937716262975778,-0.11374086889657825,0.07111111111111111,0.06698961937716265,-0.07972318339100345,-0.14173010380622836,-0.0629911572472126,-0.006151480199923107,-0.03844675124951941,0.19986159169550174,-0.0271280276816609,0.07972318339100345,-0.12456747404844293,0.0271280276816609,0.08882737408688965,-0.17279507881584008,0.04822760476739715,0.04822760476739715,-0.01384083044982699,0.24415224913494812,-0.041584006151480196,-0.03844675124951941,-0.024605920799692427,0.21413302575932336,0.006151480199923107,-0.12456747404844293,0.09356401384083046,0.2599000384467512,-0.029773164167627833,0.01384083044982699,0.11374086889657825,0.07972318339100345,-0.12456747404844293,0.14173010380622836,-0.16000000000000003,0.2761399461745483,-0.21413302575932336,-0.05911572472126105,0.041584006151480196,0.186082276047674,-0.14769703960015382,-0.05911572472126105,0.13016532103037293,-0.11374086889657825,-0.03254133025759323,0.11909265667051133,0.03254133025759323,-0.044844290657439445,-0.01384083044982699,-0.17279507881584008,0.04822760476739715,0.28444444444444444
IDW_SW_80,Unknown,23.70211423774056,90.1393116049885,,0.0406157723172001,9.841288349134736,0.032967202795575,4.912694727661039,76.71931265775724,50.21006660695625,108.3746701081947,19.81143588706319,3.65967301037268,121.41777342047868,31.461507054771182,47.03022846182344,32.75593511678023,23.44833102676621,33881.4040480763,164.55174675786014,0.07972318339100345,-0.13588619761630144,0.08882737408688965,0.004982698961937716,-0.0271280276816609,0.08421376393694734,-0.007443291041906958,0.002214532871972318,-0.03254133025759323,0.14769703960015382,0.3014225297962323,-0.05911572472126105,-0.2288965782391388,-0.10340638216070744,0.01574778931180315,0.05536332179930796,-0.09356401384083046,-0.22145328719723184,-0.16000000000000003,-0.0629911572472126,-0.08421376393694734,0.16633602460592078,-0.08882737408688965,0.008858131487889272,-0.1085121107266436,0.13588619761630144,0.07972318339100345,-0.04822760476739715,0.04822760476739715,0.08882737408688965,0.12456747404844293,0.08882737408688965,-0.17279507881584008,0.024605920799692427,0.024605920799692427,0.2761399461745483,-0.05536332179930796,-0.05911572472126105,0.07535563244905807,0.24415224913494812,-0.07111111111111111,0.08421376393694734,0.09356401384083046,0.17937716262975778,-0.09842368319876971,0.13016532103037293,-0.16000000000000003,0.21413302575932336,-0.2069357939254133,-0.03254133025759323,-0.07111111111111111,0.12456747404844293,-0.0629911572472126,0.010396001537870049,0.14173010380622836,-0.16633602460592078,-0.07972318339100345,0.05173394848135333,0.03844675124951941,-0.041584006151480196,0.01384083044982699,-0.14173010380622836,-0.03543252595155709,0.3014225297962323
IDW_SW_81,Unknown,23.7845383939224,90.5187606970789,,0.0081788220144437,6.721606005536122,0.0240804781535156,2.589641257106277,39.28452405422932,40.53088249170978,96.74432448746506,12.594231165803118,4.9869176250869,101.38734110033243,33.76849849686803,35.24416939109981,39.63875087796333,28.01854816363474,32951.52452232963,142.062825575385,0.03543252595155709,-0.24415224913494812,0.04822760476739715,0.04822760476739715,-0.044844290657439445,0.09842368319876971,0.022206843521722412,0.017777777777777778,-0.05173394848135333,0.17279507881584008,0.2679584775086506,-0.05911572472126105,-0.17937716262975778,-0.14173010380622836,0.05911572472126105,0.06698961937716265,-0.06698961937716265,-0.14769703960015382,-0.11374086889657825,-0.012056901191849288,-0.03254133025759323,0.19986159169550174,-0.0629911572472126,0.05911572472126105,-0.11909265667051133,0.06698961937716265,0.10340638216070744,-0.12456747404844293,0.08421376393694734,0.09842368319876971,-0.007443291041906958,0.186082276047674,-0.10340638216070744,-0.029773164167627833,0.01384083044982699,0.2519646289888504,-0.029773164167627833,-0.15378700499807765,0.09356401384083046,0.2599000384467512,-0.04822760476739715,0.03254133025759323,0.09356401384083046,0.11909265667051133,-0.1085121107266436,0.14173010380622836,-0.16000000000000003,0.2679584775086506,-0.21413302575932336,-0.041584006151480196,0.024605920799692427,0.17279507881584008,-0.15378700499807765,-0.04822760476739715,0.14173010380622836,-0.11374086889657825,-0.04822760476739715,0.09842368319876971,0.007443291041906958,-0.024605920799692427,0.0015378700499807767,-0.13588619761630144,0.05911572472126105,0.2679584775086506
IDW_SW_82,Unknown,23.89467994471892,90.23190783087136,,0.0037300091329533,5.976693365666969,0.0073658177828924,2.0357446203430984,101.78197141204744,35.79612127086963,73.64175458448494,10.686151995454322,4.297331284490969,108.71982350210908,30.99070736079438,18.065651156644908,51.02443906000137,28.032302019149075,30385.05358999331,135.47448514387682,0.029773164167627833,-0.16633602460592078,0.07111111111111111,0.029773164167627833,-0.022206843521722412,0.13016532103037293,0.003014225297962322,0.03254133025759323,-0.022206843521722412,0.17937716262975778,0.2599000384467512,-0.03844675124951941,-0.15378700499807765,-0.11374086889657825,0.05173394848135333,0.10340638216070744,-0.11909265667051133,-0.1929104190695886,-0.11374086889657825,-0.07972318339100345,-0.06698961937716265,0.186082276047674,-0.08421376393694734,0.09842368319876971,-0.12456747404844293,0.05536332179930796,0.0629911572472126,-0.09356401384083046,0.07972318339100345,0.07535563244905807,-0.010396001537870049,0.15378700499807765,-0.13016532103037293,0.01384083044982699,0.0015378700499807767,0.2761399461745483,-0.003936947327950788,-0.13016532103037293,0.07535563244905807,0.24415224913494812,-0.04822760476739715,0.07535563244905807,0.11374086889657825,0.09842368319876971,-0.1085121107266436,0.16633602460592078,-0.13588619761630144,0.2761399461745483,-0.2069357939254133,-0.09356401384083046,-0.01574778931180315,0.12456747404844293,-0.14173010380622836,-0.07535563244905807,0.15378700499807765,-0.1929104190695886,-0.08882737408688965,0.07972318339100345,0.044844290657439445,-0.019930795847750864,-0.01384083044982699,-0.14769703960015382,0.10340638216070744,0.24415224913494812
IDW_SW_83,Unknown,23.867227559297213,90.55587287172618,,0.0069537322264635,3.8521355257793193,0.0074259088504583,1.4510793131956854,67.70989567805019,34.894200699968415,105.49861005132894,18.18816336538926,7.588328940535367,107.78980592563818,34.68567872061302,18.70453100220822,54.76638051975843,29.5175192828997,33896.56764967839,179.28033115283262,0.024605920799692427,-0.22145328719723184,0.017777777777777778,0.05536332179930796,-0.019930795847750864,0.15378700499807765,-0.006151480199923107,0.0629911572472126,-0.01574778931180315,0.2069357939254133,0.2599000384467512,-0.08421376393694734,-0.17279507881584008,-0.11374086889657825,0.07535563244905807,0.07535563244905807,-0.09356401384083046,-0.17279507881584008,-0.07535563244905807,-0.022206843521722412,-0.03844675124951941,0.16633602460592078,-0.019930795847750864,0.08421376393694734,-0.10340638216070744,0.041584006151480196,0.08882737408688965,-0.16000000000000003,0.05173394848135333,0.04822760476739715,-0.024605920799692427,0.21413302575932336,-0.05911572472126105,-0.041584006151480196,-0.041584006151480196,0.2364628988850442,0.000984236831987697,-0.12456747404844293,0.09842368319876971,0.28444444444444444,-0.029773164167627833,0.0271280276816609,0.09842368319876971,0.10340638216070744,-0.1085121107266436,0.13016532103037293,-0.16000000000000003,0.29287197231833906,-0.19986159169550174,-0.041584006151480196,0.03254133025759323,0.17279507881584008,-0.13588619761630144,-0.044844290657439445,0.14769703960015382,-0.11909265667051133,-0.07972318339100345,0.1085121107266436,0.0271280276816609,-0.05536332179930796,-0.0015378700499807767,-0.13588619761630144,0.07111111111111111,0.2599000384467512
IDW_SW_84,Unknown,23.643837063103543,90.56437465396174,,0.0166411319703518,16.438016219325775,0.0131812507916929,12.000732405629968,64.63974064914993,62.05735978597005,150.29777202323447,18.300948810064337,9.806691363742354,184.07563958094408,31.399143280112025,24.308621839893696,31.332229762322783,48.09106828709858,32148.784802699207,222.7880424773004,0.03254133025759323,-0.16633602460592078,0.05173394848135333,0.06698961937716265,-0.03254133025759323,0.15378700499807765,0.029773164167627833,0.012056901191849288,-0.041584006151480196,0.2364628988850442,0.2069357939254133,-0.05536332179930796,-0.1929104190695886,-0.12456747404844293,0.044844290657439445,0.11909265667051133,-0.14769703960015382,-0.13588619761630144,-0.11909265667051133,-0.0271280276816609,-0.10340638216070744,0.2069357939254133,-0.07535563244905807,0.13016532103037293,-0.05173394848135333,0.1085121107266436,0.13588619761630144,-0.13588619761630144,0.06698961937716265,0.010396001537870049,-0.017777777777777778,0.19986159169550174,-0.09356401384083046,0.0271280276816609,0.04822760476739715,0.24415224913494812,0.03254133025759323,-0.13016532103037293,0.12456747404844293,0.2069357939254133,-0.05536332179930796,0.06698961937716265,0.07535563244905807,0.10340638216070744,-0.08882737408688965,0.17279507881584008,-0.14769703960015382,0.2761399461745483,-0.19986159169550174,0.010396001537870049,0.006151480199923107,0.12456747404844293,-0.08882737408688965,-0.044844290657439445,0.17279507881584008,-0.14769703960015382,-0.06698961937716265,0.05536332179930796,-0.003936947327950788,-0.05173394848135333,-0.017777777777777778,-0.16000000000000003,0.11374086889657825,0.2599000384467512
IDW_SW_85,Unknown,23.75555715771286,90.24488051335145,,0.0727733921518944,2.049742492940613,0.0272714161247414,5.989664899575392,71.59866242668713,49.19770193133687,92.37864235296335,25.326880559973286,2.366417471683638,90.63734881589424,29.59185649632306,70.86375838513936,18.090527709522824,13.054424748114078,25830.113928700262,126.70162293850429,0.044844290657439445,-0.13588619761630144,0.09842368319876971,0.05911572472126105,-0.017777777777777778,0.12456747404844293,0.05536332179930796,-0.0015378700499807767,-0.0015378700499807767,0.19986159169550174,0.2599000384467512,-0.022206843521722412,-0.16633602460592078,-0.12456747404844293,0.07111111111111111,0.11374086889657825,-0.12456747404844293,-0.2069357939254133,-0.14173010380622836,-0.08421376393694734,-0.07111111111111111,0.186082276047674,-0.07111111111111111,0.07972318339100345,-0.10340638216070744,0.0629911572472126,0.10340638216070744,-0.05911572472126105,0.044844290657439445,0.04822760476739715,-0.007443291041906958,0.16000000000000003,-0.09842368319876971,0.006151480199923107,-0.022206843521722412,0.2519646289888504,-0.007443291041906958,-0.13016532103037293,0.07972318339100345,0.24415224913494812,-0.03254133025759323,0.08882737408688965,0.08882737408688965,0.11374086889657825,-0.09842368319876971,0.186082276047674,-0.14173010380622836,0.2599000384467512,-0.19986159169550174,-0.10340638216070744,-0.022206843521722412,0.12456747404844293,-0.09356401384083046,-0.09842368319876971,0.16000000000000003,-0.186082276047674,-0.10340638216070744,0.07972318339100345,0.022206843521722412,-0.04822760476739715,-0.008858131487889272,-0.15378700499807765,0.1085121107266436,0.2519646289888504
IDW_SW_86,Unknown,23.807097502909677,90.36549795696364,,0.0449838236332108,16.914907385039232,0.0255544078922641,3.429835218037282,29.64973383455721,66.33778953615081,105.71026758497068,16.697728520798464,4.141254401960623,209.04094447664735,32.267900427749204,19.324822130913702,41.41874770672999,40.75744240412288,42856.23139941372,245.41531100298295,0.07535563244905807,-0.186082276047674,0.24415224913494812,-0.06698961937716265,-0.03254133025759323,0.06698961937716265,-0.03543252595155709,0.024605920799692427,-0.17937716262975778,0.16000000000000003,0.28444444444444444,0.019930795847750864,-0.2069357939254133,-0.006151480199923107,-0.05911572472126105,0.04822760476739715,0.0271280276816609,-0.10340638216070744,-0.07972318339100345,-0.09356401384083046,-0.07535563244905807,0.19986159169550174,-0.03844675124951941,-0.16633602460592078,-0.03254133025759323,0.08421376393694734,0.10340638216070744,0.11374086889657825,-0.07535563244905807,0.12456747404844293,0.09356401384083046,0.10340638216070744,-0.16000000000000003,-0.05536332179930796,-0.019930795847750864,0.11909265667051133,-0.39369473279507883,-0.017777777777777778,0.010396001537870049,0.2364628988850442,0.09842368319876971,0.16633602460592078,-0.07535563244905807,0.08882737408688965,0.01384083044982699,0.12456747404844293,0.01574778931180315,0.14173010380622836,-0.024605920799692427,-0.12456747404844293,0.07111111111111111,0.21413302575932336,-0.15378700499807765,-0.11374086889657825,0.16000000000000003,-0.21413302575932336,0.05536332179930796,-0.012056901191849288,0.05911572472126105,-0.05173394848135333,0.03254133025759323,-0.024605920799692427,0.03543252595155709,0.017777777777777778
IDW_SW_87,Unknown,23.935021644886657,90.08595458770736,,0.0252605651003906,9.225975124784153,0.0190105492547609,3.882462115779489,77.86676124166164,47.77553778032882,96.63973727829853,16.175347519243978,4.157698562654024,129.078040719019,31.519154586202784,31.962774563489056,41.69822429752459,28.227731108475936,33859.86864879284,163.05656589502925,0.012056901191849288,-0.03844675124951941,0.09842368319876971,-0.003936947327950788,0.007443291041906958,0.17279507881584008,-0.041584006151480196,-0.01384083044982699,-0.04822760476739715,0.2599000384467512,0.13016532103037293,-0.0015378700499807767,-0.29287197231833906,-0.041584006151480196,0.019930795847750864,0.17937716262975778,-0.2679584775086506,-0.041584006151480196,-0.186082276047674,-0.08421376393694734,-0.2288965782391388,0.24415224913494812,-0.11374086889657825,0.0629911572472126,0.041584006151480196,0.2364628988850442,0.0271280276816609,-0.06698961937716265,-0.0271280276816609,0.1085121107266436,0.07972318339100345,-0.044844290657439445,-0.1085121107266436,0.006151480199923107,0.17279507881584008,0.24415224913494812,-0.08421376393694734,0.05536332179930796,0.1085121107266436,0.09356401384083046,-0.01574778931180315,0.13588619761630144,-0.09356401384083046,0.2288965782391388,0.003014225297962322,0.09842368319876971,0.03543252595155709,0.14173010380622836,-0.09842368319876971,0.186082276047674,-0.0271280276816609,0.08882737408688965,0.007443291041906958,-0.07972318339100345,0.22145328719723184,-0.13016532103037293,-0.08882737408688965,-0.03844675124951941,-0.09842368319876971,-0.05173394848135333,-0.09356401384083046,-0.1085121107266436,-0.008858131487889272,0.11909265667051133
IDW_SW_88,Unknown,23.99113071061431,90.2161658480947,,0.0202719550525403,9.249526596767096,0.0149828856937434,3.52994993686904,80.44429164152493,45.99276202876082,90.06812282417476,14.122201304410478,4.266218358853868,130.4128098331119,31.427744515386212,25.638322149128022,45.167689338798205,29.68840124115103,33552.96934127975,160.23473115187468,0.07111111111111111,-0.024605920799692427,0.15378700499807765,0.08421376393694734,6.151480199923106e-05,0.1085121107266436,0.10340638216070744,-0.04822760476739715,0.017777777777777778,0.2069357939254133,0.2679584775086506,-0.03254133025759323,-0.21413302575932336,-0.14173010380622836,0.000984236831987697,0.06698961937716265,-0.1085121107266436,-0.24415224913494812,-0.14173010380622836,-0.08421376393694734,-0.09356401384083046,0.22145328719723184,-0.05911572472126105,0.1085121107266436,0.000984236831987697,0.1085121107266436,0.11909265667051133,0.07111111111111111,0.029773164167627833,0.017777777777777778,-0.019930795847750864,0.17937716262975778,-0.010396001537870049,0.044844290657439445,-0.007443291041906958,0.3278123798539023,-0.03254133025759323,-0.07972318339100345,0.14769703960015382,0.17937716262975778,-0.004982698961937716,0.11374086889657825,0.07111111111111111,0.12456747404844293,-0.09842368319876971,0.10340638216070744,-0.1085121107266436,0.24415224913494812,-0.11909265667051133,-0.019930795847750864,-0.05536332179930796,0.11909265667051133,-0.029773164167627833,-0.07972318339100345,0.22145328719723184,-0.14769703960015382,-0.17937716262975778,0.09356401384083046,-0.044844290657439445,-0.01384083044982699,-0.024605920799692427,-0.07972318339100345,0.1085121107266436,0.2069357939254133
IDW_SW_89,Unknown,23.625820664741024,90.39150127208735,,0.0025018098282823,25.825253685788702,0.0545567118278379,8.975284798256151,105.26470086141398,22.55792314506112,112.81795061768976,21.30294908918974,1.4115818294130649,42.04348688858635,30.986824318069292,15.2849077629551,62.63125007399607,28.06523933511759,38883.0787577613,122.18735849693842,0.024605920799692427,-0.1929104190695886,0.0271280276816609,0.06698961937716265,-0.041584006151480196,0.13016532103037293,-0.0005536332179930795,0.03844675124951941,-0.044844290657439445,0.1929104190695886,0.2679584775086506,-0.06698961937716265,-0.186082276047674,-0.09842368319876971,0.0629911572472126,0.08882737408688965,-0.07972318339100345,-0.17937716262975778,-0.10340638216070744,-0.0271280276816609,-0.041584006151480196,0.19986159169550174,-0.03844675124951941,0.07535563244905807,-0.14173010380622836,0.041584006151480196,0.09356401384083046,-0.13588619761630144,0.07535563244905807,0.04822760476739715,0.006151480199923107,0.2069357939254133,-0.07535563244905807,-0.019930795847750864,-0.024605920799692427,0.24415224913494812,-0.01574778931180315,-0.11909265667051133,0.07972318339100345,0.2761399461745483,-0.029773164167627833,0.05173394848135333,0.13016532103037293,0.09842368319876971,-0.13588619761630144,0.14769703960015382,-0.15378700499807765,0.2599000384467512,-0.21413302575932336,-0.07972318339100345,0.03543252595155709,0.16000000000000003,-0.12456747404844293,-0.0629911572472126,0.12456747404844293,-0.11909265667051133,-0.05173394848135333,0.10340638216070744,0.019930795847750864,-0.041584006151480196,-0.004982698961937716,-0.16633602460592078,0.05173394848135333,0.2679584775086506
IDW_SW_90,Unknown,23.61273054318166,90.4304306781288,,0.0311862842699891,15.581440964504411,0.0306794034840773,8.509800724678476,91.36114219632988,48.882116892013585,155.6725480035529,17.105608194868257,5.479747168187142,147.29506006632357,31.349727259792473,24.97698742887684,41.65660030517043,37.772205171234106,38033.69954656319,213.6858392618946,0.05173394848135333,-0.24415224913494812,0.024605920799692427,0.01384083044982699,-0.05536332179930796,0.11909265667051133,-0.0005536332179930795,-0.05536332179930796,-0.07111111111111111,0.16633602460592078,0.2761399461745483,-0.03844675124951941,-0.2069357939254133,-0.11909265667051133,0.03844675124951941,0.09842368319876971,-0.10340638216070744,-0.16000000000000003,-0.186082276047674,-0.0271280276816609,-0.10340638216070744,0.22145328719723184,-0.09356401384083046,0.024605920799692427,-0.09842368319876971,0.11374086889657825,0.09356401384083046,-0.09356401384083046,0.05173394848135333,0.11909265667051133,0.06698961937716265,0.09842368319876971,-0.11374086889657825,-0.05173394848135333,0.0271280276816609,0.2364628988850442,-0.1085121107266436,-0.08882737408688965,0.11909265667051133,0.2364628988850442,-0.03254133025759323,0.07972318339100345,0.05173394848135333,0.14769703960015382,-0.07535563244905807,0.16000000000000003,-0.08882737408688965,0.2679584775086506,-0.21413302575932336,-0.05536332179930796,0.004982698961937716,0.14769703960015382,-0.11909265667051133,-0.041584006151480196,0.16000000000000003,-0.14769703960015382,-0.044844290657439445,0.05911572472126105,6.151480199923106e-05,-0.017777777777777778,0.003936947327950788,-0.14769703960015382,0.044844290657439445,0.24415224913494812
IDW_SW_91,Unknown,23.99064010435438,90.21618124682232,,0.0202008916424231,9.235466424254554,0.0149473504240333,3.5232569111868863,80.53969902162999,45.95023238656681,89.98695919034644,14.107833121356569,4.265770988472797,130.31746921516947,31.42541718025575,25.60579133412024,45.19337024193904,29.68012278641623,33538.77430188883,160.11988800541764,0.06698961937716265,-0.022206843521722412,0.17279507881584008,0.08421376393694734,-0.003014225297962322,0.11909265667051133,0.11374086889657825,-0.04822760476739715,0.019930795847750864,0.2364628988850442,0.2519646289888504,-0.029773164167627833,-0.21413302575932336,-0.13588619761630144,0.0271280276816609,0.10340638216070744,-0.09842368319876971,-0.2288965782391388,-0.14173010380622836,-0.08882737408688965,-0.08421376393694734,0.2364628988850442,-0.05536332179930796,0.1085121107266436,0.004982698961937716,0.10340638216070744,0.11374086889657825,0.07535563244905807,0.05173394848135333,0.04822760476739715,-0.03254133025759323,0.16633602460592078,-0.007443291041906958,0.03844675124951941,0.008858131487889272,0.3278123798539023,-0.029773164167627833,-0.08421376393694734,0.12456747404844293,0.17279507881584008,-0.029773164167627833,0.11909265667051133,0.04822760476739715,0.13016532103037293,-0.09842368319876971,0.1085121107266436,-0.09842368319876971,0.24415224913494812,-0.09356401384083046,-0.0271280276816609,-0.03254133025759323,0.1085121107266436,-0.04822760476739715,-0.09842368319876971,0.2288965782391388,-0.16000000000000003,-0.17937716262975778,0.08882737408688965,-0.03254133025759323,-0.012056901191849288,-0.03844675124951941,-0.08882737408688965,0.1085121107266436,0.1929104190695886
IDW_SW_92,Unknown,23.706594186952675,90.28086222139244,,0.0729604273590663,14.78529936229443,0.1181739296588622,5.015271101492831,99.0696080141044,50.600859272923074,101.39330324478225,27.956880574517378,2.161938002162552,81.20773799128816,33.66634308123924,74.04104858636713,19.455515310047144,9.555060851772131,36399.6401410181,148.67032092023726,0.019930795847750864,-0.17937716262975778,0.03254133025759323,0.05536332179930796,-0.024605920799692427,0.14173010380622836,0.017777777777777778,0.03844675124951941,-0.029773164167627833,0.1929104190695886,0.2761399461745483,-0.044844290657439445,-0.19986159169550174,-0.09842368319876971,0.05536332179930796,0.07535563244905807,-0.11909265667051133,-0.17937716262975778,-0.11374086889657825,-0.05911572472126105,-0.08421376393694734,0.17279507881584008,-0.05536332179930796,0.07972318339100345,-0.10340638216070744,0.05536332179930796,0.0629911572472126,-0.11374086889657825,0.05536332179930796,0.05911572472126105,0.007443291041906958,0.17279507881584008,-0.09356401384083046,0.0015378700499807767,-0.008858131487889272,0.2679584775086506,-0.003014225297962322,-0.11909265667051133,0.07535563244905807,0.2599000384467512,-0.03254133025759323,0.06698961937716265,0.12456747404844293,0.1085121107266436,-0.11374086889657825,0.14173010380622836,-0.16000000000000003,0.2519646289888504,-0.22145328719723184,-0.07111111111111111,0.006151480199923107,0.14173010380622836,-0.11374086889657825,-0.06698961937716265,0.14173010380622836,-0.15378700499807765,-0.09356401384083046,0.09356401384083046,0.0271280276816609,-0.05173394848135333,0.006151480199923107,-0.17279507881584008,0.0629911572472126,0.28444444444444444
IDW_SW_93,Unknown,23.977406309926497,90.21537681939812,,0.0180214445424051,8.798975833205002,0.0139066630428604,3.321268870112209,83.46746245336126,44.63592093641095,87.59877295179622,13.671925968581178,4.256665540420064,127.34513455706104,31.355551225796795,24.65579554429599,45.94148878411207,29.41685028319226,33098.82005434534,156.65194215845418,0.041584006151480196,-0.16000000000000003,0.08421376393694734,0.03844675124951941,-0.029773164167627833,0.11374086889657825,0.03844675124951941,-0.008858131487889272,-0.01384083044982699,0.2288965782391388,0.2364628988850442,-0.01574778931180315,-0.17279507881584008,-0.10340638216070744,0.044844290657439445,0.12456747404844293,-0.08421376393694734,-0.186082276047674,-0.13016532103037293,-0.10340638216070744,-0.03543252595155709,0.2069357939254133,-0.08421376393694734,0.13588619761630144,-0.09842368319876971,0.07972318339100345,0.09356401384083046,-0.05173394848135333,0.07972318339100345,0.08882737408688965,-0.05536332179930796,0.14769703960015382,-0.05536332179930796,-0.03543252595155709,-0.01384083044982699,0.24415224913494812,-0.03844675124951941,-0.14769703960015382,0.11374086889657825,0.21413302575932336,-0.05911572472126105,0.05536332179930796,0.07535563244905807,0.06698961937716265,-0.11374086889657825,0.15378700499807765,-0.08882737408688965,0.3014225297962323,-0.2069357939254133,-0.07535563244905807,0.024605920799692427,0.12456747404844293,-0.14173010380622836,-0.14769703960015382,0.19986159169550174,-0.17279507881584008,-0.12456747404844293,0.07972318339100345,0.010396001537870049,-0.022206843521722412,0.003936947327950788,-0.14173010380622836,0.12456747404844293,0.2069357939254133
IDW_SW_94,Unknown,23.92130810485287,90.58683235958168,,0.0173479507170835,7.729729409233043,0.0156835859709993,3.3342186904770013,59.71919259280142,44.05347321443632,108.75207391955962,16.369029721906735,6.228994472039977,127.13091781564673,33.44492005358032,25.54814091972228,45.90583572324492,31.58217919101001,34803.229610738694,179.98038832974484,0.01384083044982699,-0.17937716262975778,0.0629911572472126,0.05173394848135333,0.003014225297962322,0.14173010380622836,0.017777777777777778,0.07111111111111111,-0.05173394848135333,0.2288965782391388,0.2599000384467512,-0.07535563244905807,-0.15378700499807765,-0.13016532103037293,0.044844290657439445,0.0629911572472126,-0.09356401384083046,-0.17937716262975778,-0.07535563244905807,-0.044844290657439445,-0.022206843521722412,0.17279507881584008,-0.05173394848135333,0.08882737408688965,-0.06698961937716265,0.0629911572472126,0.1085121107266436,-0.13588619761630144,0.05911572472126105,0.08882737408688965,-0.04822760476739715,0.21413302575932336,-0.04822760476739715,0.019930795847750864,-0.003014225297962322,0.2364628988850442,0.0271280276816609,-0.13588619761630144,0.10340638216070744,0.2519646289888504,-0.03543252595155709,0.008858131487889272,0.1085121107266436,0.11374086889657825,-0.10340638216070744,0.14173010380622836,-0.11909265667051133,0.3014225297962323,-0.186082276047674,-0.04822760476739715,0.01384083044982699,0.16000000000000003,-0.14173010380622836,-0.04822760476739715,0.16633602460592078,-0.16000000000000003,-0.09842368319876971,0.09356401384083046,0.04822760476739715,-0.0629911572472126,-0.03844675124951941,-0.13588619761630144,0.09842368319876971,0.2679584775086506
IDW_SW_95,Unknown,23.80169605530293,90.10491675955986,,0.0308519377481288,8.98623675410688,0.0231884236038818,4.219763519264292,77.42995880212251,49.30390416515577,99.60481281259834,18.344368753068473,3.8558233419792183,123.69582296886296,31.422539577813335,39.4696679793081,37.61843061113216,25.647530966886755,33539.605864874655,160.6384519904255,0.0271280276816609,-0.19986159169550174,0.05911572472126105,0.041584006151480196,-0.0271280276816609,0.14769703960015382,0.01384083044982699,0.03844675124951941,-0.012056901191849288,0.2069357939254133,0.2519646289888504,-0.04822760476739715,-0.17279507881584008,-0.1085121107266436,0.07111111111111111,0.11374086889657825,-0.1085121107266436,-0.1929104190695886,-0.08882737408688965,-0.05173394848135333,-0.03543252595155709,0.17279507881584008,-0.06698961937716265,0.05911572472126105,-0.14173010380622836,0.07535563244905807,0.11909265667051133,-0.14769703960015382,0.07535563244905807,0.0629911572472126,-0.007443291041906958,0.17937716262975778,-0.1085121107266436,-0.006151480199923107,6.151480199923106e-05,0.2599000384467512,0.002214532871972318,-0.13016532103037293,0.07535563244905807,0.2519646289888504,-0.05911572472126105,0.07535563244905807,0.10340638216070744,0.08882737408688965,-0.11374086889657825,0.14173010380622836,-0.16000000000000003,0.2679584775086506,-0.19986159169550174,-0.06698961937716265,0.024605920799692427,0.15378700499807765,-0.13016532103037293,-0.05536332179930796,0.14769703960015382,-0.15378700499807765,-0.06698961937716265,0.08421376393694734,0.044844290657439445,-0.03543252595155709,0.007443291041906958,-0.13588619761630144,0.04822760476739715,0.24415224913494812
IDW_SW_96,Unknown,23.81775575265261,90.5433649606997,,0.0023292956307022,2.1057088407327003,0.0034748743125641,0.5894749596163753,73.2235123632939,30.73725248749316,104.58759000330322,19.329849782711538,8.362725877955567,99.75404103134866,35.2523123495878,15.324922607424517,59.115683360574366,28.54108874699868,33512.43058041239,181.2142654786727,0.0271280276816609,-0.21413302575932336,0.05911572472126105,0.03844675124951941,-0.03844675124951941,0.11909265667051133,0.004982698961937716,0.05173394848135333,-0.0271280276816609,0.17279507881584008,0.29287197231833906,-0.07111111111111111,-0.186082276047674,-0.13588619761630144,0.0629911572472126,0.0629911572472126,-0.07972318339100345,-0.16633602460592078,-0.10340638216070744,-0.029773164167627833,-0.03254133025759323,0.19986159169550174,-0.044844290657439445,0.10340638216070744,-0.11374086889657825,0.041584006151480196,0.07535563244905807,-0.12456747404844293,0.08882737408688965,0.08882737408688965,0.007443291041906958,0.186082276047674,-0.09356401384083046,-0.01574778931180315,0.010396001537870049,0.2519646289888504,-0.0271280276816609,-0.12456747404844293,0.07972318339100345,0.2519646289888504,-0.07535563244905807,0.024605920799692427,0.10340638216070744,0.12456747404844293,-0.1085121107266436,0.13588619761630144,-0.14173010380622836,0.2679584775086506,-0.2069357939254133,-0.03844675124951941,0.006151480199923107,0.16633602460592078,-0.16000000000000003,-0.044844290657439445,0.15378700499807765,-0.12456747404844293,-0.06698961937716265,0.08882737408688965,0.03254133025759323,-0.022206843521722412,-0.03254133025759323,-0.14769703960015382,0.05911572472126105,0.2599000384467512
IDW_SW_97,Unknown,23.866707381194825,90.5546937331564,,0.0067923908897516,3.787178399398288,0.0072763681919149,1.418042631558654,67.8574377211764,34.737034811085834,105.4331362825898,18.22143416678034,7.609351401739707,107.46844822113238,34.7064987490512,18.57809852160051,54.92980408221574,29.479135617726044,33883.723766153365,179.27474851169632,0.019930795847750864,-0.21413302575932336,0.029773164167627833,0.04822760476739715,-0.01384083044982699,0.14769703960015382,0.010396001537870049,0.07111111111111111,-0.022206843521722412,0.2069357939254133,0.2599000384467512,-0.08421376393694734,-0.16000000000000003,-0.11909265667051133,0.07972318339100345,0.06698961937716265,-0.07972318339100345,-0.16633602460592078,-0.0629911572472126,-0.03543252595155709,-0.024605920799692427,0.16633602460592078,-0.024605920799692427,0.07111111111111111,-0.09356401384083046,0.03844675124951941,0.10340638216070744,-0.16000000000000003,0.05536332179930796,0.05911572472126105,-0.03844675124951941,0.22145328719723184,-0.06698961937716265,-0.029773164167627833,-0.03844675124951941,0.2288965782391388,0.010396001537870049,-0.13016532103037293,0.10340638216070744,0.2761399461745483,-0.022206843521722412,0.022206843521722412,0.10340638216070744,0.11374086889657825,-0.11374086889657825,0.14173010380622836,-0.15378700499807765,0.28444444444444444,-0.19986159169550174,-0.05536332179930796,0.03543252595155709,0.17279507881584008,-0.14173010380622836,-0.044844290657439445,0.14769703960015382,-0.13016532103037293,-0.07972318339100345,0.10340638216070744,0.041584006151480196,-0.0629911572472126,0.010396001537870049,-0.13016532103037293,0.07111111111111111,0.2599000384467512
IDW_SW_98,Unknown,23.75900170474401,90.26569590218114,,0.0582424258127728,5.345881428500782,0.0303190029881709,5.343277222756093,73.33298000386854,51.15685476572724,95.819390150679,23.755418887324165,2.785575565787903,103.45574042129276,30.35591336044376,61.962232701088226,23.80933243553877,16.732696031873452,29271.59612993451,141.8600686545758,0.04822760476739715,-0.09356401384083046,0.06698961937716265,0.08421376393694734,-0.002214532871972318,0.13588619761630144,0.08882737408688965,-0.05173394848135333,0.003014225297962322,0.1929104190695886,0.21413302575932336,-0.04822760476739715,-0.16000000000000003,-0.11909265667051133,0.044844290657439445,0.08882737408688965,-0.11374086889657825,-0.19986159169550174,-0.15378700499807765,-0.05911572472126105,-0.10340638216070744,0.21413302575932336,-0.09356401384083046,0.10340638216070744,-0.07972318339100345,0.08421376393694734,0.14173010380622836,-0.019930795847750864,0.03254133025759323,-0.01574778931180315,0.010396001537870049,0.17937716262975778,-0.044844290657439445,-0.022206843521722412,-0.03543252595155709,0.3014225297962323,-0.041584006151480196,-0.11909265667051133,0.11909265667051133,0.22145328719723184,-0.007443291041906958,0.1085121107266436,0.09842368319876971,0.08882737408688965,-0.09356401384083046,0.17937716262975778,-0.14769703960015382,0.2679584775086506,-0.22145328719723184,-0.08882737408688965,-0.029773164167627833,0.10340638216070744,-0.0629911572472126,-0.06698961937716265,0.17279507881584008,-0.16000000000000003,-0.11909265667051133,0.09842368319876971,-0.029773164167627833,-0.041584006151480196,-6.151480199923106e-05,-0.14769703960015382,0.09842368319876971,0.2519646289888504
IDW_SW_99,Unknown,23.84293607652752,90.52982371618974,,0.0037946313520211,2.6178826993688045,0.0048370747782196,0.8587808358155677,69.0210372944221,31.902615965537596,103.77196002953823,18.533646184304175,7.833656980929582,100.79125794259048,35.05831684611582,16.683151655266812,57.467377637147536,28.795572520927923,33586.87716078539,176.7499602441154,0.04822760476739715,-0.13016532103037293,0.11909265667051133,-0.002214532871972318,-0.01574778931180315,0.12456747404844293,-0.05173394848135333,0.002214532871972318,-0.09356401384083046,0.24415224913494812,0.24415224913494812,0.022206843521722412,-0.29287197231833906,-0.03254133025759323,0.04822760476739715,0.14173010380622836,-0.15378700499807765,-0.0271280276816609,-0.16633602460592078,-0.09356401384083046,-0.17279507881584008,0.2519646289888504,-0.041584006151480196,-0.022206843521722412,-0.08421376393694734,0.07972318339100345,0.0271280276816609,-0.041584006151480196,-0.03543252595155709,0.19986159169550174,-0.004982698961937716,0.07535563244905807,-0.07535563244905807,-0.07972318339100345,0.0629911572472126,0.19986159169550174,-0.13016532103037293,-0.05173394848135333,0.12456747404844293,0.1929104190695886,-0.008858131487889272,0.10340638216070744,-0.07535563244905807,0.16000000000000003,-0.07972318339100345,0.13588619761630144,0.004982698961937716,0.19986159169550174,-0.15378700499807765,-0.0271280276816609,0.05536332179930796,0.14769703960015382,-0.08882737408688965,-0.14769703960015382,0.2288965782391388,-0.17937716262975778,-0.11909265667051133,0.07972318339100345,-0.019930795847750864,-0.0629911572472126,0.029773164167627833,-0.15378700499807765,0.14173010380622836,0.13588619761630144
IDW_SW_100,Unknown,23.89797225978355,90.11988163960152,,0.0230666208396156,8.558930693942225,0.0174427942741633,3.599532751053271,80.79729027681387,46.53217728540692,93.19787225145195,16.093890494173404,4.062657788660485,124.90058496260646,31.454909130292823,31.530484578211635,42.552765019404106,27.630130209966683,33365.04126993088,157.62112302538864,0.044844290657439445,-0.11374086889657825,0.09356401384083046,0.019930795847750864,-0.041584006151480196,0.14173010380622836,-0.012056901191849288,0.07111111111111111,-0.041584006151480196,0.2599000384467512,0.2679584775086506,-0.07535563244905807,-0.186082276047674,-0.09842368319876971,0.019930795847750864,0.1085121107266436,-0.08421376393694734,-0.2364628988850442,-0.05536332179930796,-0.044844290657439445,-0.003936947327950788,0.17937716262975778,0.01574778931180315,0.05911572472126105,-0.10340638216070744,0.07535563244905807,0.07972318339100345,-0.11374086889657825,0.029773164167627833,0.05911572472126105,-0.007443291041906958,0.1929104190695886,0.003936947327950788,-0.010396001537870049,-0.010396001537870049,0.2364628988850442,0.0629911572472126,-0.09356401384083046,0.07111111111111111,0.2364628988850442,-0.07111111111111111,0.029773164167627833,0.09356401384083046,0.13016532103037293,-0.11374086889657825,0.12456747404844293,-0.11909265667051133,0.29287197231833906,-0.17937716262975778,-0.03543252595155709,0.017777777777777778,0.17937716262975778,-0.08421376393694734,-0.05536332179930796,0.17937716262975778,-0.14769703960015382,-0.11909265667051133,0.1085121107266436,0.07535563244905807,-0.09356401384083046,-0.019930795847750864,-0.14173010380622836,0.03543252595155709,0.28444444444444444
