Station,River,Season,Metal,Receptor,ParamSet,Conc_mg_per_kg,ADD_ing,ADD_derm,ADD_inh,HQ_ing,HQ_derm,HQ_inh,ILCR_ing,ILCR_derm,ILCR_inh,HQ_total,ILCR_total
S1,Dhaleshwari,Rainy,Cr,adult,EPA,92.69,0.00012697260273972604,5.066206849315069e-07,1.8672441579371474e-08,0.04232420091324201,0.008443678082191782,0.0006528825727052963,6.348630136986302e-05,1.013241369863014e-05,7.842425463336019e-07,0.05142076156813909,7.440295761482676e-05
S1,Dhaleshwari,Rainy,Cr,child,EPA,92.69,0.00029626940639269407,8.295543378995434e-07,1.0892257587966693e-08,0.09875646879756468,0.013825905631659056,0.0003808481674114228,0.00014813470319634703,1.6591086757990868e-05,4.574748186946011e-07,0.11296322259663516,0.0001651832647730325
S1,Dhaleshwari,Rainy,Ni,adult,EPA,19.18,2.6273972602739727e-05,1.0483315068493151e-07,3.863819500402901e-09,0.0013136986301369863,1.9413546423135464e-05,1.8756405341761655e-07,2.2070136986301372e-05,4.402992328767123e-06,3.2456083803384365e-09,0.0013332997406135395,2.6476374923448833e-05
S1,Dhaleshwari,Rainy,Ni,child,EPA,19.18,6.130593607305937e-05,1.716566210045662e-07,2.253894708568359e-09,0.0030652968036529683,3.178826314899374e-05,1.0941236449360965e-07,5.1496986301369864e-05,7.20957808219178e-06,1.8932715551974216e-09,0.0030971944791664554,5.870845765511684e-05
S1,Dhaleshwari,Rainy,Cu,adult,EPA,40.34,5.5260273972602745e-05,2.2048849315068493e-07,8.126510878323932e-09,0.0013815068493150686,1.837404109589041e-05,2.031627719580983e-07,0.0,0.0,0.0,0.001400084053182917,0.0
S1,Dhaleshwari,Rainy,Cu,child,EPA,40.34,0.0001289406392694064,3.61033789954338e-07,4.740464679022294e-09,0.00322351598173516,3.0086149162861502e-05,1.1851161697555735e-07,0.0,0.0,0.0,0.0032537206425149972,0.0
S1,Dhaleshwari,Rainy,As,adult,EPA,7.96,1.0904109589041095e-05,4.350739726027397e-08,1.603545527800161e-09,0.03634703196347032,0.0003537186769127965,5.32739378006698e-06,1.6356164383561644e-05,1.5923707397260273e-07,2.421353746978243e-08,0.03670607803416318,1.6539614995004028e-05
S1,Dhaleshwari,Rainy,As,child,EPA,7.96,2.544292237442922e-05,7.124018264840183e-08,9.354015578834272e-10,0.08480974124809741,0.0005791884768162751,3.1076463717057384e-06,3.816438356164383e-05,2.6073906849315073e-07,1.412456352403975e-08,0.0853920373712854,3.8439247193661024e-05
S1,Dhaleshwari,Rainy,Cd,adult,EPA,2.66,3.6438356164383563e-06,1.4538904109589041e-08,5.358581788879935e-10,0.0036438356164383563,0.001453890410958904,5.358581788879935e-07,2.2956164383561645e-05,9.159509589041095e-08,3.375906526994359e-09,0.005098261885576148,2.3051135385979053e-05
S1,Dhaleshwari,Rainy,Cd,child,EPA,2.66,8.50228310502283e-06,2.3806392694063926e-08,3.125839376846629e-10,0.00850228310502283,0.0023806392694063925,3.1258393768466287e-07,5.3564383561643836e-05,1.4998027397260273e-07,1.969278807413376e-09,0.010883234958366909,5.3716333114423854e-05
S1,Dhaleshwari,Rainy,Pb,adult,EPA,50.73,6.94931506849315e-05,2.772776712328767e-07,1.021958098307816e-08,0.019303652968036527,0.0005281479452054795,2.903290052010841e-06,5.906917808219177e-07,2.356860205479452e-09,4.292224012892827e-10,0.01983470420329402,5.934778634286865e-07
S1,Dhaleshwari,Rainy,Pb,child,EPA,50.73,0.0001621506849315068,4.540219178082192e-07,5.961422240128927e-09,0.04504185692541856,0.0008648036529680367,1.6935858636729906e-06,1.378280821917808e-06,3.859186301369864e-09,2.5037973408541496e-10,0.04590835416425027,1.3823903879532634e-06
S1,Dhaleshwari,Rainy,Fe,adult,EPA,26700.0,0.036575342465753426,0.0001459356164383562,5.378726833199033e-06,0.05225048923679061,0.0010423972602739728,7.683895475998619e-06,0.0,0.0,0.0,0.05330057039254058,0.0
S1,Dhaleshwari,Rainy,Fe,child,EPA,26700.0,0.08534246575342466,0.00023895890410958903,3.137590652699436e-06,0.1219178082191781,0.0017068493150684929,4.482272360999195e-06,0.0,0.0,0.0,0.12362913980660759,0.0
S2,Dhaleshwari,Rainy,Cr,adult,EPA,88.4,0.00012109589041095888,4.831726027397261e-07,1.7808219178082192e-08,0.04036529680365296,0.008052876712328768,0.0006226650062266501,6.054794520547944e-05,9.663452054794521e-06,7.47945205479452e-07,0.04904083852220838,7.095934246575341e-05
S2,Dhaleshwari,Rainy,Cr,child,EPA,88.4,0.0002825570776255707,7.911598173515983e-07,1.0388127853881279e-08,0.0941856925418569,0.013185996955859971,0.00036322125363221256,0.00014127853881278535,1.5823196347031964e-05,4.363013698630137e-07,0.10773491075134907,0.00015753803652968033
S2,Dhaleshwari,Rainy,Ni,adult,EPA,17.21,2.3575342465753422e-05,9.406561643835617e-08,3.4669621273166807e-09,0.0011787671232876711,1.7419558599695586e-05,1.6829913239401362e-07,1.9803287671232874e-05,3.9507558904109594e-06,2.9122481869460117e-09,0.0011963549810197608,2.3756955809830776e-05
S2,Dhaleshwari,Rainy,Ni,child,EPA,17.21,5.500913242009132e-05,1.540255707762557e-07,2.0223945742680637e-09,0.002750456621004566,2.852325384745476e-05,9.817449389650795e-08,4.620767123287671e-05,6.46907397260274e-06,1.6988114423851735e-09,0.002779078049345917,5.267844401692183e-05
S2,Dhaleshwari,Rainy,Cu,adult,EPA,41.56,5.693150684931506e-05,2.2715671232876714e-07,8.372280419016922e-09,0.0014232876712328764,1.892972602739726e-05,2.0930701047542307e-07,0.0,0.0,0.0,0.001442426704270749,0.0
S2,Dhaleshwari,Rainy,Cu,child,EPA,41.56,0.0001328401826484018,3.719525114155251e-07,4.883830244426538e-09,0.0033210045662100452,3.099604261796042e-05,1.2209575611066345e-07,0.0,0.0,0.0,0.0033521227045841162,0.0
S2,Dhaleshwari,Rainy,As,adult,EPA,9.88,1.3534246575342466e-05,5.400164383561645e-08,1.990330378726834e-09,0.04511415525114156,0.00043903775476110933,6.612393284806758e-06,2.0301369863013698e-05,1.9764601643835623e-07,3.0053988718775194e-08,0.04555980539918748,2.052906986817083e-05
S2,Dhaleshwari,Rainy,As,child,EPA,9.88,3.157990867579909e-05,8.842374429223745e-08,1.1610260542573198e-09,0.10526636225266364,0.0007188922300181906,3.857229416137275e-06,4.736986301369864e-05,3.236309041095891e-07,1.753149341928553e-08,0.10598911171209796,4.7711025411227516e-05
S2,Dhaleshwari,Rainy,Cd,adult,EPA,2.97,4.068493150684932e-06,1.623328767123288e-08,5.98307816277196e-10,0.004068493150684932,0.001623328767123288,5.98307816277196e-07,2.563150684931507e-05,1.0226971232876713e-07,3.7693392425463345e-09,0.005692420225624497,2.5737545900886386e-05
S2,Dhaleshwari,Rainy,Cd,child,EPA,2.97,9.493150684931508e-06,2.658082191780822e-08,3.490128928283643e-10,0.009493150684931508,0.0026580821917808217,3.490128928283643e-07,5.98068493150685e-05,1.6745917808219176e-07,2.198781224818695e-09,0.012151581889605157,5.997650727437551e-05
S2,Dhaleshwari,Rainy,Pb,adult,EPA,38.9,5.3287671232876715e-05,2.1261780821917814e-07,7.836422240128929e-09,0.01480213089802131,0.0004049863013698631,2.226256318218446e-06,4.529452054794521e-07,1.8072513698630144e-09,3.29129734085415e-10,0.01520934345570939,4.550815865834005e-07
S2,Dhaleshwari,Rainy,Pb,child,EPA,38.9,0.000124337899543379,3.481461187214611e-07,4.571246306741875e-09,0.03453830542871639,0.0006631354642313546,1.29864951896076e-06,1.0568721461187216e-06,2.9592420091324198e-09,1.9199234488315878e-10,0.03520273954246671,1.0600233804727373e-06
S2,Dhaleshwari,Rainy,Fe,adult,EPA,34970.0,0.0479041095890411,0.000191137397260274,7.044721998388397e-06,0.06843444227005872,0.0013652671232876712,1.0063888569126281e-05,0.0,0.0,0.0,0.06980977328191552,0.0
S2,Dhaleshwari,Rainy,Fe,child,EPA,34970.0,0.11177625570776256,0.0003129735159817351,4.109421165726565e-06,0.15968036529680368,0.0022355251141552507,5.870601665323665e-06,0.0,0.0,0.0,0.16192176101262426,0.0
S3,Dhaleshwari,Rainy,Cr,adult,EPA,66.92,9.167123287671234e-05,3.6576821917808214e-07,1.348106365834005e-08,0.030557077625570778,0.006096136986301369,0.000471365862179722,4.583561643835617e-05,7.3153643835616425e-06,5.662046736502821e-07,0.03712458047405187,5.371718549556809e-05
S3,Dhaleshwari,Rainy,Cr,child,EPA,66.92,0.00021389954337899545,5.989187214611872e-07,7.863953800698362e-09,0.07129984779299849,0.009981978691019787,0.00027496341960483783,0.00010694977168949773,1.1978374429223745e-05,3.302860596293312e-07,0.08155678990362311,0.00011925843217835081
S3,Dhaleshwari,Rainy,Ni,adult,EPA,37.52,5.139726027397261e-05,2.0507506849315072e-07,7.558420628525385e-09,0.0025698630136986307,3.797686453576865e-05,3.6691362274395074e-07,4.317369863013699e-05,8.61315287671233e-06,6.349073327961323e-09,0.0026082067918571433,5.179320058017728e-05
S3,Dhaleshwari,Rainy,Ni,child,EPA,37.52,0.00011992694063926941,3.3579543378995445e-07,4.409078699973141e-09,0.005996347031963471,6.21843395907323e-05,2.140329466006379e-07,0.0001007386301369863,1.4103408219178086e-05,3.703626107977438e-09,0.0060587454045008034,0.00011484574198227236
S3,Dhaleshwari,Rainy,Cu,adult,EPA,49.47,6.776712328767123e-05,2.7039082191780826e-07,9.965753424657535e-09,0.0016941780821917807,2.2532568493150687e-05,2.4914383561643835e-07,0.0,0.0,0.0,0.001716959794520548,0.0
S3,Dhaleshwari,Rainy,Cu,child,EPA,49.47,0.00015812328767123287,4.427452054794521e-07,5.8133561643835615e-09,0.003953082191780821,3.689543378995434e-05,1.4533390410958904e-07,0.0,0.0,0.0,0.0039901229594748846,0.0
S3,Dhaleshwari,Rainy,As,adult,EPA,15.48,2.1205479452054794e-05,8.460986301369863e-08,3.118452860596294e-09,0.07068493150684932,0.0006878850651520214,1.0360308506964432e-05,3.180821917808219e-05,3.09672098630137e-07,4.7088638195004034e-08,0.07138317688050831,3.216497991490733e-05
S3,Dhaleshwari,Rainy,As,child,EPA,15.48,4.947945205479452e-05,1.3854246575342468e-07,1.8190975020145048e-09,0.1649315068493151,0.0011263615101904446,6.043513295729252e-06,7.421917808219178e-05,5.070654246575343e-07,2.7468372280419023e-08,0.16606391187280126,7.475371187912974e-05
S3,Dhaleshwari,Rainy,Cd,adult,EPA,2.1,2.8767123287671228e-06,1.1478082191780822e-08,4.2304593070104753e-10,0.0028767123287671225,0.001147808219178082,4.2304593070104753e-07,1.8123287671232873e-05,7.231191780821918e-08,2.6651893634165992e-09,0.004024943593875906,1.8198264778404508e-05
S3,Dhaleshwari,Rainy,Cd,child,EPA,2.1,6.712328767123287e-06,1.8794520547945203e-08,2.467767929089444e-10,0.006712328767123287,0.0018794520547945203,2.467767929089444e-07,4.228767123287671e-05,1.1840547945205477e-07,1.5546937953263496e-09,0.008592027598710715,4.240763140612409e-05
S3,Dhaleshwari,Rainy,Pb,adult,EPA,32.79,4.491780821917808e-05,1.7922205479452058e-07,6.6055600322320696e-09,0.012477168949771689,0.0003413753424657535,1.8765795546113834e-06,3.818013698630137e-07,1.523387465753425e-09,2.7743352135374694e-10,0.012820420871792054,3.836021908501209e-07
S3,Dhaleshwari,Rainy,Pb,child,EPA,32.79,0.00010480821917808218,2.9346301369863013e-07,3.853243352135374e-09,0.02911339421613394,0.0005589771689497717,1.0946714068566403e-06,8.908698630136986e-07,2.494435616438356e-09,1.618362207896857e-10,0.02967346605649057,8.935261348509267e-07
S3,Dhaleshwari,Rainy,Fe,adult,EPA,23970.0,0.03283561643835616,0.0001310141095890411,4.8287671232876716e-06,0.04690802348336595,0.0009358150684931506,6.898238747553817e-06,0.0,0.0,0.0,0.047850736790606654,0.0
S3,Dhaleshwari,Rainy,Fe,child,EPA,23970.0,0.07661643835616438,0.0002145260273972603,2.816780821917808e-06,0.10945205479452055,0.0015323287671232878,4.023972602739726e-06,0.0,0.0,0.0,0.11098840753424657,0.0
S4,Dhaleshwari,Rainy,Cr,adult,EPA,55.56,7.610958904109589e-05,3.0367726027397264e-07,1.1192586623690572e-08,0.02536986301369863,0.005061287671232877,0.0003913491826465235,3.8054794520547944e-05,6.073545205479453e-06,4.70088638195004e-07,0.030822499867578027,4.45984283642224e-05
S4,Dhaleshwari,Rainy,Cr,child,EPA,55.56,0.0001775890410958904,4.972493150684931e-07,6.5290088638195e-09,0.05919634703196347,0.008287488584474886,0.00022828702321047201,8.87945205479452e-05,9.944986301369863e-06,2.74218372280419e-07,0.06771212263964882,9.901372522159549e-05
S4,Dhaleshwari,Rainy,Ni,adult,EPA,26.08,3.572602739726028e-05,1.4254684931506854e-07,5.253827558420627e-09,0.0017863013698630138,2.6397564687975655e-05,2.550401727388654e-07,3.0009863013698634e-05,5.986967671232879e-06,4.413215149073327e-09,0.0018129539747237283,3.600124390008058e-05
S4,Dhaleshwari,Rainy,Ni,child,EPA,26.08,8.336073059360731e-05,2.3341004566210043e-07,3.064732742412033e-09,0.0041680365296803655,4.32240825300186e-05,1.487734340976715e-07,7.002301369863014e-05,9.803221917808219e-06,2.5743755036261077e-09,0.004211409385644482,7.982880999194198e-05
S4,Dhaleshwari,Rainy,Cu,adult,EPA,69.77,9.55753424657534e-05,3.8134561643835616e-07,1.4055197421434325e-08,0.0023893835616438353,3.177880136986301e-05,3.513799355358581e-07,0.0,0.0,0.0,0.002421513742949234,0.0
S4,Dhaleshwari,Rainy,Cu,child,EPA,69.77,0.0002230091324200913,6.244255707762557e-07,8.198865162503356e-09,0.0055752283105022825,5.2035464231354644e-05,2.049716290625839e-07,0.0,0.0,0.0,0.0056274687463627,0.0
S4,Dhaleshwari,Rainy,As,adult,EPA,18.77,2.5712328767123287e-05,1.0259219178082192e-07,3.781224818694601e-09,0.08570776255707763,0.0008340828600066822,1.2562208699982063e-05,3.8568493150684935e-05,3.754874219178082e-07,5.7096494762288475e-08,0.08655440762578429,3.900107706736503e-05
S4,Dhaleshwari,Rainy,As,child,EPA,18.77,5.999543378995434e-05,1.6798721461187213e-07,2.2057144775718505e-09,0.19998477929984781,0.0013657497122916433,7.327955074989536e-06,8.999315068493151e-05,6.148332054794521e-07,3.3306288611334945e-08,0.20135785696721445,9.06412901790223e-05
S4,Dhaleshwari,Rainy,Cd,adult,EPA,1.79,2.452054794520548e-06,9.783698630136986e-09,3.605962933118452e-10,0.002452054794520548,0.0009783698630136985,3.6059629331184517e-07,1.544794520547945e-05,6.1637301369863e-08,2.2717566478646248e-09,0.003430785253827558,1.551185426349718e-05
S4,Dhaleshwari,Rainy,Cd,child,EPA,1.79,5.721461187214612e-06,1.6020091324200914e-08,2.1034783776524305e-10,0.005721461187214612,0.0016020091324200913,2.1034783776524304e-07,3.6045205479452055e-05,1.0092657534246575e-07,1.3251913779210312e-09,0.007323680667472468,3.614745724617244e-05
S4,Dhaleshwari,Rainy,Pb,adult,EPA,43.4,5.945205479452055e-05,2.37213698630137e-07,8.742949234488316e-09,0.016514459665144598,0.0004518356164383562,2.483792396161453e-06,5.053424657534247e-07,2.0163164383561644e-09,3.672038678485093e-10,0.016968779073979114,5.077259860596295e-07
S4,Dhaleshwari,Rainy,Pb,child,EPA,43.4,0.00013872146118721463,3.8842009132420095e-07,5.100053720118184e-09,0.03853373921867073,0.000739847792998478,1.4488788977608476e-06,1.1791324200913245e-06,3.301570776255708e-09,2.1420225624496373e-10,0.039275035890566974,1.1826481931238251e-06
S4,Dhaleshwari,Rainy,Fe,adult,EPA,23990.0,0.032863013698630136,0.00013112342465753426,4.832796132151491e-06,0.04694716242661448,0.0009365958904109589,6.90399447450213e-06,0.0,0.0,0.0,0.047890662311499944,0.0
S4,Dhaleshwari,Rainy,Fe,child,EPA,23990.0,0.07668036529680365,0.00021470502283105019,2.8191310770883695e-06,0.1095433789954338,0.0015336073059360727,4.027330110126242e-06,0.0,0.0,0.0,0.11108101363148,0.0
S5,Dhaleshwari,Rainy,Cr,adult,EPA,64.5,8.835616438356163e-05,3.5254109589041105e-07,1.299355358581789e-08,0.029452054794520545,0.005875684931506851,0.0004543200554481779,4.4178082191780816e-05,7.050821917808221e-06,5.457292506043514e-07,0.03578205978147557,5.177463336019339e-05
S5,Dhaleshwari,Rainy,Cr,child,EPA,64.5,0.00020616438356164382,5.772602739726026e-07,7.579572925060434e-09,0.0687214611872146,0.009621004566210043,0.00026502003234477045,0.00010308219178082191,1.1545205479452052e-05,3.1834206285253823e-07,0.07860748578576941,0.0001149457393231265
S5,Dhaleshwari,Rainy,Ni,adult,EPA,30.62,4.194520547945206e-05,1.6736136986301373e-07,6.1684125705076555e-09,0.002097260273972603,3.099284627092847e-05,2.994375034227017e-07,3.523397260273973e-05,7.029177534246577e-06,5.1814665592264305e-09,0.0021285525577469542,4.2268331603545535e-05
S5,Dhaleshwari,Rainy,Ni,child,EPA,30.62,9.787214611872148e-05,2.740420091324201e-07,3.5982406661294656e-09,0.004893607305936074,5.0748520209707426e-05,1.74671876996576e-07,8.221260273972604e-05,1.1509764383561646e-05,3.022522159548751e-09,0.0049445304980227775,9.372538964544723e-05
S5,Dhaleshwari,Rainy,Cu,adult,EPA,73.19,0.00010026027397260275,4.0003849315068495e-07,1.4744157937147462e-08,0.0025065068493150687,3.333654109589041e-05,3.6860394842868653e-07,0.0,0.0,0.0,0.002540211994359388,0.0
S5,Dhaleshwari,Rainy,Cu,child,EPA,73.19,0.0002339406392694064,6.55033789954338e-07,8.600758796669352e-09,0.00584851598173516,5.4586149162861494e-05,2.150189699167338e-07,0.0,0.0,0.0,0.0059033171498679374,0.0
S5,Dhaleshwari,Rainy,As,adult,EPA,20.96,2.8712328767123282e-05,1.1456219178082193e-07,4.222401289282837e-09,0.09570776255707762,0.000931399933177414,1.4027911260075871e-05,4.306849315068492e-05,4.1929762191780827e-07,6.375825946817084e-08,0.09665319040151511,4.35515490320709e-05
S5,Dhaleshwari,Rainy,As,child,EPA,20.96,6.699543378995433e-05,1.8758721461187212e-07,2.463067418748322e-09,0.22331811263318113,0.0015250993057875782,8.182948235044259e-06,0.0001004931506849315,6.86569205479452e-07,3.7192318023099656e-08,0.22485139488720376,0.00010121691220843405
S5,Dhaleshwari,Rainy,Cd,adult,EPA,1.45,1.9863013698630136e-06,7.925342465753424e-09,2.921031426269138e-10,0.0019863013698630137,0.0007925342465753423,2.921031426269138e-07,1.2513698630136986e-05,4.992965753424657e-08,1.8402497985495569e-09,0.002779127719580983,1.2565468537469782e-05
S5,Dhaleshwari,Rainy,Cd,child,EPA,1.45,4.634703196347032e-06,1.297716894977169e-08,1.703934998656997e-10,0.004634703196347032,0.0012977168949771687,1.703934998656997e-07,2.91986301369863e-05,8.175616438356165e-08,1.0734790491539082e-09,0.005932590484824066,2.9281459780419015e-05
S5,Dhaleshwari,Rainy,Pb,adult,EPA,53.55,7.335616438356163e-05,2.9269109589041094e-07,1.0787671232876712e-08,0.02037671232876712,0.0005575068493150685,3.064679327521793e-06,6.23527397260274e-07,2.4878743150684933e-09,4.5308219178082193e-10,0.02093728385740971,6.264683537671233e-07
S5,Dhaleshwari,Rainy,Pb,child,EPA,53.55,0.0001711643835616438,4.792602739726027e-07,6.292808219178082e-09,0.04754566210045662,0.0009128767123287671,1.787729607721046e-06,1.4548972602739724e-06,4.073712328767123e-09,2.642979452054795e-10,0.0484603265423931,1.4592352705479452e-06
S5,Dhaleshwari,Rainy,Fe,adult,EPA,35130.0,0.04812328767123287,0.0001920119178082192,7.076954069298952e-06,0.06874755381604696,0.001371513698630137,1.0109934384712789e-05,0.0,0.0,0.0,0.0701291774490618,0.0
S5,Dhaleshwari,Rainy,Fe,child,EPA,35130.0,0.1122876712328767,0.00031440547945205474,4.128223207091056e-06,0.16041095890410959,0.0022457534246575336,5.8974617244157944e-06,0.0,0.0,0.0,0.16266260979049152,0.0
S6,Dhaleshwari,Rainy,Cr,adult,EPA,60.35,8.267123287671233e-05,3.298582191780822e-07,1.2157534246575343e-08,0.02755707762557078,0.00549763698630137,0.0004250886100201169,4.133561643835617e-05,6.597164383561643e-06,5.106164383561644e-07,0.033479803221892264,4.8443397260273976e-05
S6,Dhaleshwari,Rainy,Cr,child,EPA,60.35,0.00019289954337899546,5.401187214611872e-07,7.091894977168949e-09,0.06429984779299848,0.009001978691019786,0.00024796835584506814,9.644977168949773e-05,1.0802374429223743e-05,2.9785958904109585e-07,0.07354979483986333,0.00010755000570776258
S6,Dhaleshwari,Rainy,Ni,adult,EPA,11.72,1.6054794520547944e-05,6.405863013698631e-08,2.3609991941982273e-09,0.0008027397260273972,1.1862709284627094e-05,1.1461161136884599e-07,1.3486027397260273e-05,2.6904624657534252e-06,1.983239323126511e-09,0.0008147170469233931,1.6178473102336824e-05
S6,Dhaleshwari,Rainy,Ni,child,EPA,11.72,3.746118721461187e-05,1.0489132420091326e-07,1.3772495299489658e-09,0.0018730593607305935,1.9424319296465416e-05,6.685677329849348e-08,3.146739726027397e-05,4.405435616438357e-06,1.1568896051571311e-09,0.0018925505368003574,3.587398976631748e-05
S6,Dhaleshwari,Rainy,Cu,adult,EPA,98.28,0.00013463013698630137,5.371742465753426e-07,1.9798549556809025e-08,0.0033657534246575344,4.476452054794521e-05,4.949637389202256e-07,0.0,0.0,0.0,0.0034110129089443995,0.0
S6,Dhaleshwari,Rainy,Cu,child,EPA,98.28,0.00031413698630136986,8.795835616438357e-07,1.1549153908138598e-08,0.007853424657534247,7.329863013698631e-05,2.8872884770346496e-07,0.0,0.0,0.0,0.007927012016518938,0.0
S6,Dhaleshwari,Rainy,As,adult,EPA,10.42,1.4273972602739724e-05,5.695315068493151e-08,2.0991136180499595e-09,0.04757990867579908,0.0004630337454059472,6.973799395514816e-06,2.1410958904109585e-05,2.0844853150684933e-07,3.169661563255439e-08,0.04804991622060054,2.165110405124899e-05
S6,Dhaleshwari,Rainy,As,child,EPA,10.42,3.330593607305936e-05,9.325662100456622e-08,1.2244829438624764e-09,0.11101978691019787,0.0007581839106062294,4.0680496473836424e-06,4.995890410958903e-05,3.413192328767124e-07,1.8489692452323392e-08,0.11178203887045148,5.031871303491807e-05
S6,Dhaleshwari,Rainy,Cd,adult,EPA,0.82,1.1232876712328766e-06,4.481917808219178e-09,1.6518936341659949e-10,0.0011232876712328765,0.0004481917808219178,1.6518936341659947e-07,7.076712328767122e-06,2.823608219178082e-08,1.0406929895245768e-09,0.001571644641418211,7.105989103948428e-06
S6,Dhaleshwari,Rainy,Cd,child,EPA,0.82,2.6210045662100453e-06,7.3388127853881286e-09,9.636046199301636e-11,0.002621004566210045,0.0007338812785388128,9.636046199301635e-08,1.6512328767123284e-05,4.6234520547945206e-08,6.070709105560031e-10,0.0033549822052108508,1.6559170358581786e-05
S6,Dhaleshwari,Rainy,Pb,adult,EPA,37.88,5.189041095890411e-05,2.0704273972602745e-07,7.630942788074134e-09,0.014414003044140032,0.00039436712328767137,2.167881473884697e-06,4.41068493150685e-07,1.7598632876712334e-09,3.2049959709911363e-10,0.014810538048901587,4.4314885603545534e-07
S6,Dhaleshwari,Rainy,Pb,child,EPA,37.88,0.00012107762557077626,3.390173515981736e-07,4.451383293043245e-09,0.033632673769660074,0.0006457473363774736,1.26459752643274e-06,1.0291598173515984e-06,2.881647488584476e-09,1.869580983078163e-10,0.03427968570356398,1.0322284229384907e-06
S6,Dhaleshwari,Rainy,Fe,adult,EPA,38700.0,0.053013698630136975,0.0002115246575342466,7.796132151490734e-06,0.07573385518590997,0.0015108904109589043,1.1137331644986764e-05,0.0,0.0,0.0,0.07725588292851386,0.0
S6,Dhaleshwari,Rainy,Fe,child,EPA,38700.0,0.12369863013698627,0.00034635616438356164,4.547743755036261e-06,0.17671232876712326,0.002473972602739726,6.496776792908944e-06,0.0,0.0,0.0,0.1791927981466559,0.0
S7,Dhaleshwari,Rainy,Cr,adult,EPA,69.37,9.502739726027398e-05,3.791593150684932e-07,1.397461724415794e-08,0.031675799086757994,0.00631932191780822,0.000488622980564963,4.751369863013699e-05,7.583186301369864e-06,5.869339242546334e-07,0.03848374398513118,5.5683818855761486e-05
S7,Dhaleshwari,Rainy,Cr,child,EPA,69.37,0.00022173059360730595,6.208456621004566e-07,8.151860059092131e-09,0.07391019786910198,0.010347427701674277,0.00028503007199622834,0.00011086529680365297,1.2416913242009133e-05,3.423781224818695e-07,0.0845426556427725,0.00012362458816814396
S7,Dhaleshwari,Rainy,Ni,adult,EPA,14.95,2.047945205479452e-05,8.171301369863013e-08,3.0116841257050765e-09,0.001023972602739726,1.5132039573820395e-05,1.4619825852937265e-07,1.7202739726027396e-05,3.4319465753424658e-06,2.529814665592264e-09,0.0010392508405720755,2.0637216116035457e-05
S7,Dhaleshwari,Rainy,Ni,child,EPA,14.95,4.778538812785388e-05,1.3379908675799085e-07,1.756815739994628e-09,0.002389269406392694,2.4777608658887194e-05,8.528231747546738e-08,4.013972602739726e-05,5.619561643835615e-06,1.4757252215954875e-09,0.0024141322973690567,4.576076339645447e-05
S7,Dhaleshwari,Rainy,Cu,adult,EPA,96.72,0.0001324931506849315,5.286476712328767e-07,1.9484286865431105e-08,0.003312328767123288,4.4053972602739726e-05,4.871071716357776e-07,0.0,0.0,0.0,0.0033568698468976633,0.0
S7,Dhaleshwari,Rainy,Cu,child,EPA,96.72,0.00030915068493150686,8.656219178082193e-07,1.136583400483481e-08,0.007728767123287672,7.21351598173516e-05,2.8414585012087027e-07,0.0,0.0,0.0,0.007801186428955144,0.0
S7,Dhaleshwari,Rainy,As,adult,EPA,19.88,2.7232876712328765e-05,1.086591780821918e-07,4.0048348106365836e-09,0.09077625570776256,0.0008834079518877382,1.3305099038659745e-05,4.084931506849315e-05,3.97692591780822e-07,6.047300564061241e-08,0.09167296875868895,4.1307480665914585e-05
S7,Dhaleshwari,Rainy,As,child,EPA,19.88,6.354337899543378e-05,1.779214611872146e-07,2.336153639538007e-09,0.2118112633181126,0.0014465159446115008,7.761307772551518e-06,9.531506849315066e-05,6.511925479452055e-07,3.52759199570239e-08,0.21326554057049665,9.60015369610529e-05
S7,Dhaleshwari,Rainy,Cd,adult,EPA,0.97,1.3287671232876712e-06,5.3017808219178085e-09,1.9540692989524574e-10,0.001328767123287671,0.0005301780821917808,1.9540692989524575e-07,8.371232876712327e-06,3.3401219178082195e-08,1.2310636583400481e-09,0.0018591406124093472,8.40586515954875e-06
S7,Dhaleshwari,Rainy,Cd,child,EPA,0.97,3.1004566210045662e-06,8.681278538812785e-09,1.1398737577222668e-10,0.003100456621004566,0.0008681278538812784,1.1398737577222667e-07,1.9532876712328767e-05,5.469205479452054e-08,7.181204673650281e-10,0.0039686984622616175,1.9588286887590652e-05
S7,Dhaleshwari,Rainy,Pb,adult,EPA,33.47,4.584931506849314e-05,1.8293876712328765e-07,6.742546333601934e-09,0.012735920852359205,0.0003484547945205479,1.9154961175005494e-06,3.8971917808219174e-07,1.5549795205479452e-09,2.8318694601128126e-10,0.013086291142997255,3.91557344548751e-07
S7,Dhaleshwari,Rainy,Pb,child,EPA,33.47,0.00010698173515981734,2.995488584474886e-07,3.933152027934462e-09,0.029717148655504816,0.0005705692541856926,1.1173727352086538e-06,9.093447488584475e-07,2.546165296803653e-09,1.651923851732474e-10,0.03028883528242572,9.120561065404244e-07
S7,Dhaleshwari,Rainy,Fe,adult,EPA,43480.0,0.059561643835616435,0.00023765095890410958,8.759065269943595e-06,0.0850880626223092,0.0016975068493150682,1.2512950385633708e-05,0.0,0.0,0.0,0.0867980824220099,0.0
S7,Dhaleshwari,Rainy,Fe,child,EPA,43480.0,0.1389771689497717,0.0003891360730593607,5.10945474080043e-06,0.19853881278538815,0.0027795433789954333,7.299221058286329e-06,0.0,0.0,0.0,0.2013256553854419,0.0
S8,Turag,Rainy,Cr,adult,EPA,15.7,2.150684931506849e-05,8.581232876712329e-08,3.162771958098308e-09,0.007168949771689496,0.0014302054794520548,0.00011058643210133944,1.0753424657534245e-05,1.7162465753424658e-06,1.3283642224012893e-07,0.008709741683242891,1.260250765511684e-05
S8,Turag,Rainy,Cr,child,EPA,15.7,5.018264840182648e-05,1.4051141552511413e-07,1.8449503088906795e-09,0.016727549467275494,0.002341856925418569,6.450875205911466e-05,2.509132420091324e-05,2.8102283105022827e-06,7.748791297340854e-08,0.019133915144753176,2.7979040424388935e-05
S8,Turag,Rainy,Ni,adult,EPA,40.76,5.583561643835616e-05,2.2278410958904115e-07,8.211120064464142e-09,0.002791780821917808,4.125631659056317e-05,3.9859806138175446e-07,4.690191780821917e-05,9.356932602739729e-06,6.897340854149879e-09,0.0028334357365697527,5.626574775181305e-05
S8,Turag,Rainy,Ni,child,EPA,40.76,0.00013028310502283103,3.6479269406392696e-07,4.789820037604083e-09,0.006514155251141552,6.755420260443091e-05,2.3251553580602345e-07,0.00010943780821917807,1.532129315068493e-05,4.023448831587429e-09,0.0065819419692817885,0.0001247631248186946
S8,Turag,Rainy,Cu,adult,EPA,73.87,0.0001011917808219178,4.0375520547945213e-07,1.4881144238517327e-08,0.0025297945205479447,3.364626712328768e-05,3.7202860596293315e-07,0.0,0.0,0.0,0.002563812816277195,0.0
S8,Turag,Rainy,Cu,child,EPA,73.87,0.00023611415525114153,6.611196347031964e-07,8.680667472468441e-09,0.005902853881278538,5.509330289193303e-05,2.1701668681171103e-07,0.0,0.0,0.0,0.005958164200857283,0.0
S8,Turag,Rainy,As,adult,EPA,11.36,1.5561643835616435e-05,6.20909589041096e-08,2.288477034649476e-09,0.05187214611872146,0.0005048045439358504,7.602913736376997e-06,2.3342465753424653e-05,2.2725290958904115e-07,3.455600322320709e-08,0.05238455357639368,2.36042746662369e-05
S8,Turag,Rainy,As,child,EPA,11.36,3.631050228310502e-05,1.0166940639269407e-07,1.334944936878861e-09,0.12103500761035006,0.0008265805397780006,4.4350330128865815e-06,5.446575342465753e-05,3.721100273972603e-07,2.0157668546870803e-08,0.12186602318314095,5.4858021120601655e-05
S8,Turag,Rainy,Cd,adult,EPA,2.17,2.972602739726027e-06,1.1860684931506848e-08,4.371474617244158e-10,0.002972602739726027,0.0011860684931506848,4.371474617244158e-07,1.872739726027397e-05,7.472231506849314e-08,2.7540290088638196e-09,0.004159108380338436,1.8804873604351326e-05
S8,Turag,Rainy,Cd,child,EPA,2.17,6.9360730593607295e-06,1.9421004566210046e-08,2.5500268600590923e-10,0.006936073059360729,0.0019421004566210045,2.550026860059092e-07,4.369726027397259e-05,1.2235232876712328e-07,1.6065169218372282e-09,0.008878428518667738,4.3821219119661556e-05
S8,Turag,Rainy,Pb,adult,EPA,98.1,0.00013438356164383562,5.361904109589041e-07,1.976228847703465e-08,0.03732876712328768,0.0010213150684931507,5.614286499157571e-06,1.1422602739726029e-06,4.557618493150685e-09,8.300161160354553e-10,0.03835569647827999,1.147647908581789e-06
S8,Turag,Rainy,Pb,child,EPA,98.1,0.0003135616438356164,8.779726027397259e-07,1.1528001611603545e-08,0.08710045662100456,0.0016723287671232875,3.2750004578419163e-06,2.6652739726027395e-06,7.462767123287671e-09,4.841760676873489e-10,0.08877606038858568,2.6732209157937146e-06
S8,Turag,Rainy,Fe,adult,EPA,45600.0,0.06246575342465752,0.00024923835616438356,9.18614020950846e-06,0.08923679060665361,0.0017802739726027396,1.3123057442154945e-05,0.0,0.0,0.0,0.0910301876366985,0.0
S8,Turag,Rainy,Fe,child,EPA,45600.0,0.14575342465753421,0.0004081095890410959,5.358581788879935e-06,0.20821917808219176,0.0029150684931506846,7.655116841257051e-06,0.0,0.0,0.0,0.2111419016921837,0.0
S9,Turag,Rainy,Cr,adult,EPA,12.74,1.7452054794520546e-05,6.963369863013698e-08,2.566478646253022e-09,0.005817351598173515,0.0011605616438356164,8.973701560325252e-05,8.726027397260273e-06,1.3926739726027396e-06,1.0779210314262692e-07,0.0070676502576123845,1.022649347300564e-05
S9,Turag,Rainy,Cr,child,EPA,12.74,4.072146118721461e-05,1.140200913242009e-07,1.497112543647596e-09,0.013573820395738203,0.0019003348554033485,5.234659243523063e-05,2.0360730593607305e-05,2.280401826484018e-06,6.287872683319904e-08,0.015526501843576783,2.270401114692452e-05
S9,Turag,Rainy,Ni,adult,EPA,39.43,5.401369863013698e-05,2.1551465753424656e-07,7.943190975020145e-09,0.0027006849315068487,3.991012176560121e-05,3.855917949038905e-07,4.537150684931506e-05,9.051615616438355e-06,6.672280419016921e-09,0.0027409806450673538,5.4429794746172433e-05
S9,Turag,Rainy,Ni,child,EPA,39.43,0.0001260319634703196,3.528894977168951e-07,4.633528068761751e-09,0.0063015981735159805,6.534990698461019e-05,2.2492854702726947e-07,0.00010586684931506848,1.4821358904109593e-05,3.8921635777598706e-09,0.006367173009047618,0.00012069210038275583
S9,Turag,Rainy,Cu,adult,EPA,87.2,0.00011945205479452056,4.76613698630137e-07,1.7566478646253022e-08,0.0029863013698630137,3.971780821917808e-05,4.3916196615632555e-07,0.0,0.0,0.0,0.003026458340048348,0.0
S9,Turag,Rainy,Cu,child,EPA,87.2,0.0002787214611872146,7.804200913242007e-07,1.0247112543647596e-08,0.006968036529680365,6.503500761035006e-05,2.561778135911899e-07,0.0,0.0,0.0,0.007033327715104306,0.0
S9,Turag,Rainy,As,adult,EPA,10.78,1.4767123287671231e-05,5.892082191780822e-08,2.1716357775987108e-09,0.04922374429223744,0.00047903107250250583,7.214736802653524e-06,2.2150684931506846e-05,2.156502082191781e-07,3.2791700241740533e-08,0.0497099901015426,2.2399126839967766e-05
S9,Turag,Rainy,As,child,EPA,10.78,3.445662100456621e-05,9.64785388127854e-08,1.2667875369325812e-09,0.11485540334855404,0.0007843783643315885,4.208596468214555e-06,5.168493150684931e-05,3.5311145205479455e-07,1.9128491807681976e-08,0.11564399030935385,5.205717145071179e-05
S9,Turag,Rainy,Cd,adult,EPA,3.6,4.931506849315068e-06,1.9676712328767122e-08,7.2522159548751e-10,0.004931506849315068,0.001967671232876712,7.252215954875101e-07,3.106849315068493e-05,1.2396328767123287e-07,4.568896051571313e-09,0.006899903303787268,3.1197025334407735e-05
S9,Turag,Rainy,Cd,child,EPA,3.6,1.1506849315068493e-05,3.221917808219178e-08,4.2304593070104753e-10,0.011506849315068492,0.0032219178082191777,4.2304593070104753e-07,7.24931506849315e-05,2.029808219178082e-07,2.6651893634165992e-09,0.01472919016921837,7.269879669621273e-05
S9,Turag,Rainy,Pb,adult,EPA,170.4,0.00023342465753424657,9.313643835616439e-07,3.432715551974214e-08,0.06484018264840183,0.0017740273972602742,9.752032818108563e-06,1.984109589041096e-06,7.916597260273974e-09,1.44174053182917e-09,0.06662396207848022,1.993467926833199e-06
S9,Turag,Rainy,Pb,child,EPA,170.4,0.0005446575342465753,1.525041095890411e-06,2.0024174053182916e-08,0.15129375951293758,0.002904840182648402,5.688685810563328e-06,4.62958904109589e-06,1.2962849315068496e-08,8.410153102336825e-10,0.15420428838139652,4.643392905721192e-06
S9,Turag,Rainy,Fe,adult,EPA,47900.0,0.06561643835616439,0.0002618095890410959,9.649476228847703e-06,0.09373776908023485,0.001870068493150685,1.3784966041211005e-05,0.0,0.0,0.0,0.09562162253942674,0.0
S9,Turag,Rainy,Fe,child,EPA,47900.0,0.15310502283105024,0.00042869406392694064,5.6288611334944935e-06,0.21872146118721464,0.0030621004566210044,8.04123019070642e-06,0.0,0.0,0.0,0.22179160287402636,0.0
S10,Turag,Rainy,Cr,adult,EPA,11.13,1.5246575342465753e-05,6.083383561643836e-08,2.2421434327155525e-09,0.005082191780821917,0.0010138972602739727,7.839662352152281e-05,7.623287671232877e-06,1.2166767123287673e-06,9.417002417405321e-08,0.006174485664617413,8.934134407735697e-06
S10,Turag,Rainy,Cr,child,EPA,11.13,3.5575342465753426e-05,9.961095890410961e-08,1.3079170024174056e-09,0.011858447488584474,0.0016601826484018269,4.573136372088831e-05,1.7787671232876713e-05,1.9922191780821923e-06,5.493251410153104e-08,0.01356436150070719,1.9834822925060435e-05
S10,Turag,Rainy,Ni,adult,EPA,47.01,6.43972602739726e-05,2.5694506849315067e-07,9.470185334407735e-09,0.00321986301369863,4.7582420091324194e-05,4.597177346799871e-07,5.4093698630136976e-05,1.0791692876712328e-05,7.954955680902497e-09,0.0032679051515246338,6.48933464625302e-05
S10,Turag,Rainy,Ni,child,EPA,47.01,0.00015026027397260273,4.2072876712328767e-07,5.524274778404512e-09,0.007513013698630136,7.791273465246067e-05,2.6816867856332585e-07,0.00012621863013698628,1.767060821917808e-05,4.64039081385979e-09,0.0075911946019611605,0.00014389387874697823
S10,Turag,Rainy,Cu,adult,EPA,80.78,0.00011065753424657533,4.4152356164383567e-07,1.627316680096696e-08,0.002766438356164383,3.6793630136986303e-05,4.06829170024174e-07,0.0,0.0,0.0,0.0028036388154713933,0.0
S10,Turag,Rainy,Cu,child,EPA,80.78,0.00025820091324200913,7.229625570776256e-07,9.492680633897395e-09,0.006455022831050228,6.02468797564688e-05,2.3731701584743487e-07,0.0,0.0,0.0,0.006515507027822545,0.0
S10,Turag,Rainy,As,adult,EPA,18.9,2.5890410958904105e-05,1.033027397260274e-07,3.807413376309428e-09,0.08630136986301369,0.0008398596725693283,1.2649213874782153e-05,3.883561643835616e-05,3.7808802739726026e-07,5.7491941982272366e-08,0.0871538787494578,3.9271196407735694e-05
S10,Turag,Rainy,As,child,EPA,18.9,6.041095890410958e-05,1.6915068493150682e-07,2.2209911361804996e-09,0.2013698630136986,0.0013752088205813563,7.378708093622922e-06,9.061643835616437e-05,6.19091506849315e-07,3.353696615632554e-08,0.2027524505423736,9.126906682917002e-05
S10,Turag,Rainy,Cd,adult,EPA,2.79,3.821917808219178e-06,1.524945205479452e-08,5.620467365028203e-10,0.003821917808219178,0.0015249452054794518,5.620467365028202e-07,2.4078082191780822e-05,9.607154794520547e-08,3.5408944399677673e-09,0.005347425060435132,2.4177694634165996e-05
S10,Turag,Rainy,Cd,child,EPA,2.79,8.917808219178083e-06,2.496986301369863e-08,3.2786059629331184e-10,0.008917808219178083,0.0024969863013698627,3.278605962933118e-07,5.618219178082192e-05,1.5731013698630138e-07,2.0655217566478643e-09,0.01141512238114424,5.634156743956487e-05
S10,Turag,Rainy,Pb,adult,EPA,108.6,0.00014876712328767123,5.935808219178082e-07,2.1877518130539888e-08,0.04132420091324201,0.0011306301369863013,6.215204014357923e-06,1.2645205479452056e-06,5.04543698630137e-09,9.188557614826753e-10,0.042461046254242664,1.2704848406929894e-06
S10,Turag,Rainy,Pb,child,EPA,108.6,0.0003471232876712329,9.719452054794521e-07,1.2761885576148267e-08,0.09642313546423135,0.0018513242009132423,3.6255356750421214e-06,2.9505479452054797e-06,8.261534246575344e-09,5.359991941982272e-10,0.09827808520081964,2.9593454786462533e-06
S10,Turag,Rainy,Fe,adult,EPA,50395.0,0.06903424657534246,0.00027544664383561643,1.0152095084609186e-05,0.09862035225048923,0.00196747602739726,1.4502992978013124e-05,0.0,0.0,0.0,0.10060233127086451,0.0
S10,Turag,Rainy,Fe,child,EPA,50395.0,0.16107990867579908,0.0004510237442922374,5.922055466022025e-06,0.23011415525114157,0.003221598173515981,8.460079237174322e-06,0.0,0.0,0.0,0.23334421350389473,0.0
S11,Buriganga,Rainy,Cr,adult,EPA,74.47,0.00010201369863013698,4.0703465753424657e-07,1.5002014504431912e-08,0.03400456621004566,0.0067839109589041095,0.0005245459616934235,5.100684931506849e-05,8.140693150684931e-06,6.300846091861403e-07,0.041313023130643195,5.977762707493956e-05
S11,Buriganga,Rainy,Cr,child,EPA,74.47,0.0002380319634703196,6.664894977168949e-07,8.751175127585282e-09,0.07934398782343986,0.011108158295281582,0.0003059851443211637,0.0001190159817351598,1.3329789954337899e-05,3.6754935535858184e-07,0.09075813126304261,0.00013271332104485627
S11,Buriganga,Rainy,Ni,adult,EPA,49.94,6.841095890410959e-05,2.729597260273973e-07,1.0060435132957293e-08,0.0034205479452054793,5.0548097412480986e-05,4.883706375221986e-07,5.746520547945205e-05,1.1464308493150688e-05,8.450765511684125e-09,0.0034715844132554826,6.893796473811442e-05
S11,Buriganga,Rainy,Ni,child,EPA,49.94,0.00015962557077625573,4.4695159817351606e-07,5.868587160891754e-09,0.007981278538812786,8.276881447657705e-05,2.848828718879492e-07,0.00013408547945205481,1.8771967123287674e-05,4.929613215149073e-09,0.00806433223616125,0.00015286237618855763
S11,Buriganga,Rainy,Cu,adult,EPA,141.4,0.0001936986301369863,7.728575342465754e-07,2.848509266720387e-08,0.0048424657534246575,6.440479452054795e-05,7.121273166800967e-07,0.0,0.0,0.0,0.004907582675261885,0.0
S11,Buriganga,Rainy,Cu,child,EPA,141.4,0.0004519634703196347,1.2654977168949769e-06,1.6616304055868922e-08,0.011299086757990866,0.0001054581430745814,4.1540760139672304e-07,0.0,0.0,0.0,0.011404960308666844,0.0
S11,Buriganga,Rainy,As,adult,EPA,9.88,1.3534246575342466e-05,5.400164383561645e-08,1.990330378726834e-09,0.04511415525114156,0.00043903775476110933,6.612393284806758e-06,2.0301369863013698e-05,1.9764601643835623e-07,3.0053988718775194e-08,0.04555980539918748,2.052906986817083e-05
S11,Buriganga,Rainy,As,child,EPA,9.88,3.157990867579909e-05,8.842374429223745e-08,1.1610260542573198e-09,0.10526636225266364,0.0007188922300181906,3.857229416137275e-06,4.736986301369864e-05,3.236309041095891e-07,1.753149341928553e-08,0.10598911171209796,4.7711025411227516e-05
S11,Buriganga,Rainy,Cd,adult,EPA,5.56,7.616438356164383e-06,3.038958904109589e-08,1.1200644641418209e-09,0.007616438356164383,0.0030389589041095884,1.1200644641418208e-06,4.798356164383561e-05,1.914544109589041e-07,7.056406124093472e-09,0.010656517324738114,4.818207246091861e-05
S11,Buriganga,Rainy,Cd,child,EPA,5.56,1.7771689497716893e-05,4.9760730593607305e-08,6.533709374160621e-10,0.017771689497716892,0.00497607305936073,6.533709374160622e-07,0.00011196164383561642,3.13492602739726e-07,4.116236905721191e-09,0.022748415928015037,0.00011227925267526186
S11,Buriganga,Rainy,Pb,adult,EPA,155.4,0.00021287671232876712,8.493780821917808e-07,3.130539887187752e-08,0.0591324200913242,0.0016178630136986303,8.893579224965203e-06,1.8094520547945206e-06,7.219713698630138e-09,1.3148267526188558e-09,0.060759176684247795,1.8179865952457698e-06
S11,Buriganga,Rainy,Pb,child,EPA,155.4,0.0004967123287671233,1.3907945205479453e-06,1.8261482675261887e-08,0.13797564687975647,0.0026491324200913244,5.187921214563036e-06,4.222054794520548e-06,1.1821753424657537e-08,7.669822723609993e-10,0.14062996722106236,4.2346435302175666e-06
S11,Buriganga,Rainy,Fe,adult,EPA,42650.0,0.058424657534246575,0.0002331143835616438,8.591861402095085e-06,0.08346379647749512,0.0016651027397260269,1.2274087717278693e-05,0.0,0.0,0.0,0.08514117330493844,0.0
S11,Buriganga,Rainy,Fe,child,EPA,42650.0,0.13632420091324202,0.00038170776255707755,5.011919151222133e-06,0.1947488584474886,0.0027264840182648392,7.159884501745904e-06,0.0,0.0,0.0,0.1974825023502552,0.0
S12,Buriganga,Rainy,Cr,adult,EPA,86.82,0.00011893150684931506,4.7453671232876705e-07,1.748992747784045e-08,0.039643835616438354,0.00790894520547945,0.0006115359257986172,5.946575342465753e-05,9.490734246575342e-06,7.34576954069299e-07,0.048164316747716415,6.969106462530217e-05
S12,Buriganga,Rainy,Cr,child,EPA,86.82,0.0002775068493150685,7.770191780821918e-07,1.020245769540693e-08,0.09250228310502283,0.012950319634703196,0.00035672929004919334,0.00013875342465753424,1.5540383561643835e-05,4.285032232070911e-07,0.10580933202977522,0.00015472231144238516
S12,Buriganga,Rainy,Ni,adult,EPA,55.88,7.654794520547945e-05,3.05426301369863e-07,1.1257050765511686e-08,0.0038273972602739723,5.6560426179604255e-05,5.464587750248392e-07,6.430027397260273e-05,1.2827904657534246e-05,9.455922643029815e-09,0.0038845041452286017,7.713763455278001e-05
S12,Buriganga,Rainy,Ni,child,EPA,55.88,0.0001786118721461187,5.001132420091324e-07,6.566612946548484e-09,0.008930593607305935,9.261356333502452e-05,3.187676187644895e-07,0.0001500339726027397,2.1004756164383564e-05,5.515954875100726e-09,0.009023525938259724,0.00017104424472199836
S12,Buriganga,Rainy,Cu,adult,EPA,147.9,0.0002026027397260274,8.083849315068493e-07,2.9794520547945206e-08,0.005065068493150685,6.73654109589041e-05,7.448630136986302e-07,0.0,0.0,0.0,0.005133178767123287,0.0
S12,Buriganga,Rainy,Cu,child,EPA,147.9,0.00047273972602739723,1.3236712328767123e-06,1.738013698630137e-08,0.011818493150684931,0.00011030593607305935,4.3450342465753427e-07,0.0,0.0,0.0,0.011929233590182647,0.0
S12,Buriganga,Rainy,As,adult,EPA,7.98,1.0931506849315067e-05,4.3616712328767124e-08,1.607574536663981e-09,0.03643835616438356,0.00035460741730704976,5.3407791915746875e-06,1.63972602739726e-05,1.5963716712328767e-07,2.4274375503626113e-08,0.03679830436088218,1.6581171816599515e-05
S12,Buriganga,Rainy,As,child,EPA,7.98,2.5506849315068493e-05,7.141917808219177e-08,9.377518130539889e-10,0.08502283105022831,0.0005806437242454615,3.1154545284185676e-06,3.826027397260274e-05,2.613941917808219e-07,1.4160052377115232e-08,0.08560659022900219,3.853582821676068e-05
S12,Buriganga,Rainy,Cd,adult,EPA,7.94,1.0876712328767122e-05,4.339808219178082e-08,1.599516518936342e-09,0.010876712328767121,0.004339808219178082,1.5995165189363419e-06,6.852328767123287e-05,2.7340791780821917e-07,1.0076954069298953e-08,0.01521812006446414,6.88067725431104e-05
S12,Buriganga,Rainy,Cd,child,EPA,7.94,2.537899543378995e-05,7.106118721461187e-08,9.330513027128662e-10,0.02537899543378995,0.007106118721461187,9.330513027128662e-07,0.0001598876712328767,4.476854794520548e-07,5.878223207091057e-09,0.03248604720655385,0.00016034123493553586
S12,Buriganga,Rainy,Pb,adult,EPA,177.9,0.00024369863013698627,9.723575342465752e-07,3.5838033843674455e-08,0.06769406392694063,0.0018521095890410959,1.0181259614680242e-05,2.0714383561643837e-06,8.26503904109589e-09,1.5051974214343273e-09,0.06955635477559641,2.081208592626914e-06
S12,Buriganga,Rainy,Pb,child,EPA,177.9,0.0005686301369863013,1.5921643835616439e-06,2.0905519742143432e-08,0.15795281582952814,0.003032694063926941,5.939068108563475e-06,4.833356164383561e-06,1.3533397260273973e-08,8.780318291700242e-10,0.16099144896156364,4.8477675934730044e-06
S12,Buriganga,Rainy,Fe,adult,EPA,46870.0,0.06420547945205479,0.00025617986301369863,9.441982272360999e-06,0.09172211350293542,0.0018298561643835614,1.3488546103372857e-05,0.0,0.0,0.0,0.09356545821342237,0.0
S12,Buriganga,Rainy,Fe,child,EPA,46870.0,0.14981278538812784,0.00041947579908675796,5.507822992210583e-06,0.21401826484018263,0.0029962557077625566,7.868318560300834e-06,0.0,0.0,0.0,0.2170223888665055,0.0
S13,Balu,Rainy,Cr,adult,EPA,10.37,1.4205479452054793e-05,5.6679863013698635e-08,2.0890410958904104e-09,0.004735159817351598,0.0009446643835616439,7.304339496120316e-05,7.1027397260273965e-06,1.1335972602739726e-06,8.773972602739723e-08,0.005752867595874445,8.324076712328766e-06
S13,Balu,Rainy,Cr,child,EPA,10.37,3.314611872146118e-05,9.280913242009132e-08,1.2186073059360728e-09,0.01104870624048706,0.0015468188736681887,4.260864706070184e-05,1.657305936073059e-05,1.8561826484018264e-06,5.118150684931506e-08,0.012638133761215949,1.848042351598173e-05
S13,Balu,Rainy,Ni,adult,EPA,29.73,4.072602739726028e-05,1.624968493150685e-07,5.989121676067688e-09,0.002036301369863014,3.009200913242009e-05,2.9073406194503336e-07,3.4209863013698635e-05,6.824867671232877e-06,5.030862207896857e-09,0.0020666841130573786,4.103976154713941e-05
S13,Balu,Rainy,Ni,child,EPA,29.73,9.502739726027398e-05,2.6607671232876715e-07,3.493654311039484e-09,0.004751369863013699,4.927346524606799e-05,1.6959486946793613e-07,7.982301369863013e-05,1.117522191780822e-05,2.9346696212731667e-09,0.004800812923129235,9.100117028605962e-05
S13,Balu,Rainy,Cu,adult,EPA,56.47,7.735616438356165e-05,3.0865109589041104e-07,1.1375906526994361e-08,0.0019339041095890411,2.5720924657534254e-05,2.84397663174859e-07,0.0,0.0,0.0,0.00195990943190975,0.0
S13,Balu,Rainy,Cu,child,EPA,56.47,0.00018049771689497717,5.05393607305936e-07,6.635945474080044e-09,0.004512442922374429,4.211613394216133e-05,1.6589863685200109e-07,0.0,0.0,0.0,0.004554724954953442,0.0
S13,Balu,Rainy,As,adult,EPA,6.67,9.136986301369863e-06,3.645657534246576e-08,1.3436744560838033e-09,0.03045662100456621,0.00029639492148346143,4.464034737819945e-06,1.3705479452054794e-05,1.3343106575342469e-07,2.028948428686543e-08,0.030757479960787492,1.3859200002095085e-05
S13,Balu,Rainy,As,child,EPA,6.67,2.131963470319635e-05,5.969497716894978e-08,7.838100993822186e-10,0.07106544901065451,0.000485325017633738,2.6040202637283013e-06,3.1979452054794524e-05,2.184836164383562e-07,1.1835532500671501e-08,0.07155337804855197,3.2209771203733554e-05
S13,Balu,Rainy,Cd,adult,EPA,1.96,2.684931506849315e-06,1.0712876712328766e-08,3.948428686543111e-10,0.002684931506849315,0.0010712876712328766,3.948428686543111e-07,1.6915068493150682e-05,6.749112328767122e-08,2.48751007252216e-09,0.0037566140209508454,1.6985047126510875e-05
S13,Balu,Rainy,Cd,child,EPA,1.96,6.264840182648401e-06,1.7541552511415526e-08,2.303250067150148e-10,0.006264840182648401,0.0017541552511415525,2.303250067150148e-07,3.946849315068493e-05,1.1051178082191781e-07,1.4510475423045933e-09,0.00801922575879667,3.9580455979049146e-05
S13,Balu,Rainy,Pb,adult,EPA,35.98,4.92876712328767e-05,1.9665780821917806e-07,7.24818694601128e-09,0.013691019786910195,0.000374586301369863,2.0591440187532047e-06,4.18945205479452e-07,1.6715913698630136e-09,3.044238517324738e-10,0.014067665232298812,4.2092122070104747e-07
S13,Balu,Rainy,Pb,child,EPA,35.98,0.00011500456621004563,3.2201278538812786e-07,4.2281090518399134e-09,0.03194571283612379,0.000613357686453577,1.2011673442727026e-06,9.77538812785388e-07,2.737108675799087e-09,1.7758058017727638e-10,0.032560271689921635,9.804535020413643e-07
S13,Balu,Rainy,Fe,adult,EPA,32700.0,0.04479452054794521,0.00017873013698630142,6.5874294923448835e-06,0.0639921722113503,0.0012766438356164385,9.41061356049269e-06,0.0,0.0,0.0,0.06527822666052724,0.0
S13,Balu,Rainy,Fe,child,EPA,32700.0,0.10452054794520547,0.00029265753424657535,3.842667203867848e-06,0.14931506849315068,0.0020904109589041093,5.489524576954069e-06,0.0,0.0,0.0,0.15141096897663175,0.0
S14,Balu,Rainy,Cr,adult,EPA,9.44,1.2931506849315067e-05,5.1596712328767126e-08,1.901692183722804e-09,0.004310502283105022,0.0008599452054794521,6.649273369660155e-05,6.4657534246575335e-06,1.0319342465753426e-06,7.987107171635778e-08,0.005236940222281075,7.577558742949233e-06
S14,Balu,Rainy,Cr,child,EPA,9.44,3.0173515981735156e-05,8.448584474885845e-08,1.109320440504969e-09,0.010057838660578385,0.0014080974124809742,3.8787427989684234e-05,1.5086757990867578e-05,1.689716894977169e-06,4.65914585012087e-08,0.011504723501049042,1.6823066344345953e-05
S14,Balu,Rainy,Ni,adult,EPA,21.94,3.005479452054794e-05,1.199186301369863e-07,4.419822723609992e-09,0.001502739726027397,2.220715372907154e-05,2.1455450114611612e-07,2.5246027397260267e-05,5.036582465753425e-06,3.712651087832393e-09,0.0015251614342576146,3.0286322514101526e-05
S14,Balu,Rainy,Ni,child,EPA,21.94,7.012785388127852e-05,1.9635799086757994e-07,2.5782299221058287e-09,0.0035063926940639262,3.636259090140369e-05,1.251567923352344e-07,5.8907397260273956e-05,8.247035616438358e-06,2.165713134568896e-09,0.003542880441757665,6.715659858984688e-05
S14,Balu,Rainy,Cu,adult,EPA,53.71,7.357534246575343e-05,2.935656164383562e-07,1.0819903303787269e-08,0.0018393835616438356,2.4463801369863015e-05,2.704975825946817e-07,0.0,0.0,0.0,0.0018641178605962932,0.0
S14,Balu,Rainy,Cu,child,EPA,53.71,0.00017167579908675798,4.806922374429224e-07,6.311610260542573e-09,0.004291894977168949,4.005768645357687e-05,1.5779025651356432e-07,0.0,0.0,0.0,0.0043321104538790395,0.0
S14,Balu,Rainy,As,adult,EPA,6.9,9.452054794520546e-06,3.7713698630136985e-08,1.3900080580177277e-09,0.03150684931506849,0.00030661543601737384,4.617966970158564e-06,1.4178082191780819e-05,1.3803213698630138e-07,2.0989121676067687e-08,0.031818082718056015,1.4337103450443189e-05
S14,Balu,Rainy,As,child,EPA,6.9,2.205479452054794e-05,6.175342465753423e-08,8.108380338436745e-10,0.07351598173515982,0.0005020603630693839,2.693814065925829e-06,3.3082191780821915e-05,2.260175342465753e-07,1.2243654311039484e-08,0.07402073591229512,3.3320452969379534e-05
S14,Balu,Rainy,Cd,adult,EPA,1.15,1.5753424657534243e-06,6.285616438356163e-09,2.3166800966962129e-10,0.0015753424657534243,0.0006285616438356163,2.3166800966962127e-07,9.924657534246572e-06,3.9599383561643826e-08,1.459508460918614e-09,0.00220413577759871,9.965716426269135e-06
S14,Balu,Rainy,Cd,child,EPA,1.15,3.67579908675799e-06,1.0292237442922376e-08,1.3513967230727907e-10,0.00367579908675799,0.0010292237442922376,1.3513967230727907e-07,2.315753424657534e-05,6.484109589041097e-08,8.513799355358581e-10,0.004705157970722535,2.3223226722401284e-05
S14,Balu,Rainy,Pb,adult,EPA,31.48,4.312328767123287e-05,1.7206191780821916e-07,6.3416599516518935e-09,0.01197869101978691,0.00032773698630136986,1.801607940810197e-06,3.665479452054794e-07,1.462526301369863e-09,2.6634971796937955e-10,0.012308229614029088,3.6827682122481866e-07
S14,Balu,Rainy,Pb,child,EPA,31.48,0.00010062100456621004,2.8173881278538807e-07,3.6993016384636048e-09,0.027950279046169455,0.0005366453576864535,1.0509379654726149e-06,8.552785388127854e-07,2.394779908675799e-09,1.553706688154714e-10,0.02848797534182138,8.578286893902765e-07
S14,Balu,Rainy,Fe,adult,EPA,26320.0,0.036054794520547946,0.0001438586301369863,5.302175664786463e-06,0.0515068493150685,0.0010275616438356163,7.5745366639806615e-06,0.0,0.0,0.0,0.05254198549556809,0.0
S14,Balu,Rainy,Fe,child,EPA,26320.0,0.08412785388127854,0.00023555799086757994,3.09293580445877e-06,0.12018264840182649,0.0016825570776255708,4.418479720655386e-06,0.0,0.0,0.0,0.12186962395917272,0.0
S15,Shitalakshya,Rainy,Cr,adult,EPA,51.37,7.036986301369862e-05,2.8077575342465754e-07,1.0348509266720385e-08,0.023456621004566205,0.0046795958904109584,0.0003618359883468666,3.518493150684931e-05,5.615515068493151e-06,4.3463738920225615e-07,0.02849805288332403,4.1235083964544716e-05
S15,Shitalakshya,Rainy,Cr,child,EPA,51.37,0.00016419634703196347,4.597497716894978e-07,6.036630405586891e-09,0.054732115677321155,0.007662496194824963,0.00021107099320233886,8.209817351598173e-05,9.194995433789956e-06,2.5353847703464943e-07,0.06260568286534846,9.154670742680634e-05
S15,Shitalakshya,Rainy,Ni,adult,EPA,16.78,2.2986301369863018e-05,9.171534246575342e-08,3.3803384367445612e-09,0.001149315068493151,1.6984322678843225e-05,1.640940988710952e-07,1.9308493150684936e-05,3.852044383561643e-06,2.8394842868654314e-09,0.0011664634852708651,2.3163377018533446e-05
S15,Shitalakshya,Rainy,Ni,child,EPA,16.78,5.363470319634704e-05,1.5017716894977167e-07,1.971864088100994e-09,0.002681735159817352,2.781058684255031e-05,9.572155767480554e-08,4.505315068493151e-05,6.30744109589041e-06,1.6563658340048348e-09,0.0027096414682175767,5.136224814665593e-05
S15,Shitalakshya,Rainy,Cu,adult,EPA,71.89,9.847945205479453e-05,3.9293301369863016e-07,1.4482272360999195e-08,0.0024619863013698633,3.274441780821918e-05,3.6205680902497987e-07,0.0,0.0,0.0,0.0024950927759871074,0.0
S15,Shitalakshya,Rainy,Cu,child,EPA,71.89,0.0002297853881278539,6.433990867579909e-07,8.447992210582863e-09,0.005744634703196347,5.3616590563165905e-05,2.1119980526457155e-07,0.0,0.0,0.0,0.0057984624935647775,0.0
S15,Shitalakshya,Rainy,As,adult,EPA,15.71,2.152054794520548e-05,8.586698630136988e-08,3.1647864625302182e-09,0.07173515981735161,0.0006981055796859339,1.0514240739303051e-05,3.228082191780822e-05,3.1427316986301373e-07,4.7788275584206296e-08,0.07244377963777685,3.264288336325544e-05
S15,Shitalakshya,Rainy,As,child,EPA,15.71,5.0214611872146114e-05,1.4060091324200912e-07,1.8461254364759606e-09,0.1673820395738204,0.0011430968556260903,6.133307097926779e-06,7.532191780821917e-05,5.145993424657534e-07,2.7876494090787006e-08,0.1685312697365444,7.586439364477572e-05
S15,Shitalakshya,Rainy,Cd,adult,EPA,8.7,1.191780821917808e-05,4.755205479452054e-08,1.7526188557614827e-09,0.011917808219178079,0.004755205479452054,1.7526188557614827e-06,7.508219178082189e-05,2.995779452054794e-07,1.104149879129734e-08,0.016674766317485896,7.539281122481867e-05
S15,Shitalakshya,Rainy,Cd,child,EPA,8.7,2.7808219178082183e-05,7.786301369863011e-08,1.0223609991941982e-09,0.027808219178082183,0.007786301369863011,1.0223609991941982e-06,0.00017519178082191775,4.905369863013697e-07,6.440874294923448e-09,0.035595542908944386,0.00017568875868251405
S15,Shitalakshya,Rainy,Pb,adult,EPA,76.52,0.00010482191780821917,4.1823945205479455e-07,1.541498791297341e-08,0.029117199391171994,0.0007966465753424659,4.379257929821991e-06,8.909863013698631e-07,3.555035342465754e-09,6.474294923448832e-10,0.029918225224444282,8.951887662046738e-07
S15,Shitalakshya,Rainy,Pb,child,EPA,76.52,0.00024458447488584473,6.848365296803653e-07,8.992076282567822e-09,0.06794013191273465,0.0013044505327245053,2.554567125729495e-06,2.07896803652968e-06,5.8211105022831055e-09,3.7766720386784855e-10,0.06924713701258488,2.085166814235831e-06
S15,Shitalakshya,Rainy,Fe,adult,EPA,30790.0,0.04217808219178082,0.00016829054794520552,6.202659145850121e-06,0.06025440313111546,0.0012020753424657536,8.860941636928745e-06,0.0,0.0,0.0,0.06146533941521814,0.0
S15,Shitalakshya,Rainy,Fe,child,EPA,30790.0,0.09841552511415524,0.00027556347031963474,3.6182178350792373e-06,0.14059360730593606,0.001968310502283105,5.168882621541768e-06,0.0,0.0,0.0,0.1425670866908407,0.0
S16,Shitalakshya,Rainy,Cr,adult,EPA,40.75,5.5821917808219175e-05,2.2272945205479457e-07,8.209105560032232e-09,0.018607305936073057,0.003712157534246576,0.00028703166293818995,2.7910958904109588e-05,4.454589041095892e-06,3.4478243352135373e-07,0.022606495133257822,3.2710330378726835e-05
S16,Shitalakshya,Rainy,Cr,child,EPA,40.75,0.0001302511415525114,3.647031963470319e-07,4.788644910018802e-09,0.043417047184170464,0.006078386605783865,0.0001674351367139441,6.51255707762557e-05,7.2940639269406385e-06,2.0112308622078966e-07,0.049662868926668276,7.262075778941712e-05
S16,Shitalakshya,Rainy,Ni,adult,EPA,46.14,6.320547945205479e-05,2.5218986301369866e-07,9.294923448831587e-09,0.003160273972602739,4.670182648401827e-05,4.5120987615687315e-07,5.309260273972602e-05,1.0591974246575343e-05,7.807735697018533e-09,0.0032074270089629143,6.369238472199839e-05
S16,Shitalakshya,Rainy,Ni,child,EPA,46.14,0.0001474794520547945,4.129424657534248e-07,5.422038678485092e-09,0.007373972602739725,7.647082699137496e-05,2.632057610915093e-07,0.00012388273972602738,1.7343583561643842e-05,4.554512489927477e-09,0.0074507066354921915,0.00014123087780016115
S16,Shitalakshya,Rainy,Cu,adult,EPA,85.56,0.00011720547945205477,4.676498630136987e-07,1.7236099919419822e-08,0.0029301369863013694,3.897082191780822e-05,4.3090249798549555e-07,0.0,0.0,0.0,0.0029695387107171634,0.0
S16,Shitalakshya,Rainy,Cu,child,EPA,85.56,0.0002734794520547945,7.657424657534247e-07,1.0054391619661563e-08,0.006836986301369863,6.381187214611873e-05,2.5135979049153907e-07,0.0,0.0,0.0,0.006901049533306473,0.0
S16,Shitalakshya,Rainy,As,adult,EPA,13.92,1.906849315068493e-05,7.608328767123288e-08,2.8041901692183715e-09,0.06356164383561644,0.0006185633144002672,9.316246409363361e-06,2.8602739726027396e-05,2.784648328767123e-07,4.234327155519741e-08,0.06418952339642607,2.8923547830459305e-05
S16,Shitalakshya,Rainy,As,child,EPA,13.92,4.449315068493151e-05,1.2458082191780825e-07,1.6357775987107168e-09,0.14831050228310505,0.0010128522107138882,5.434477072128627e-06,6.673972602739726e-05,4.559658082191782e-07,2.4700241740531822e-08,0.14932878897089108,6.722039207735696e-05
S16,Shitalakshya,Rainy,Cd,adult,EPA,10.16,1.3917808219178082e-05,5.5532054794520565e-08,2.0467365028203062e-09,0.013917808219178082,0.0055532054794520565,2.0467365028203064e-06,8.768219178082191e-05,3.4985194520547954e-07,1.2894439967767929e-08,0.019473060435132958,8.804493816599517e-05
S16,Shitalakshya,Rainy,Cd,child,EPA,10.16,3.247488584474886e-05,9.092968036529681e-08,1.1939296266451786e-09,0.03247488584474886,0.00909296803652968,1.1939296266451787e-06,0.00020459178082191782,5.728569863013699e-07,7.521756647864625e-09,0.04156904781090519,0.00020517215956486706
S16,Shitalakshya,Rainy,Pb,adult,EPA,98.47,0.0001348904109589041,5.382127397260274e-07,1.983682514101531e-08,0.037469558599695585,0.0010251671232876713,5.63546168778844e-06,1.146568493150685e-06,4.574808287671233e-09,8.331466559226431e-10,0.038500361184671046,1.1519764480942788e-06
S16,Shitalakshya,Rainy,Pb,child,EPA,98.47,0.0003147442922374429,8.812840182648402e-07,1.1571481332258932e-08,0.08742897006595636,0.0016786362252663623,3.2873526512099235e-06,2.675326484018265e-06,7.490914155251142e-09,4.860022159548752e-10,0.08911089364387392,2.683303400389471e-06
S16,Shitalakshya,Rainy,Fe,adult,EPA,36500.0,0.05,0.00019950000000000002,7.3529411764705884e-06,0.07142857142857144,0.001425,1.050420168067227e-05,0.0,0.0,0.0,0.0728640756302521,0.0
S16,Shitalakshya,Rainy,Fe,child,EPA,36500.0,0.11666666666666667,0.0003266666666666667,4.28921568627451e-06,0.16666666666666669,0.002333333333333333,6.1274509803921575e-06,0.0,0.0,0.0,0.1690061274509804,0.0
S17,Shitalakshya,Rainy,Cr,adult,EPA,44.82,6.13972602739726e-05,2.4497506849315065e-07,9.029008863819501e-09,0.020465753424657535,0.0040829178082191775,0.00031569961062305945,3.06986301369863e-05,4.899501369863013e-06,3.7921837228041905e-07,0.02486437084349977,3.5977349879129735e-05
S17,Shitalakshya,Rainy,Cr,child,EPA,44.82,0.00014326027397260275,4.011287671232876e-07,5.266921837228042e-09,0.04775342465753425,0.006685479452054793,0.00018415810619678468,7.163013698630137e-05,8.022575342465753e-06,2.2121071716357775e-07,0.05462306221578583,7.98739230459307e-05
S17,Shitalakshya,Rainy,Ni,adult,EPA,50.63,6.935616438356163e-05,2.7673109589041106e-07,1.0199435938759066e-08,0.0034678082191780817,5.1246499238965005e-05,4.951182494543235e-07,5.825917808219177e-05,1.1622706027397265e-05,8.567526188557614e-09,0.0035195498366665007,6.98904516357776e-05
S17,Shitalakshya,Rainy,Ni,child,EPA,50.63,0.00016183105022831047,4.531269406392694e-07,5.949670964276121e-09,0.008091552511415523,8.391239641467952e-05,2.888189788483554e-07,0.0001359380821917808,1.9031331506849316e-05,4.997723609991941e-09,0.00817575372680905,0.0001549744114222401
S17,Shitalakshya,Rainy,Cu,adult,EPA,91.33,0.00012510958904109589,4.991872602739727e-07,1.8398468976631748e-08,0.003127739726027397,4.159893835616439e-05,4.599617244157937e-07,0.0,0.0,0.0,0.0031697986261079772,0.0
S17,Shitalakshya,Rainy,Cu,child,EPA,91.33,0.0002919223744292237,8.173826484018263e-07,1.073244023636852e-08,0.007298059360730592,6.81152207001522e-05,2.68311005909213e-07,0.0,0.0,0.0,0.007366442892436653,0.0
S17,Shitalakshya,Rainy,As,adult,EPA,15.84,2.1698630136986303e-05,8.657753424657535e-08,3.1909750201450443e-09,0.07232876712328769,0.00070388239224858,1.0601245914103138e-05,3.2547945205479456e-05,3.168737753424658e-07,4.818372280419017e-08,0.07304325076145038,3.2913002703626116e-05
S17,Shitalakshya,Rainy,As,child,EPA,15.84,5.063013698630137e-05,1.4176438356164384e-07,1.8614020950846091e-09,0.16876712328767127,0.0011525559639158035,6.184060116560164e-06,7.594520547945206e-05,5.188576438356164e-07,2.8107171635777596e-08,0.16992586331170365,7.649217029492345e-05
S17,Shitalakshya,Rainy,Cd,adult,EPA,9.42,1.2904109589041096e-05,5.1487397260273975e-08,1.8976631748589848e-09,0.012904109589041096,0.005148739726027397,1.8976631748589847e-06,8.12958904109589e-05,3.2437060273972605e-07,1.1955278001611604e-08,0.018054746978243354,8.163221629170024e-05
S17,Shitalakshya,Rainy,Cd,child,EPA,9.42,3.010958904109589e-05,8.43068493150685e-08,1.1069701853344077e-09,0.03010958904109589,0.00843068493150685,1.1069701853344077e-06,0.0001896904109589041,5.311331506849316e-07,6.973912167606768e-09,0.03854138094278808,0.00019022851802175664
S17,Shitalakshya,Rainy,Pb,adult,EPA,95.44,0.00013073972602739727,5.216515068493151e-07,1.9226430298146655e-08,0.03631659056316591,0.0009936219178082195,5.462054061973481e-06,1.1112876712328768e-06,4.434037808219179e-09,8.075100725221595e-10,0.037315674535036106,1.116529219113618e-06
S17,Shitalakshya,Rainy,Pb,child,EPA,95.44,0.0003050593607305936,8.541662100456622e-07,1.1215417673918883e-08,0.08473871131405378,0.001626983257229833,3.1861982028178647e-06,2.5930045662100458e-06,7.260412785388129e-09,4.710475423045932e-10,0.08636888076948643,2.600736026537739e-06
S17,Shitalakshya,Rainy,Fe,adult,EPA,25110.0,0.0343972602739726,0.00013724506849315072,5.058420628525383e-06,0.04913894324853229,0.0009803219178082193,7.2263151836076905e-06,0.0,0.0,0.0,0.050126491481524114,0.0
S17,Shitalakshya,Rainy,Fe,child,EPA,25110.0,0.08026027397260273,0.0002247287671232877,2.9507453666398068e-06,0.11465753424657533,0.0016052054794520548,4.215350523771153e-06,0.0,0.0,0.0,0.11626695507655116,0.0
S1,Dhaleshwari,Winter,Cr,adult,EPA,106.58,0.000146,5.8254e-07,2.1470588235294118e-08,0.048666666666666664,0.009708999999999999,0.0007507198683669271,7.3e-05,1.16508e-05,9.017647058823529e-07,0.05912638653503358,8.555256470588235e-05
S1,Dhaleshwari,Winter,Cr,child,EPA,106.58,0.00034066666666666664,9.53866666666667e-07,1.2524509803921568e-08,0.11355555555555555,0.01589777777777778,0.00043791992321404085,0.00017033333333333332,1.9077333333333338e-05,5.260294117647059e-07,0.12989125325654738,0.00018993669607843136
S1,Dhaleshwari,Winter,Ni,adult,EPA,34.35,4.705479452054794e-05,1.8774863013698633e-07,6.919822723609992e-09,0.002352739726027397,3.476826484018265e-05,3.3591372444708697e-07,3.952602739726027e-05,7.885442465753425e-06,5.812651087832393e-09,0.0023878439045920265,4.7417282514101526e-05
S1,Dhaleshwari,Winter,Ni,child,EPA,34.35,0.00010979452054794519,3.074246575342466e-07,4.036563255439162e-09,0.005489726027397259,5.693049213597159e-05,1.959496725941341e-07,9.222739726027395e-05,1.2911835616438358e-05,3.390713134568896e-09,0.005546852469205825,0.00010514262358984688
S1,Dhaleshwari,Winter,Cu,adult,EPA,69.95,9.582191780821917e-05,3.823294520547945e-07,1.4091458501208702e-08,0.002395547945205479,3.1860787671232875e-05,3.5228646253021755e-07,0.0,0.0,0.0,0.002427761019339242,0.0
S1,Dhaleshwari,Winter,Cu,child,EPA,69.95,0.00022358447488584474,6.260365296803653e-07,8.22001745903841e-09,0.005589611872146119,5.2169710806697106e-05,2.0550043647596025e-07,0.0,0.0,0.0,0.005641987083389291,0.0
S1,Dhaleshwari,Winter,As,adult,EPA,9.12,1.2493150684931504e-05,4.984767123287671e-08,1.837228041901692e-09,0.04164383561643835,0.0004052656197794854,6.1037476475139265e-06,1.8739726027397258e-05,1.8244247671232876e-07,2.774214343271555e-08,0.04205520498386535,1.8949910647542302e-05
S1,Dhaleshwari,Winter,As,child,EPA,9.12,2.9150684931506843e-05,8.162191780821916e-08,1.071716357775987e-09,0.09716894977168948,0.0006635928277090988,3.560519461049791e-06,4.372602739726026e-05,2.9873621917808215e-07,1.6182917002417402e-08,0.09783610311885962,4.404094653344076e-05
S1,Dhaleshwari,Winter,Cd,adult,EPA,4.43,6.068493150684931e-06,2.421328767123288e-08,8.924254633360192e-10,0.00606849315068493,0.0024213287671232876,8.924254633360192e-07,3.823150684931506e-05,1.5254371232876714e-07,5.622280419016921e-09,0.008490714343271553,3.838967284206285e-05
S1,Dhaleshwari,Winter,Cd,child,EPA,4.43,1.4159817351598172e-05,3.964748858447489e-08,5.205815202793445e-10,0.01415981735159817,0.003964748858447489,5.205815202793445e-07,8.920684931506848e-05,2.497791780821918e-07,3.2796635777598705e-09,0.01812508679156594,8.945990815672843e-05
S1,Dhaleshwari,Winter,Pb,adult,EPA,105.9,0.0001450684931506849,5.788232876712329e-07,2.1333601933924253e-08,0.04029680365296803,0.0011025205479452055,6.060682367592117e-06,1.2330821917808218e-06,4.91999794520548e-09,8.960112812248187e-10,0.041405384883280834,1.2388982010072521e-06
S1,Dhaleshwari,Winter,Pb,child,EPA,105.9,0.0003384931506849315,9.477808219178083e-07,1.2444601128122482e-08,0.09402587519025875,0.0018052968036529682,3.5353980477620686e-06,2.8771917808219176e-06,8.056136986301371e-09,5.226732473811442e-10,0.09583470739195947,2.8857705910556e-06
S1,Dhaleshwari,Winter,Fe,adult,EPA,29400.0,0.040273972602739724,0.00016069315068493155,5.922643029814665e-06,0.057534246575342465,0.0011478082191780823,8.460918614020951e-06,0.0,0.0,0.0,0.05869051571313457,0.0
S1,Dhaleshwari,Winter,Fe,child,EPA,29400.0,0.09397260273972603,0.00026312328767123284,3.4548751007252216e-06,0.13424657534246576,0.00187945205479452,4.935535858178888e-06,0.0,0.0,0.0,0.13613096293311847,0.0
S2,Dhaleshwari,Winter,Cr,adult,EPA,104.28,0.00014284931506849315,5.699687671232877e-07,2.1007252215954876e-08,0.04761643835616438,0.009499479452054795,0.0007345193082501705,7.142465753424657e-05,1.1399375342465754e-05,8.823045930701048e-07,0.057850437116469346,8.370633746978244e-05
S2,Dhaleshwari,Winter,Cr,child,EPA,104.28,0.0003333150684931507,9.332821917808219e-07,1.2254230459307011e-08,0.11110502283105023,0.01555470319634703,0.0004284695964792661,0.00016665753424657535,1.8665643835616438e-05,5.146776792908945e-07,0.12708819562387652,0.00018583785576148268
S2,Dhaleshwari,Winter,Ni,adult,EPA,27.1,3.712328767123287e-05,1.481219178082192e-07,5.459307010475423e-09,0.0018561643835616434,2.742998477929985e-05,2.6501490342113707e-07,3.118356164383561e-05,6.221120547945206e-06,4.585817888799355e-09,0.0018838593832443643,3.740926800966962e-05
S2,Dhaleshwari,Winter,Ni,child,EPA,27.1,8.662100456621002e-05,2.425388127853881e-07,3.1845957561106634e-09,0.004331050228310501,4.491459496025705e-05,1.5459202699566327e-07,7.276164383561642e-05,1.01866301369863e-05,2.6750604351329573e-09,0.004376119415297754,8.295094903303785e-05
S2,Dhaleshwari,Winter,Cu,adult,EPA,75.12,0.00010290410958904109,4.1058739726027396e-07,1.5132957292506043e-08,0.002572602739726027,3.421561643835616e-05,3.7832393231265107e-07,0.0,0.0,0.0,0.002607196680096696,0.0
S2,Dhaleshwari,Winter,Cu,child,EPA,75.12,0.0002401095890410959,6.723068493150685e-07,8.827558420628526e-09,0.006002739726027397,5.602557077625571e-05,2.2068896051571314e-07,0.0,0.0,0.0,0.0060589859857641684,0.0
S2,Dhaleshwari,Winter,As,adult,EPA,13.79,1.889041095890411e-05,7.53727397260274e-08,2.778001611603545e-09,0.06296803652968037,0.0006127865018376211,9.229241234563273e-06,2.8335616438356166e-05,2.7586422739726027e-07,4.194782433521353e-08,0.06359005227275255,2.865342849008864e-05
S2,Dhaleshwari,Winter,As,child,EPA,13.79,4.4077625570776256e-05,1.2341735159817353e-07,1.6205009401020679e-09,0.1469254185692542,0.001003393102424175,5.383724053495242e-06,6.611643835616438e-05,4.5170750684931514e-07,2.4469564195541225e-08,0.14793419539573185,6.659261542720924e-05
S2,Dhaleshwari,Winter,Cd,adult,EPA,3.82,5.232876712328766e-06,2.0879178082191778e-08,7.695406929895244e-10,0.005232876712328766,0.0020879178082191777,7.695406929895243e-07,3.296712328767123e-05,1.315388219178082e-07,4.8481063658340036e-09,0.007321564061240933,3.310351021595487e-05
S2,Dhaleshwari,Winter,Cd,child,EPA,3.82,1.2210045662100455e-05,3.418812785388128e-08,4.4889873757722256e-10,0.012210045662100455,0.0034188127853881276,4.4889873757722254e-07,7.692328767123287e-05,2.1538520547945206e-07,2.828062046736502e-09,0.01562930734622616,7.714150093875906e-05
S2,Dhaleshwari,Winter,Pb,adult,EPA,96.14,0.0001316986301369863,5.254775342465753e-07,1.936744560838034e-08,0.036582952815829524,0.001000909589041096,5.502115229653505e-06,1.1194383561643835e-06,4.466559041095891e-09,8.134327155519743e-10,0.037589364520100275,1.1247183479210314e-06
S2,Dhaleshwari,Winter,Pb,child,EPA,96.14,0.00030729680365296805,8.604310502283105e-07,1.129767660488853e-08,0.08536022323693557,0.001638916286149163,3.209567217297878e-06,2.6120228310502287e-06,7.3136639269406395e-09,4.745024174053184e-10,0.08700234909030202,2.619810997394575e-06
S2,Dhaleshwari,Winter,Fe,adult,EPA,32100.0,0.04397260273972603,0.00017545068493150687,6.466559226430298e-06,0.06281800391389433,0.0012532191780821919,9.237941752043283e-06,0.0,0.0,0.0,0.06408046103372857,0.0
S2,Dhaleshwari,Winter,Fe,child,EPA,32100.0,0.1026027397260274,0.00028728767123287674,3.7721595487510072e-06,0.14657534246575343,0.002052054794520548,5.388799355358582e-06,0.0,0.0,0.0,0.14863278605962935,0.0
S3,Dhaleshwari,Winter,Cr,adult,EPA,89.77,0.00012297260273972602,4.906606849315069e-07,1.8084206285253828e-08,0.04099086757990868,0.008177678082191782,0.0006323149050788051,6.148630136986301e-05,9.813213698630139e-06,7.595366639806608e-07,0.049800860567179264,7.205905173247382e-05
S3,Dhaleshwari,Winter,Cr,child,EPA,89.77,0.0002869360730593607,8.034210045662103e-07,1.0549120333064733e-08,0.09564535768645356,0.013390350076103504,0.00036885036129596964,0.00014346803652968035,1.6068420091324204e-05,4.4306305398871875e-07,0.10940455812385304,0.00015997951967499329
S3,Dhaleshwari,Winter,Ni,adult,EPA,59.33,8.127397260273973e-05,3.242831506849315e-07,1.1952054794520547e-08,0.004063698630136986,6.005243531202435e-05,5.801968346854634e-07,6.827013698630137e-05,1.3619892328767124e-05,1.0039726027397259e-08,0.004124331262283696,8.190006904109588e-05
S3,Dhaleshwari,Winter,Ni,child,EPA,59.33,0.0001896392694063927,5.309899543378995e-07,6.972031963470318e-09,0.009481963470319635,9.833147302553694e-05,3.384481535665203e-07,0.00015929698630136986,2.2301578082191778e-05,5.856506849315067e-09,0.00958063339149874,0.00018160442089041093
S3,Dhaleshwari,Winter,Cu,adult,EPA,71.13,9.743835616438356e-05,3.887790410958904e-07,1.432917002417405e-08,0.002435958904109589,3.239825342465753e-05,3.5822925060435126e-07,0.0,0.0,0.0,0.002468715386784851,0.0
S3,Dhaleshwari,Winter,Cu,child,EPA,71.13,0.00022735616438356165,6.365972602739727e-07,8.35868251410153e-09,0.005683904109589041,5.304977168949772e-05,2.0896706285253827e-07,0.0,0.0,0.0,0.005737162848341391,0.0
S3,Dhaleshwari,Winter,As,adult,EPA,26.17,3.5849315068493154e-05,1.430387671232877e-07,5.2719580983078175e-09,0.1194977168949772,0.0011629168058803878,1.751481095783328e-05,5.3773972602739735e-05,5.23521887671233e-07,7.960656728444805e-08,0.12067814851181542,5.437710105769541e-05
S3,Dhaleshwari,Winter,As,child,EPA,26.17,8.364840182648402e-05,2.3421552511415525e-07,3.0753088906795603e-09,0.27882800608828007,0.0019041912610906929,1.021697305873608e-05,0.00012547260273972603,8.572288219178082e-07,4.643716424926136e-08,0.2807424143224295,0.0001263762687258931
S3,Dhaleshwari,Winter,Cd,adult,EPA,2.95,4.041095890410959e-06,1.6123972602739725e-08,5.942788074133764e-10,0.004041095890410958,0.0016123972602739723,5.942788074133764e-07,2.545890410958904e-05,1.0158102739726027e-07,3.743956486704271e-09,0.005654087429492344,2.5564229093473004e-05
S3,Dhaleshwari,Winter,Cd,child,EPA,2.95,9.429223744292236e-06,2.640182648401826e-08,3.4666263765780283e-10,0.009429223744292236,0.0026401826484018258,3.466626376578028e-07,5.9404109589041085e-05,1.6633150684931503e-07,2.183974617244158e-09,0.012069753055331721,5.957262507050764e-05
S3,Dhaleshwari,Winter,Pb,adult,EPA,77.36,0.00010597260273972603,4.228306849315069e-07,1.558420628525383e-08,0.02943683409436834,0.0008053917808219179,4.427331331038019e-06,9.007671232876713e-07,3.5940608219178086e-09,6.545366639806608e-10,0.030246653206521295,9.050157207735698e-07
S3,Dhaleshwari,Winter,Pb,child,EPA,77.36,0.00024726940639269407,6.923543378995435e-07,9.0907869997314e-09,0.06868594622019279,0.0013187701674277018,2.5826099431055113e-06,2.1017899543378998e-06,5.88501187214612e-09,3.818130539887188e-10,0.07000729899756361,2.1080567792640344e-06
S3,Dhaleshwari,Winter,Fe,adult,EPA,27970.0,0.03831506849315068,0.00015287712328767124,5.634568896051572e-06,0.0547358121330724,0.0010919794520547945,8.049384137216531e-06,0.0,0.0,0.0,0.055835840969264416,0.0
S3,Dhaleshwari,Winter,Fe,child,EPA,27970.0,0.08940182648401826,0.00025032511415525114,3.286831856030083e-06,0.12771689497716895,0.0017880365296803651,4.695474080042976e-06,0.0,0.0,0.0,0.12950962698092938,0.0
S4,Dhaleshwari,Winter,Cr,adult,EPA,71.55,9.801369863013698e-05,3.910746575342467e-07,1.4413779210314262e-08,0.03267123287671232,0.0065179109589041115,0.0005039782940669322,4.900684931506849e-05,7.821493150684934e-06,6.053787268331991e-07,0.039693122129683366,5.743372119258662e-05
S4,Dhaleshwari,Winter,Cr,child,EPA,71.55,0.0002286986301369863,6.403561643835616e-07,8.40803787268332e-09,0.07623287671232876,0.010672602739726025,0.0002939873382057105,0.00011434931506849314,1.2807123287671231e-05,3.5313759065269944e-07,0.08719946679026049,0.00012750957594681708
S4,Dhaleshwari,Winter,Ni,adult,EPA,49.17,6.735616438356162e-05,2.68751095890411e-07,9.905318291700244e-09,0.003367808219178081,4.976872146118722e-05,4.808406937718565e-07,5.657917808219176e-05,1.1287546027397263e-05,8.320467365028204e-09,0.00341805778133304,6.787504457695405e-05
S4,Dhaleshwari,Winter,Ni,child,EPA,49.17,0.0001571643835616438,4.4006027397260274e-07,5.778102336825142e-09,0.00785821917808219,8.149264332825976e-05,2.8049040470024963e-07,0.00013201808219178077,1.8482531506849316e-05,4.8536059629331195e-09,0.007939992311815148,0.00015050546730459302
S4,Dhaleshwari,Winter,Cu,adult,EPA,92.34,0.0001264931506849315,5.047076712328768e-07,1.8601933924254637e-08,0.0031623287671232875,4.205897260273973e-05,4.650483481063659e-07,0.0,0.0,0.0,0.0032048527880741335,0.0
S4,Dhaleshwari,Winter,Cu,child,EPA,92.34,0.0002951506849315068,8.264219178082192e-07,1.0851128122481873e-08,0.00737876712328767,6.886849315068493e-05,2.7127820306204683e-07,0.0,0.0,0.0,0.007447906894641416,0.0
S4,Dhaleshwari,Winter,As,adult,EPA,25.35,3.4726027397260275e-05,1.3855684931506849e-07,5.106768734891217e-09,0.11575342465753426,0.0011264784497160038,1.6966009086017332e-05,5.208904109589041e-05,5.071180684931507e-07,7.711220789685736e-08,0.11689686911633627,5.2673271372280416e-05
S4,Dhaleshwari,Winter,As,child,EPA,25.35,8.102739726027397e-05,2.2687671232876712e-07,2.9789484286865432e-09,0.27009132420091325,0.0018445261164940414,9.896838633510111e-06,0.00012154109589041096,8.303687671232877e-07,4.49821212731668e-08,0.2719457471560408,0.00012241644677880742
S4,Dhaleshwari,Winter,Cd,adult,EPA,2.36,3.2328767123287667e-06,1.2899178082191782e-08,4.75423045930701e-10,0.0032328767123287667,0.001289917808219178,4.7542304593070105e-07,2.036712328767123e-05,8.126482191780822e-08,2.9951651893634167e-09,0.004523269943593876,2.0451383274778402e-05
S4,Dhaleshwari,Winter,Cd,child,EPA,2.36,7.543378995433789e-06,2.1121461187214612e-08,2.773301101262423e-10,0.007543378995433789,0.002112146118721461,2.7733011012624225e-07,4.752328767123287e-05,1.3306520547945205e-07,1.7471796937953264e-09,0.009655802444265376,4.7658100056406116e-05
S4,Dhaleshwari,Winter,Pb,adult,EPA,90.48,0.00012394520547945204,4.945413698630138e-07,1.822723609991942e-08,0.034429223744292234,0.0009419835616438359,5.178192073840744e-06,1.0535342465753423e-06,4.203601643835618e-09,7.655439161966156e-10,0.03537638549800991,1.0585033921353746e-06
S4,Dhaleshwari,Winter,Pb,child,EPA,90.48,0.0002892054794520548,8.097753424657536e-07,1.0632554391619661e-08,0.08033485540334855,0.0015424292237442927,3.0206120430737674e-06,2.4582465753424657e-06,6.883090410958907e-09,4.465672844480258e-10,0.08188030523913592,2.4655762330378728e-06
S4,Dhaleshwari,Winter,Fe,adult,EPA,25780.0,0.03531506849315068,0.00014090712328767126,5.193392425463336e-06,0.050450097847358114,0.0010064794520547946,7.419132036376196e-06,0.0,0.0,0.0,0.051463996431449284,0.0
S4,Dhaleshwari,Winter,Fe,child,EPA,25780.0,0.08240182648401825,0.00023072511415525115,3.0294789148536126e-06,0.11771689497716895,0.0016480365296803652,4.327827021219447e-06,0.0,0.0,0.0,0.11936925933387052,0.0
S5,Dhaleshwari,Winter,Cr,adult,EPA,100.15,0.0001371917808219178,5.473952054794522e-07,2.0175261885576147e-08,0.045730593607305935,0.009123253424657536,0.0007054287372579072,6.85958904109589e-05,1.0947904109589045e-05,8.473609991941982e-07,0.05555927576922138,8.039115551974215e-05
S5,Dhaleshwari,Winter,Cr,child,EPA,100.15,0.0003201141552511415,8.963196347031963e-07,1.1768902766586087e-08,0.10670471841704716,0.014938660578386605,0.00041150009673377927,0.00016005707762557076,1.7926392694063926e-05,4.942939161966156e-07,0.12205487909216756,0.0001784777642358313
S5,Dhaleshwari,Winter,Ni,adult,EPA,50.68,6.942465753424657e-05,2.7700438356164385e-07,1.0209508460918613e-08,0.003471232876712328,5.129710806697108e-05,4.956072068407094e-07,5.8316712328767114e-05,1.1634184109589042e-05,8.575987107171635e-09,0.00352302559198614,6.995947242546333e-05
S5,Dhaleshwari,Winter,Ni,child,EPA,50.68,0.00016199086757990867,4.535744292237443e-07,5.955546602202525e-09,0.008099543378995433,8.399526467106376e-05,2.8910420399041383e-07,0.00013607232876712327,1.905012602739726e-05,5.002659145850121e-09,0.008183827747870487,0.00015512745745366639
S5,Dhaleshwari,Winter,Cu,adult,EPA,100.22,0.0001372876712328767,5.477778082191783e-07,2.0189363416599516e-08,0.0034321917808219173,4.564815068493152e-05,5.047340854149879e-07,0.0,0.0,0.0,0.003478344665592264,0.0
S5,Dhaleshwari,Winter,Cu,child,EPA,100.22,0.000320337899543379,8.969461187214612e-07,1.1777128659683051e-08,0.008008447488584475,7.47455098934551e-05,2.944282164920763e-07,0.0,0.0,0.0,0.008083487426694421,0.0
S5,Dhaleshwari,Winter,As,adult,EPA,28.37,3.886301369863013e-05,1.5506342465753428e-07,5.715149073327961e-09,0.12954337899543378,0.001260678249248246,1.8987206223680933e-05,5.82945205479452e-05,5.675321342465755e-07,8.629875100725221e-08,0.1308230444509057,5.894835143319903e-05
S5,Dhaleshwari,Winter,As,child,EPA,28.37,9.068036529680364e-05,2.539050228310503e-07,3.333836959441311e-09,0.3022678843226788,0.0020642684783012217,1.1075870297147213e-05,0.00013602054794520545,9.292923835616442e-07,5.034093808756379e-08,0.30434322867127717,0.00013700018126685463
S5,Dhaleshwari,Winter,Cd,adult,EPA,2.1,2.8767123287671228e-06,1.1478082191780822e-08,4.2304593070104753e-10,0.0028767123287671225,0.001147808219178082,4.2304593070104753e-07,1.8123287671232873e-05,7.231191780821918e-08,2.6651893634165992e-09,0.004024943593875906,1.8198264778404508e-05
S5,Dhaleshwari,Winter,Cd,child,EPA,2.1,6.712328767123287e-06,1.8794520547945203e-08,2.467767929089444e-10,0.006712328767123287,0.0018794520547945203,2.467767929089444e-07,4.228767123287671e-05,1.1840547945205477e-07,1.5546937953263496e-09,0.008592027598710715,4.240763140612409e-05
S5,Dhaleshwari,Winter,Pb,adult,EPA,79.1,0.00010835616438356163,4.323410958904109e-07,1.5934730056406124e-08,0.030098934550989342,0.0008235068493150685,4.526911947842649e-06,9.21027397260274e-07,3.6748993150684928e-09,6.692586623690572e-10,0.03092696831225225,9.253715552377115e-07
S5,Dhaleshwari,Winter,Pb,child,EPA,79.1,0.00025283105022831046,7.079269406392693e-07,9.29525919957024e-09,0.0702308472856418,0.0013484322678843227,2.640698636241545e-06,2.149063926940639e-06,6.0173789954337896e-09,3.904008863819501e-10,0.07158192025216237,2.1554717068224546e-06
S5,Dhaleshwari,Winter,Fe,adult,EPA,36480.0,0.04997260273972602,0.00019939068493150688,7.3489121676067685e-06,0.0713894324853229,0.0014242191780821918,1.0498445953723956e-05,0.0,0.0,0.0,0.07282415010935882,0.0
S5,Dhaleshwari,Winter,Fe,child,EPA,36480.0,0.11660273972602739,0.00032648767123287666,4.286865431103949e-06,0.16657534246575342,0.0023320547945205475,6.124093473005641e-06,0.0,0.0,0.0,0.168913521353747,0.0
S6,Dhaleshwari,Winter,Cr,adult,EPA,86.2,0.00011808219178082192,4.7114794520547954e-07,1.7365028203062047e-08,0.039360730593607306,0.007852465753424659,0.0006071688182888828,5.904109589041096e-05,9.422958904109591e-06,7.293311845286059e-07,0.047820365165320844,6.919338597904916e-05
S6,Dhaleshwari,Winter,Cr,child,EPA,86.2,0.00027552511415525116,7.714703196347031e-07,1.0129599785119527e-08,0.09184170471841704,0.012857838660578385,0.0003541818106685149,0.00013776255707762558,1.5429406392694064e-05,4.2544319097502016e-07,0.10505372518966394,0.00015361740666129466
S6,Dhaleshwari,Winter,Ni,adult,EPA,23.32,3.194520547945205e-05,1.274613698630137e-07,4.697824335213537e-09,0.0015972602739726025,2.3603957382039573e-05,2.2804972501036587e-07,2.6833972602739722e-05,5.353377534246576e-06,3.9461724415793715e-09,0.0016210922810796526,3.219129630942787e-05
S6,Dhaleshwari,Winter,Ni,child,EPA,23.32,7.453881278538813e-05,2.0870867579908678e-07,2.7403975288745634e-09,0.0037269406392694063,3.864975477760866e-05,1.3302900625604677e-07,6.261260273972603e-05,8.765764383561645e-06,2.301933924254633e-09,0.0037657234230532707,7.138066905721192e-05
S6,Dhaleshwari,Winter,Cu,adult,EPA,189.14,0.0002590958904109589,1.0337926027397257e-06,3.810233682514102e-08,0.006477397260273973,8.614938356164381e-05,9.525584206285254e-07,0.0,0.0,0.0,0.006564499202256245,0.0
S6,Dhaleshwari,Winter,Cu,child,EPA,189.14,0.0006045570776255708,1.692759817351598e-06,2.2226363147998927e-08,0.015113926940639271,0.00014106331811263316,5.556590786999731e-07,0.0,0.0,0.0,0.015255545917830605,0.0
S6,Dhaleshwari,Winter,As,adult,EPA,14.2,1.945205479452055e-05,7.761369863013699e-08,2.860596293311845e-09,0.06484018264840184,0.0006310056799198129,9.503642170471247e-06,2.9178082191780824e-05,2.840661369863014e-07,4.319500402900886e-08,0.06548069197049214,2.9505343332796136e-05
S6,Dhaleshwari,Winter,As,child,EPA,14.2,4.5388127853881284e-05,1.2708675799086758e-07,1.6686811710985764e-09,0.15129375951293764,0.0010332256747225006,5.5437912661082276e-06,6.808219178082193e-05,4.6513753424657536e-07,2.5197085683588505e-08,0.15233252897892624,6.85725264007521e-05
S6,Dhaleshwari,Winter,Cd,adult,EPA,1.5,2.0547945205479454e-06,8.198630136986303e-09,3.021756647864625e-10,0.0020547945205479454,0.0008198630136986302,3.021756647864625e-07,1.2945205479452056e-05,5.165136986301371e-08,1.9037066881547137e-09,0.002874959709911362,1.2998760556003225e-05
S6,Dhaleshwari,Winter,Cd,child,EPA,1.5,4.7945205479452054e-06,1.3424657534246575e-08,1.7626913779210315e-10,0.004794520547945206,0.0013424657534246574,1.7626913779210315e-07,3.0205479452054792e-05,8.457534246575343e-08,1.1104955680902498e-09,0.006137162570507656,3.0291165290088635e-05
S6,Dhaleshwari,Winter,Pb,adult,EPA,63.44,8.690410958904111e-05,3.46747397260274e-07,1.2780016116035455e-08,0.02414003044140031,0.0006604712328767124,3.6306863966009813e-06,7.386849315068495e-07,2.947352876712329e-09,5.367606768734891e-10,0.024804132360673622,7.421690450604353e-07
S6,Dhaleshwari,Winter,Pb,child,EPA,63.44,0.00020277625570776258,5.677735159817352e-07,7.455009401020682e-09,0.056326737696600716,0.0010814733637747338,2.1179003980172393e-06,1.7235981735159821e-06,4.826074885844749e-09,3.131103948428687e-10,0.057410328960773464,1.7287373587966697e-06
S6,Dhaleshwari,Winter,Fe,adult,EPA,35130.0,0.04812328767123287,0.0001920119178082192,7.076954069298952e-06,0.06874755381604696,0.001371513698630137,1.0109934384712789e-05,0.0,0.0,0.0,0.0701291774490618,0.0
S6,Dhaleshwari,Winter,Fe,child,EPA,35130.0,0.1122876712328767,0.00031440547945205474,4.128223207091056e-06,0.16041095890410959,0.0022457534246575336,5.8974617244157944e-06,0.0,0.0,0.0,0.16266260979049152,0.0
S7,Dhaleshwari,Winter,Cr,adult,EPA,105.53,0.00014456164383561644,5.768009589041095e-07,2.1259065269943593e-08,0.04818721461187214,0.009613349315068492,0.0007433239604875382,7.228082191780822e-05,1.153601917808219e-05,8.928807413376309e-07,0.058543887887428175,8.470972183722803e-05
S7,Dhaleshwari,Winter,Cr,child,EPA,105.53,0.00033731050228310504,9.444694063926939e-07,1.2401121407467097e-08,0.11243683409436835,0.015741156773211563,0.00043360564361773066,0.00016865525114155252,1.8889388127853877e-05,5.208470991136181e-07,0.12861159651119763,0.00018806548636852
S7,Dhaleshwari,Winter,Ni,adult,EPA,22.18,3.0383561643835616e-05,1.2123041095890412e-07,4.468170829975826e-09,0.0015191780821917809,2.2450076103500763e-05,2.1690149660076825e-07,2.5522191780821916e-05,5.091677260273973e-06,3.753263497179693e-09,0.0015418450597918824,3.0617622304593065e-05
S7,Dhaleshwari,Winter,Ni,child,EPA,22.18,7.089497716894978e-05,1.9850593607305937e-07,2.606432984152565e-09,0.003544748858447489,3.676035853204803e-05,1.265258730171148e-07,5.955178082191781e-05,8.337249315068493e-06,2.1894037066881546e-09,0.003581635742852554,6.789121954069299e-05
S7,Dhaleshwari,Winter,Cu,adult,EPA,112.23,0.00015373972602739726,6.134215068493152e-07,2.2608783239323125e-08,0.0038434931506849315,5.11184589041096e-05,5.652195809830781e-07,0.0,0.0,0.0,0.0038951768291700245,0.0
S7,Dhaleshwari,Winter,Cu,child,EPA,112.23,0.00035872602739726026,1.0044328767123288e-06,1.3188456889605158e-08,0.008968150684931507,8.37027397260274e-05,3.2971142224012895e-07,0.0,0.0,0.0,0.009052183136079774,0.0
S7,Dhaleshwari,Winter,As,adult,EPA,21.37,2.927397260273973e-05,1.1680315068493153e-07,4.3049959709911365e-09,0.0975799086757991,0.0009496191112596059,1.4302312195983842e-05,4.391095890410959e-05,4.274995315068494e-07,6.500543916196616e-08,0.0985438300992547,4.440346387477841e-05
S7,Dhaleshwari,Winter,As,child,EPA,21.37,6.830593607305936e-05,1.912566210045662e-07,2.5112476497448293e-09,0.22768645357686457,0.001554931878085904,8.34301544765724e-06,0.00010245890410958905,6.999992328767123e-07,3.791983951114692e-08,0.22924972847039812,0.00010319682318197691
S7,Dhaleshwari,Winter,Cd,adult,EPA,1.36,1.8630136986301367e-06,7.433424657534247e-09,2.739726027397261e-10,0.0018630136986301368,0.0007433424657534247,2.739726027397261e-07,1.1736986301369862e-05,4.6830575342465755e-08,1.7260273972602743e-09,0.0026066301369863007,1.1785542904109587e-05
S7,Dhaleshwari,Winter,Cd,child,EPA,1.36,4.347031963470319e-06,1.2171689497716897e-08,1.5981735159817357e-10,0.0043470319634703195,0.0012171689497716897,1.5981735159817357e-07,2.738630136986301e-05,7.668164383561645e-08,1.0068493150684935e-09,0.005564360730593607,2.7463989863013694e-05
S7,Dhaleshwari,Winter,Pb,adult,EPA,40.55,5.5547945205479446e-05,2.2163630136986304e-07,8.168815471394037e-09,0.015429984779299846,0.0004221643835616439,2.320686213464215e-06,4.7215753424657533e-07,1.883908561643836e-09,3.430902497985496e-10,0.015854469849074956,4.743845330580177e-07
S7,Dhaleshwari,Winter,Pb,child,EPA,40.55,0.00012961187214611871,3.629132420091324e-07,4.765142358313188e-09,0.03600329781836631,0.0006912633181126333,1.3537336245207921e-06,1.1017009132420092e-06,3.0847625570776257e-09,2.0013597904915392e-10,0.03669591487010346,1.104985811778136e-06
S7,Dhaleshwari,Winter,Fe,adult,EPA,38900.0,0.05328767123287671,0.0002126178082191781,7.836422240128928e-06,0.0761252446183953,0.0015186986301369862,1.1194888914469898e-05,0.0,0.0,0.0,0.07765513813744676,0.0
S7,Dhaleshwari,Winter,Fe,child,EPA,38900.0,0.124337899543379,0.0003481461187214611,4.571246306741875e-06,0.1776255707762557,0.0024867579908675794,6.5303518667741075e-06,0.0,0.0,0.0,0.18011885911899006,0.0
S8,Turag,Winter,Cr,adult,EPA,18.19,2.4917808219178085e-05,9.942205479452056e-08,3.6643835616438356e-09,0.008305936073059362,0.0016570342465753425,0.00012812529935817606,1.2458904109589043e-05,1.988441095890411e-06,1.539041095890411e-07,0.010091095618992883,1.4601249315068495e-05
S8,Turag,Winter,Cr,child,EPA,18.19,5.814155251141553e-05,1.6279634703196346e-07,2.1375570776255706e-09,0.019380517503805175,0.0027132724505327245,7.473975795893603e-05,2.9070776255707765e-05,3.2559269406392692e-06,8.977739726027396e-08,0.022168529712296835,3.2416480593607305e-05
S8,Turag,Winter,Ni,adult,EPA,81.17,0.00011119178082191781,4.4365520547945205e-07,1.635173247381144e-08,0.005559589041095891,8.21583713850837e-05,7.937734210588078e-07,9.340109589041096e-05,1.8633518630136988e-05,1.373545527800161e-08,0.005642541185902033,0.00011204834997582596
S8,Turag,Winter,Ni,child,EPA,81.17,0.0002594474885844749,7.264529680365297e-07,9.53851060972334e-09,0.012972374429223745,0.00013452832741417216,4.630344956176379e-07,0.0002179358904109589,3.0511024657534247e-05,8.012348912167606e-09,0.013107365791133535,0.0002484549274174053
S8,Turag,Winter,Cu,adult,EPA,100.19,0.00013724657534246575,5.476138356164383e-07,2.0183319903303786e-08,0.003431164383561644,4.5634486301369864e-05,5.045829975825946e-07,0.0,0.0,0.0,0.0034773034528605964,0.0
S8,Turag,Winter,Cu,child,EPA,100.19,0.00032024200913242007,8.966776255707761e-07,1.1773603276927209e-08,0.008006050228310501,7.472313546423134e-05,2.943400819231802e-07,0.0,0.0,0.0,0.008081067703856654,0.0
S8,Turag,Winter,As,adult,EPA,12.54,1.717808219178082e-05,6.854054794520548e-08,2.526188557614827e-09,0.05726027397260274,0.0005572402271967925,8.39265301533165e-06,2.576712328767123e-05,2.508584054794521e-07,3.814544721998389e-08,0.057825906852814864,2.6056127140370666e-05
S8,Turag,Winter,As,child,EPA,12.54,4.0082191780821916e-05,1.1223013698630137e-07,1.4736099919419823e-09,0.13360730593607306,0.0009124401381000111,4.895714258943463e-06,6.012328767123287e-05,4.1076230136986307e-07,2.225151087832393e-08,0.13452464178843201,6.055630148348106e-05
S8,Turag,Winter,Cd,adult,EPA,3.69,5.054794520547945e-06,2.0168630136986305e-08,7.433521353746978e-10,0.005054794520547945,0.0020168630136986306,7.433521353746978e-07,3.184520547945205e-05,1.2706236986301372e-07,4.683118452860597e-09,0.00707240088638195,3.197695096776792e-05
S8,Turag,Winter,Cd,child,EPA,3.69,1.1794520547945204e-05,3.302465753424658e-08,4.336220789685737e-10,0.011794520547945204,0.003302465753424658,4.336220789685737e-07,7.430547945205479e-05,2.0805534246575347e-07,2.7318190975020145e-09,0.015097419923448832,7.451626661361804e-05
S8,Turag,Winter,Pb,adult,EPA,233.47,0.0003198219178082192,1.2760894520547948e-06,4.703263497179693e-08,0.08883942161339423,0.0024306465753424662,1.3361544026078672e-05,2.7184863013698634e-06,1.0846760342465756e-08,1.975370668815471e-09,0.09128342973276277,2.7313084323811446e-06
S8,Turag,Winter,Pb,child,EPA,233.47,0.0007462511415525114,2.0895031963470317e-06,2.7435703733548207e-08,0.20729198376458652,0.003980006088280061,7.794234015212558e-06,6.343134703196348e-06,1.7760777168949772e-08,1.1522995568090248e-09,0.21127978408688178,6.362047779922106e-06
S8,Turag,Winter,Fe,adult,EPA,44210.0,0.06056164383561643,0.00024164095890410954,8.906124093473006e-06,0.08651663405088061,0.001726006849315068,1.2723034419247153e-05,0.0,0.0,0.0,0.08825536393461493,0.0
S8,Turag,Winter,Fe,child,EPA,44210.0,0.141310502283105,0.0003956694063926941,5.19523905452592e-06,0.20187214611872142,0.0028262100456621004,7.421770077894172e-06,0.0,0.0,0.0,0.20470577793446143,0.0
S9,Turag,Winter,Cr,adult,EPA,17.16,2.3506849315068488e-05,9.37923287671233e-08,3.4568896051571315e-09,0.007835616438356162,0.001563205479452055,0.00012087026591458502,1.1753424657534244e-05,1.875846575342466e-06,1.4518936341659953e-07,0.009519692183722802,1.377446059629331e-05
S9,Turag,Winter,Cr,child,EPA,17.16,5.484931506849314e-05,1.5357808219178084e-07,2.01651893634166e-09,0.018283105022831047,0.0025596347031963474,7.050765511684126e-05,2.742465753424657e-05,3.071561643835617e-06,8.469379532634971e-08,0.020913247381144234,3.058091297340854e-05
S9,Turag,Winter,Ni,adult,EPA,85.22,0.00011673972602739727,4.6579150684931517e-07,1.716760676873489e-08,0.005836986301369864,8.625768645357688e-05,8.333789693560627e-07,9.80613698630137e-05,1.9563243287671237e-05,1.4420789685737308e-08,0.005924077366792797,0.00011763903394037067
S9,Turag,Winter,Ni,child,EPA,85.22,0.0002723926940639269,7.626995433789955e-07,1.0014437281762019e-08,0.013619634703196347,0.00014124065618129547,4.861377321243698e-07,0.0002288098630136986,3.203338082191781e-05,8.412127316680096e-09,0.013761361497109766,0.0002608516559629331
S9,Turag,Winter,Cu,adult,EPA,105.64,0.00014471232876712327,5.774021917808219e-07,2.1281224818694605e-08,0.0036178082191780816,4.8116849315068495e-05,5.320306204673651e-07,0.0,0.0,0.0,0.003666457099113617,0.0
S9,Turag,Winter,Cu,child,EPA,105.64,0.00033766210045662096,9.454538812785387e-07,1.2414047810905187e-08,0.008441552511415524,7.878782343987823e-05,3.1035119527262964e-07,0.0,0.0,0.0,0.008520650686050676,0.0
S9,Turag,Winter,As,adult,EPA,14.23,1.9493150684931504e-05,7.777767123287673e-08,2.8666398066075753e-09,0.06497716894977168,0.0006323387905111929,9.523720287732808e-06,2.9239726027397255e-05,2.846662767123289e-07,4.3286261079774385e-08,0.0656190314605706,2.956767856518936e-05
S9,Turag,Winter,As,child,EPA,14.23,4.548401826484018e-05,1.2735525114155252e-07,1.6722065538544188e-09,0.15161339421613396,0.0010354085458662806,5.555503501177471e-06,6.822602739726028e-05,4.6612021917808227e-07,2.5250318963201723e-08,0.15265435826550142,6.871739793540156e-05
S9,Turag,Winter,Cd,adult,EPA,5.14,7.0410958904109596e-06,2.8093972602739726e-08,1.0354552780016116e-09,0.007041095890410959,0.0028093972602739724,1.0354552780016115e-06,4.4358904109589046e-05,1.7699202739726027e-07,6.5233682514101525e-09,0.009851528605962933,4.454241950523772e-05
S9,Turag,Winter,Cd,child,EPA,5.14,1.642922374429224e-05,4.600182648401825e-08,6.040155788342734e-10,0.01642922374429224,0.004600182648401825,6.040155788342734e-07,0.0001035041095890411,2.89811506849315e-07,3.805298146655922e-09,0.0210300104082729,0.00010379772639403708
S9,Turag,Winter,Pb,adult,EPA,250.11,0.00034261643835616437,1.367039589041096e-06,5.038477034649477e-08,0.09517123287671232,0.00260388493150685,1.4313855212072378e-05,2.9122397260273974e-06,1.1619836506849317e-08,2.1161603545527806e-09,0.09778943166343124,2.9259757228887996e-06
S9,Turag,Winter,Pb,child,EPA,250.11,0.0007994383561643835,2.238427397260274e-06,2.9391116035455283e-08,0.2220662100456621,0.004263671232876713,8.349748873708887e-06,6.79522602739726e-06,1.902663287671233e-08,1.234426873489122e-09,0.22633823102741252,6.815487087147462e-06
S9,Turag,Winter,Fe,adult,EPA,43980.0,0.06024657534246575,0.00024038383561643837,8.859790491539081e-06,0.0860665362035225,0.0017170273972602738,1.2656843559341546e-05,0.0,0.0,0.0,0.08779622044434213,0.0
S9,Turag,Winter,Fe,child,EPA,43980.0,0.1405753424657534,0.00039361095890410957,5.168211120064464e-06,0.20082191780821915,0.002811506849315068,7.383158742949235e-06,0.0,0.0,0.0,0.20364080781627716,0.0
S10,Turag,Winter,Cr,adult,EPA,13.56,1.8575342465753426e-05,7.411561643835617e-08,2.731668009669621e-09,0.006191780821917808,0.0012352602739726028,9.551286747096578e-05,9.287671232876713e-06,1.4823123287671235e-06,1.1473005640612408e-07,0.007522553963361376,1.088471361804996e-05
S10,Turag,Winter,Cr,child,EPA,13.56,4.334246575342466e-05,1.2135890410958903e-07,1.5934730056406124e-09,0.014447488584474885,0.0020226484018264837,5.571583935806337e-05,2.167123287671233e-05,2.4271780821917807e-06,6.692586623690572e-08,0.016525852825659434,2.4165336825141014e-05
S10,Turag,Winter,Ni,adult,EPA,57.59,7.889041095890411e-05,3.1477273972602745e-07,1.1601531023368254e-08,0.003944520547945206,5.829124809741249e-05,5.631811176392356e-07,6.626794520547945e-05,1.3220455068493153e-05,9.745286059629334e-09,0.004003374977160258,7.949814556003223e-05
S10,Turag,Winter,Ni,child,EPA,57.59,0.00018407762557077624,5.154173515981735e-07,6.767559763631482e-09,0.009203881278538812,9.544765770336547e-05,3.2852231862288746e-07,0.00015462520547945203,2.164752876712329e-05,5.6847502014504446e-09,0.009299657458560802,0.00017627841899677676
S10,Turag,Winter,Cu,adult,EPA,98.65,0.00013513698630136984,5.391965753424658e-07,1.9873086220789686e-08,0.003378424657534246,4.493304794520548e-05,4.968271555197422e-07,0.0,0.0,0.0,0.0034238545326349713,0.0
S10,Turag,Winter,Cu,child,EPA,98.65,0.0003153196347031963,8.828949771689497e-07,1.1592633628793984e-08,0.007882990867579907,7.35745814307458e-05,2.898158407198496e-07,0.0,0.0,0.0,0.007956855264851372,0.0
S10,Turag,Winter,As,adult,EPA,19.87,2.721917808219178e-05,1.0860452054794523e-07,4.002820306204674e-09,0.09073059360730594,0.0008829635816906116,1.3298406332905893e-05,4.082876712328767e-05,3.9749254520547957e-07,6.044258662369057e-08,0.09162685559532946,4.128670225511684e-05
S10,Turag,Winter,As,child,EPA,19.87,6.351141552511415e-05,1.7783196347031962e-07,2.3349785119527264e-09,0.2117047184170472,0.0014457883208969075,7.757403694195104e-06,9.526712328767123e-05,6.508649863013698e-07,3.525817553048617e-08,0.21315826414163827,9.595324644950308e-05
S10,Turag,Winter,Cd,adult,EPA,2.9,3.972602739726027e-06,1.5850684931506848e-08,5.842062852538276e-10,0.003972602739726027,0.0015850684931506846,5.842062852538276e-07,2.5027397260273972e-05,9.985931506849313e-08,3.6804995970991137e-09,0.005558255439161966,2.5130937074939564e-05
S10,Turag,Winter,Cd,child,EPA,2.9,9.269406392694064e-06,2.595433789954338e-08,3.407869997313994e-10,0.009269406392694064,0.0025954337899543375,3.407869997313994e-07,5.83972602739726e-05,1.635123287671233e-07,2.1469580983078164e-09,0.011865180969648132,5.856291956083803e-05
S10,Turag,Winter,Pb,adult,EPA,217.8,0.0002983561643835616,1.190441095890411e-06,4.387590652699436e-08,0.08287671232876712,0.0022675068493150687,1.2464746172441578e-05,2.536027397260274e-06,1.0118749315068493e-08,1.8427880741337632e-09,0.08515668392425463,2.5479889346494764e-06
S10,Turag,Winter,Pb,child,EPA,217.8,0.0006961643835616438,1.9492602739726025e-06,2.5594278807413375e-08,0.19337899543378995,0.003712876712328767,7.271101933924254e-06,5.917397260273973e-06,1.6568712328767122e-08,1.0749597099113617e-09,0.19709914324805264,5.9350409323126515e-06
S10,Turag,Winter,Fe,adult,EPA,47390.0,0.06491780821917809,0.00025902205479452057,9.546736502820306e-06,0.09273972602739727,0.0018501575342465752,1.363819500402901e-05,0.0,0.0,0.0,0.09460352175664787,0.0
S10,Turag,Winter,Fe,child,EPA,47390.0,0.15147488584474886,0.00042412968036529674,5.568929626645179e-06,0.21639269406392694,0.0030294977168949765,7.955613752350255e-06,0.0,0.0,0.0,0.21943014739457428,0.0
S11,Buriganga,Winter,Cr,adult,EPA,93.3,0.00012780821917808218,5.09954794520548e-07,1.879532634971797e-08,0.04260273972602739,0.008499246575342467,0.0006571792429971318,6.390410958904109e-05,1.019909589041096e-05,7.894037066881547e-07,0.05175916554436699,7.48926091861402e-05
S11,Buriganga,Winter,Cr,child,EPA,93.3,0.0002982191780821918,8.350136986301369e-07,1.0963940370668815e-08,0.09940639269406393,0.013916894977168947,0.00038335455841499353,0.0001491095890410959,1.670027397260274e-05,4.604854955680902e-07,0.11370664222964787,0.00016627034850926674
S11,Buriganga,Winter,Ni,adult,EPA,71.63,9.812328767123289e-05,3.9151191780821915e-07,1.4429895245769538e-08,0.0049061643835616444,7.250220700152206e-05,7.004803517363853e-07,8.242356164383563e-05,1.6443500547945203e-05,1.2121112006446411e-08,0.004979367070914903,9.887918330378728e-05
S11,Buriganga,Winter,Ni,child,EPA,71.63,0.0002289543378995434,6.410721461187216e-07,8.417438893365564e-09,0.01144771689497717,0.00011871706409605955,4.0861353851289145e-07,0.00019232164383561646,2.6925030136986308e-05,7.070648670427074e-09,0.011566842572611744,0.00021925374462127318
S11,Buriganga,Winter,Cu,adult,EPA,177.37,0.00024297260273972599,9.694606849315068e-07,3.5731265108783236e-08,0.00607431506849315,8.078839041095889e-05,8.932816277195809e-07,0.0,0.0,0.0,0.006155996740531828,0.0
S11,Buriganga,Winter,Cu,child,EPA,177.37,0.0005669360730593606,1.5874210045662104e-06,2.0843237980123558e-08,0.014173401826484015,0.00013228508371385087,5.21080949503089e-07,0.0,0.0,0.0,0.01430620799114737,0.0
S11,Buriganga,Winter,As,adult,EPA,12.81,1.7547945205479454e-05,7.001630136986301e-08,2.58058017727639e-09,0.05849315068493152,0.0005692382225192115,8.573356070685682e-06,2.6321917808219183e-05,2.5625966301369863e-07,3.896676067687349e-08,0.05907096226352142,2.6617144231909754e-05
S11,Buriganga,Winter,As,child,EPA,12.81,4.094520547945206e-05,1.1464657534246574e-07,1.5053384367445608e-09,0.13648401826484022,0.0009320859783940304,5.001124374566647e-06,6.141780821917809e-05,4.1960646575342466e-07,2.2730610394842868e-08,0.13742110536760882,6.186014529532636e-05
S11,Buriganga,Winter,Cd,adult,EPA,7.1,9.726027397260275e-06,3.8806849315068496e-08,1.4302981466559226e-09,0.009726027397260275,0.003880684931506849,1.4302981466559226e-06,6.127397260273973e-05,2.444831506849315e-07,9.010878323932312e-09,0.01360814262691378,6.152746663174859e-05
S11,Buriganga,Winter,Cd,child,EPA,7.1,2.2694063926940642e-05,6.354337899543379e-08,8.343405855492882e-10,0.022694063926940643,0.006354337899543379,8.343405855492882e-07,0.00014297260273972605,4.003232876712329e-07,5.256345688960516e-09,0.029049236167069573,0.00014337818237308622
S11,Buriganga,Winter,Pb,adult,EPA,259.1,0.0003549315068493151,1.4161767123287675e-06,5.219580983078163e-08,0.09859208523592086,0.0026974794520547955,1.4828355065562963e-05,3.0169178082191783e-06,1.2037502054794525e-08,2.1922240128928284e-09,0.10130439304304123,3.031147534286866e-06
S11,Buriganga,Winter,Pb,child,EPA,259.1,0.0008281735159817352,2.3188858447488587e-06,3.044755573462262e-08,0.23004819888381534,0.004416925418569255,8.649873788245062e-06,7.03947488584475e-06,1.97105296803653e-08,1.2787973408541501e-09,0.23447377417617282,7.060464212865969e-06
S11,Buriganga,Winter,Fe,adult,EPA,40100.0,0.05493150684931507,0.00021917671232876712,8.078162771958099e-06,0.07847358121330725,0.0015655479452054792,1.1540232531368714e-05,0.0,0.0,0.0,0.0800506693910441,0.0
S11,Buriganga,Winter,Fe,child,EPA,40100.0,0.12817351598173515,0.00035888584474885846,4.712261616975557e-06,0.18310502283105023,0.0025634703196347032,6.731802309965082e-06,0.0,0.0,0.0,0.1856752249529949,0.0
S12,Buriganga,Winter,Cr,adult,EPA,118.1,0.0001617808219178082,6.455054794520548e-07,2.379129734085415e-08,0.0539269406392694,0.010758424657534247,0.0008318635433865087,8.08904109589041e-05,1.2910109589041096e-05,9.992344883158743e-07,0.06551722884019015,9.479975503626108e-05
S12,Buriganga,Winter,Cr,child,EPA,118.1,0.0003774885844748858,1.0569680365296803e-06,1.387825678216492e-08,0.12582952815829526,0.017616133942161338,0.00048525373364213006,0.0001887442922374429,2.1139360730593605e-05,5.828867848509266e-07,0.14393091583409873,0.00021046653975288743
S12,Buriganga,Winter,Ni,adult,EPA,79.25,0.00010856164383561643,4.3316095890410966e-07,1.596494762288477e-08,0.005428082191780821,8.021499238964994e-05,7.749974574215907e-07,9.11917808219178e-05,1.8192760273972607e-05,1.3410556003223206e-08,0.005509072181627893,0.00010939795165189362
S12,Buriganga,Winter,Ni,child,EPA,79.25,0.000253310502283105,7.092694063926941e-07,9.31288611334945e-09,0.01266552511415525,0.00013134618636901743,4.5208185016259464e-07,0.00021278082191780818,2.9789315068493155e-05,7.822824335213537e-09,0.012797323382374428,0.00024257795981063655
S12,Buriganga,Winter,Cu,adult,EPA,261.1,0.0003576712328767123,1.4271082191780827e-06,5.259871071716358e-08,0.008941780821917808,0.00011892568493150689,1.3149677679290895e-06,0.0,0.0,0.0,0.009062021474617243,0.0
S12,Buriganga,Winter,Cu,child,EPA,261.1,0.0008345662100456622,2.3367853881278547e-06,3.0682581251678754e-08,0.020864155251141554,0.00019473211567732122,7.670645312919688e-07,0.0,0.0,0.0,0.021059654431350168,0.0
S12,Buriganga,Winter,As,adult,EPA,9.32,1.2767123287671232e-05,5.094082191780822e-08,1.8775181305398872e-09,0.042557077625570774,0.000414153023722018,6.237601762590987e-06,1.9150684931506848e-05,1.8644340821917808e-07,2.8350523771152295e-08,0.04297746825105538,1.9365478863497177e-05
S12,Buriganga,Winter,As,child,EPA,9.32,2.978995433789954e-05,8.341187214611873e-08,1.095218909481601e-09,0.09929984779299848,0.0006781453020009653,3.638601028178076e-06,4.468493150684931e-05,3.052874520547946e-07,1.6537805533172174e-08,0.09998163169602763,4.500675676443728e-05
S12,Buriganga,Winter,Cd,adult,EPA,9.1,1.2465753424657534e-05,4.9738356164383564e-08,1.8331990330378728e-09,0.012465753424657533,0.004973835616438356,1.8331990330378728e-06,7.853424657534246e-05,3.1335164383561644e-07,1.1549153908138598e-08,0.017441422240128925,7.885914737308621e-05
S12,Buriganga,Winter,Cd,child,EPA,9.1,2.908675799086758e-05,8.144292237442923e-08,1.0693661026054258e-09,0.02908675799086758,0.008144292237442922,1.0693661026054258e-06,0.00018324657534246575,5.130904109589041e-07,6.7370064464141826e-09,0.03723211959441311,0.00018376640275987108
S12,Buriganga,Winter,Pb,adult,EPA,297.4,0.00040739726027397256,1.6255150684931506e-06,5.991136180499597e-08,0.11316590563165904,0.0030962191780821917,1.7020273240055673e-05,3.462876712328767e-06,1.381687808219178e-08,2.516277195809831e-09,0.11627914508298129,3.4792098676067686e-06
S12,Buriganga,Winter,Pb,child,EPA,297.4,0.000950593607305936,2.661662100456621e-06,3.494829438624765e-08,0.26405377980720446,0.005069832572298327,9.92849272336581e-06,8.080045662100456e-06,2.262412785388128e-08,1.4678283642224014e-09,0.26913354087222613,8.10413761831856e-06
S12,Buriganga,Winter,Fe,adult,EPA,44600.0,0.061095890410958906,0.00024377260273972603,8.984689766317486e-06,0.08727984344422701,0.0017412328767123287,1.2835271094739266e-05,0.0,0.0,0.0,0.08903391159203407,0.0
S12,Buriganga,Winter,Fe,child,EPA,44600.0,0.14255707762557077,0.0003991598173515982,5.241069030351867e-06,0.20365296803652969,0.0028511415525114153,7.487241471931239e-06,0.0,0.0,0.0,0.20651159683051304,0.0
S13,Balu,Winter,Cr,adult,EPA,17.11,2.343835616438356e-05,9.351904109589041e-08,3.4468170829975827e-09,0.007812785388127854,0.0015586506849315069,0.0001205180798250903,1.171917808219178e-05,1.8703808219178082e-06,1.4476631748589846e-07,0.009491954152884452,1.3734325221595488e-05
S13,Balu,Winter,Cr,child,EPA,17.11,5.468949771689497e-05,1.5313059360730592e-07,2.0106432984152566e-09,0.018229832572298325,0.002552176560121765,7.030221323130267e-05,2.7344748858447486e-05,3.0626118721461183e-06,8.444701853344077e-08,0.02085231134565139,3.0491807749127046e-05
S13,Balu,Winter,Ni,adult,EPA,39.41,5.3986301369863e-05,2.154053424657534e-07,7.939161966156325e-09,0.00269931506849315,3.9889878234398776e-05,3.853962119493362e-07,4.534849315068492e-05,9.047024383561644e-06,6.668896051571313e-09,0.002739590342939498,5.440218643029813e-05
S13,Balu,Winter,Ni,child,EPA,39.41,0.00012596803652968033,3.5271050228310494e-07,4.63117781359119e-09,0.006298401826484016,6.531675968205646e-05,2.2481445697044613e-07,0.00010581315068493148,1.4813841095890407e-05,3.8901893634165994e-09,0.006363943400623043,0.00012063088197018531
S13,Balu,Winter,Cu,adult,EPA,75.15,0.00010294520547945207,4.1075136986301374e-07,1.5139000805801773e-08,0.0025736301369863016,3.422928082191781e-05,3.784750201450443e-07,0.0,0.0,0.0,0.0026082378928283644,0.0
S13,Balu,Winter,Cu,child,EPA,75.15,0.0002402054794520548,6.725753424657535e-07,8.831083803384368e-09,0.00600513698630137,5.604794520547946e-05,2.207770950846092e-07,0.0,0.0,0.0,0.006061405708601934,0.0
S13,Balu,Winter,As,adult,EPA,7.49,1.026027397260274e-05,4.093849315068494e-08,1.5088638195004031e-09,0.034200913242009134,0.000332833277647845,5.012836609635891e-06,1.5390410958904107e-05,1.4983488493150688e-07,2.2783843674456086e-08,0.034538759356266616,1.5563029687510073e-05
S13,Balu,Winter,As,child,EPA,7.49,2.3940639269406394e-05,6.703378995433792e-08,8.801705613752352e-10,0.07980213089802132,0.0005449901622303896,2.9241546889542697e-06,3.591095890410959e-05,2.453436712328768e-07,1.3290575476766052e-08,0.08035004521494067,3.616959315081924e-05
S13,Balu,Winter,Cd,adult,EPA,2.31,3.1643835616438354e-06,1.2625890410958904e-08,4.653505237711524e-10,0.0031643835616438354,0.0012625890410958903,4.6535052377115236e-07,1.9935616438356162e-05,7.95431095890411e-08,2.93170829975826e-09,0.004427437953263497,2.0018091256244962e-05
S13,Balu,Winter,Cd,child,EPA,2.31,7.3835616438356164e-06,2.0673972602739726e-08,2.714544721998389e-10,0.007383561643835616,0.0020673972602739724,2.714544721998389e-07,4.651643835616438e-05,1.3024602739726028e-07,1.710163174858985e-09,0.009451230358581787,4.66483945467365e-05
S13,Balu,Winter,Pb,adult,EPA,64.1,8.780821917808219e-05,3.503547945205479e-07,1.29129734085415e-08,0.02439117199391172,0.0006673424657534246,3.6684583546992897e-06,7.463698630136987e-07,2.9780157534246575e-09,5.423448831587431e-10,0.025062182918019843,7.49890223650282e-07
S13,Balu,Winter,Pb,child,EPA,64.1,0.00020488584474885843,5.736803652968035e-07,7.532567821649207e-09,0.056912734652460675,0.0010927245053272447,2.139934040241252e-06,1.7415296803652968e-06,4.8762831050228295e-09,3.1636784850926673e-10,0.058007599091828156,1.7467223313188289e-06
S13,Balu,Winter,Fe,adult,EPA,30460.0,0.04172602739726027,0.00016648684931506856,6.136180499597099e-06,0.05960861056751468,0.0011891917808219182,8.765972142281571e-06,0.0,0.0,0.0,0.060806568320478885,0.0
S13,Balu,Winter,Fe,child,EPA,30460.0,0.0973607305936073,0.00027261004566210046,3.5794386247649744e-06,0.13908675799086756,0.001947214611872146,5.11348374966425e-06,0.0,0.0,0.0,0.14103908608648935,0.0
S14,Balu,Winter,Cr,adult,EPA,12.9,1.7671232876712326e-05,7.050821917808222e-08,2.5987107171635777e-09,0.0058904109589041085,0.0011751369863013702,9.086401108963559e-05,8.835616438356163e-06,1.4101643835616444e-06,1.0914585012087027e-07,0.007156411956295114,1.0354926672038679e-05
S14,Balu,Winter,Cr,child,EPA,12.9,4.123287671232876e-05,1.1545205479452055e-07,1.515914585012087e-09,0.01374429223744292,0.0019242009132420092,5.300400646895409e-05,2.061643835616438e-05,2.309041095890411e-06,6.366841257050766e-08,0.01572149715715388,2.2989147864625298e-05
S14,Balu,Winter,Ni,adult,EPA,25.78,3.531506849315069e-05,1.4090712328767126e-07,5.193392425463336e-09,0.0017657534246575345,2.609391171993912e-05,2.521064284205503e-07,2.9664657534246577e-05,5.918099178082193e-06,4.362449637389202e-09,0.0017920994428058943,3.558711916196616e-05
S14,Balu,Winter,Ni,child,EPA,25.78,8.240182648401827e-05,2.3072511415525115e-07,3.0294789148536126e-09,0.004120091324200913,4.272687299171317e-05,1.47062083245321e-07,6.921753424657534e-05,9.690454794520547e-06,2.5447622884770346e-09,0.004162965259275872,7.891053380338436e-05
S14,Balu,Winter,Cu,adult,EPA,79.57,0.00010899999999999999,4.3490999999999997e-07,1.6029411764705884e-08,0.0027249999999999996,3.62425e-05,4.007352941176471e-07,0.0,0.0,0.0,0.002761643235294117,0.0
S14,Balu,Winter,Cu,child,EPA,79.57,0.0002543333333333333,7.121333333333332e-07,9.350490196078431e-09,0.006358333333333332,5.9344444444444436e-05,2.3376225490196078e-07,0.0,0.0,0.0,0.006417911540032678,0.0
S14,Balu,Winter,As,adult,EPA,8.53,1.1684931506849313e-05,4.662287671232876e-08,1.718372280419017e-09,0.03894977168949772,0.0003790477781490143,5.7088780080366015e-06,1.752739726027397e-05,1.7063972876712327e-07,2.5947421434327154e-08,0.03933452834565476,1.7723984410475417e-05
S14,Balu,Winter,As,child,EPA,8.53,2.7264840182648397e-05,7.634155251141553e-08,1.0023838302444266e-09,0.090882800608828,0.0006206630285480937,3.3301788380213507e-06,4.089726027397259e-05,2.794100821917809e-07,1.5135995836690843e-08,0.09150679381621411,4.119180635200106e-05
S14,Balu,Winter,Cd,adult,EPA,1.53,2.0958904109589043e-06,8.362602739726028e-09,3.082191780821918e-10,0.002095890410958904,0.0008362602739726028,3.0821917808219176e-07,1.3204109589041097e-05,5.2684397260273976e-08,1.941780821917808e-09,0.002932458904109589,1.3258735767123288e-05
S14,Balu,Winter,Cd,child,EPA,1.53,4.89041095890411e-06,1.369315068493151e-08,1.797945205479452e-10,0.00489041095890411,0.001369315068493151,1.797945205479452e-07,3.080958904109589e-05,8.626684931506851e-08,1.1327054794520547e-09,0.006259905821917809,3.0896988595890416e-05
S14,Balu,Winter,Pb,adult,EPA,59.8,8.191780821917807e-05,3.2685205479452054e-07,1.2046736502820306e-08,0.022754946727549467,0.0006225753424657535,3.4223683246648594e-06,6.963013698630137e-07,2.778242465753425e-09,5.059629331184529e-10,0.023380944438339886,6.995855752618856e-07
S14,Balu,Winter,Pb,child,EPA,59.8,0.00019114155251141553,5.351963470319634e-07,7.027262959978512e-09,0.053094875697615423,0.001019421613394216,1.9963815227211682e-06,1.6247031963470322e-06,4.549168949771689e-09,2.9514504431909755e-10,0.05411629369253236,1.629547510341123e-06
S14,Balu,Winter,Fe,adult,EPA,31790.0,0.04354794520547945,0.00017375630136986305,6.404109589041096e-06,0.06221135029354208,0.0012411164383561645,9.148727984344423e-06,0.0,0.0,0.0,0.06346161545988259,0.0
S14,Balu,Winter,Fe,child,EPA,31790.0,0.10161187214611872,0.00028451324200913237,3.735730593607306e-06,0.1451598173515982,0.002032237442922374,5.336757990867581e-06,0.0,0.0,0.0,0.14719739155251144,0.0
S15,Shitalakshya,Winter,Cr,adult,EPA,80.03,0.00010963013698630138,4.374242465753425e-07,1.612207896857373e-08,0.03654337899543379,0.007290404109589041,0.0005637090548452353,5.481506849315069e-05,8.748484931506849e-06,6.771273166800967e-07,0.04439749215986807,6.424068074133764e-05
S15,Shitalakshya,Winter,Cr,child,EPA,80.03,0.00025580365296803655,7.162502283105023e-07,9.404546065001343e-09,0.08526788432267884,0.011937503805175038,0.0003288302819930539,0.00012790182648401828,1.4325004566210046e-05,3.949909347300564e-07,0.09753421840984694,0.00014262182198495837
S15,Shitalakshya,Winter,Ni,adult,EPA,28.1,3.8493150684931505e-05,1.5358767123287674e-07,5.6607574536663985e-09,0.0019246575342465751,2.8442161339421616e-05,2.747940511488543e-07,3.2334246575342466e-05,6.450682191780823e-06,4.755036261079774e-09,0.001953374489637146,3.878968380338437e-05
S15,Shitalakshya,Winter,Ni,child,EPA,28.1,8.98173515981735e-05,2.5148858447488583e-07,3.302108514638732e-09,0.004490867579908675,4.657196008794182e-05,1.6029652983683166e-07,7.544657534246574e-05,1.0562520547945204e-05,2.773771152296535e-09,0.004537599836526454,8.601186966156324e-05
S15,Shitalakshya,Winter,Cu,adult,EPA,105.2,0.0001441095890410959,5.749972602739725e-07,2.1192586623690572e-08,0.0036027397260273973,4.7916438356164376e-05,5.298146655922643e-07,0.0,0.0,0.0,0.003651185979049154,0.0
S15,Shitalakshya,Winter,Cu,child,EPA,105.2,0.00033625570776255704,9.415159817351597e-07,1.2362342197152834e-08,0.008406392694063927,7.845966514459663e-05,3.0905855492882085e-07,0.0,0.0,0.0,0.008485161417763452,0.0
S15,Shitalakshya,Winter,As,adult,EPA,20.68,2.8328767123287674e-05,1.1303178082191782e-07,4.165995165189364e-09,0.09442922374429226,0.0009189575676578684,1.3840515498967987e-05,4.249315068493151e-05,4.1369631780821924e-07,6.29065269943594e-08,0.09536202182744909,4.296975352973409e-05
S15,Shitalakshya,Winter,As,child,EPA,20.68,6.610045662100458e-05,1.8508127853881282e-07,2.430163846360462e-09,0.2203348554033486,0.001504725841778966,8.073634041064658e-06,9.915068493150687e-05,6.77397479452055e-07,3.6695474080042977e-08,0.22184765487916863,9.986477788503897e-05
S15,Shitalakshya,Winter,Cd,adult,EPA,9.11,1.2479452054794519e-05,4.9793013698630137e-08,1.835213537469782e-09,0.012479452054794518,0.004979301369863013,1.835213537469782e-06,7.862054794520547e-05,3.1369598630136983e-07,1.1561845286059626e-08,0.017460588638195003,7.89458057767929e-05
S15,Shitalakshya,Winter,Cd,child,EPA,9.11,2.911872146118721e-05,8.15324200913242e-08,1.0705412301907063e-09,0.02911872146118721,0.008153242009132419,1.0705412301907063e-06,0.00018344794520547942,5.136542465753425e-07,6.74440975020145e-09,0.03727303401154982,0.00018396834386180495
S15,Shitalakshya,Winter,Pb,adult,EPA,96.87,0.00013269863013698631,5.294675342465755e-07,1.951450443190975e-08,0.03686073059360731,0.0010085095890410962,5.5438933045198155e-06,1.1279383561643837e-06,4.5004740410958916e-09,8.196091861402096e-10,0.037874784075952926,1.1332584393916199e-06
S15,Shitalakshya,Winter,Pb,child,EPA,96.87,0.0003096301369863014,8.669643835616439e-07,1.138346091861402e-08,0.08600837138508373,0.0016513607305936077,3.233937760969892e-06,2.631856164383562e-06,7.369197260273974e-09,4.781053585817888e-10,0.0876629660534383,2.6397034670024177e-06
S15,Shitalakshya,Winter,Fe,adult,EPA,33460.0,0.04583561643835616,0.00018288410958904112,6.740531829170024e-06,0.06547945205479452,0.0013063150684931508,9.629331184528607e-06,0.0,0.0,0.0,0.0667953964544722,0.0
S15,Shitalakshya,Winter,Fe,child,EPA,33460.0,0.10694977168949771,0.0002994593607305936,3.931976900349181e-06,0.1527853881278539,0.002138995433789954,5.617109857641688e-06,0.0,0.0,0.0,0.15493000067150148,0.0
S16,Shitalakshya,Winter,Cr,adult,EPA,62.13,8.510958904109589e-05,3.395872602739727e-07,1.251611603545528e-08,0.028369863013698628,0.005659787671232878,0.0004376264348061287,4.2554794520547945e-05,6.791745205479454e-06,5.256768734891218e-07,0.03446727711973764,4.987221659951652e-05
S16,Shitalakshya,Winter,Cr,child,EPA,62.13,0.0001985890410958904,5.560493150684931e-07,7.301067687348913e-09,0.06619634703196346,0.009267488584474884,0.00025528208697024173,9.92945205479452e-05,1.1120986301369863e-05,3.0664484286865435e-07,0.0757191177034086,0.00011072215169218372
S16,Shitalakshya,Winter,Ni,adult,EPA,71.22,9.756164383561645e-05,3.892709589041096e-07,1.4347300564061243e-08,0.004878082191780823,7.208721461187214e-05,6.964709011680215e-07,8.195178082191781e-05,1.6349380273972602e-05,1.2051732473811444e-08,0.004950865877293863,9.831321282836423e-05
S16,Shitalakshya,Winter,Ni,child,EPA,71.22,0.00022764383561643838,6.374027397260273e-07,8.36925866236906e-09,0.011382191780821919,0.00011803754439370875,4.0627469234801256e-07,0.00019122082191780823,2.6770915068493147e-05,7.03017727639001e-09,0.011500635599907976,0.00021799876716357776
S16,Shitalakshya,Winter,Cu,adult,EPA,115.48,0.0001581917808219178,6.31185205479452e-07,2.3263497179693796e-08,0.003954794520547945,5.259876712328766e-05,5.815874294923449e-07,0.0,0.0,0.0,0.0040079748751007255,0.0
S16,Shitalakshya,Winter,Cu,child,EPA,115.48,0.0003691141552511415,1.0335196347031964e-06,1.357037335482138e-08,0.009227853881278537,8.612663622526637e-05,3.392593338705345e-07,0.0,0.0,0.0,0.009314319776837674,0.0
S16,Shitalakshya,Winter,As,adult,EPA,19.83,2.7164383561643828e-05,1.083858904109589e-07,3.994762288477035e-09,0.09054794520547943,0.0008811861009021049,1.327163550989048e-05,4.074657534246574e-05,3.966923589041096e-07,6.032091055600322e-08,0.09144240294189142,4.1203588611925854e-05
S16,Shitalakshya,Winter,As,child,EPA,19.83,6.33835616438356e-05,1.774739726027397e-07,2.3302780016116036e-09,0.21127853881278538,0.001442877826038534,7.741787380769447e-06,9.507534246575341e-05,6.495547397260273e-07,3.518719782433521e-08,0.21272915842620468,9.576008440330377e-05
S16,Shitalakshya,Winter,Cd,adult,EPA,14.93,2.0452054794520548e-05,8.160369863013699e-08,3.0076551168412575e-09,0.020452054794520547,0.008160369863013698,3.0076551168412573e-06,0.00012884794520547945,5.141033013698631e-07,1.894822723609992e-08,0.02861543231265109,0.00012938099673408542
S16,Shitalakshya,Winter,Cd,child,EPA,14.93,4.772146118721461e-05,1.3362009132420092e-07,1.7544654848240668e-09,0.04772146118721461,0.013362009132420092,1.7544654848240668e-06,0.000300645205479452,8.418065753424658e-07,1.1053132554391621e-08,0.061085224785119525,0.0003014980651873489
S16,Shitalakshya,Winter,Pb,adult,EPA,190.4,0.00026082191780821913,1.0406794520547946e-06,3.835616438356165e-08,0.07245053272450531,0.001982246575342466,1.0896637608966377e-05,2.2169863013698627e-06,8.845775342465755e-09,1.6109589041095893e-09,0.07444367593745674,2.2274430356164384e-06
S16,Shitalakshya,Winter,Pb,child,EPA,190.4,0.0006085844748858446,1.704036529680365e-06,2.2374429223744292e-08,0.16905124302384575,0.003245783866057838,6.356371938563719e-06,5.17296803652968e-06,1.4484310502283103e-08,9.397260273972604e-10,0.17230338326184216,5.188392073059361e-06
S16,Shitalakshya,Winter,Fe,adult,EPA,34100.0,0.046712328767123286,0.00018638219178082196,6.869460112812248e-06,0.06673189823874756,0.001331301369863014,9.81351444687464e-06,0.0,0.0,0.0,0.06807301312305744,0.0
S16,Shitalakshya,Winter,Fe,child,EPA,34100.0,0.10899543378995434,0.0003051872146118721,4.007185065807145e-06,0.15570776255707763,0.0021799086757990863,5.724550094010207e-06,0.0,0.0,0.0,0.15789339578297074,0.0
S17,Shitalakshya,Winter,Cr,adult,EPA,58.8,8.054794520547945e-05,3.2138630136986305e-07,1.184528605962933e-08,0.02684931506849315,0.005356438356164384,0.0004141708412457808,4.0273972602739725e-05,6.427726027397261e-06,4.975020145044319e-07,0.032619924265903315,4.7199200644641425e-05
S17,Shitalakshya,Winter,Cr,child,EPA,58.8,0.00018794520547945205,5.262465753424656e-07,6.909750201450443e-09,0.06264840182648401,0.00877077625570776,0.00024159965739337214,9.397260273972602e-05,1.0524931506849313e-05,2.902095084609186e-07,0.07166077773958514,0.00010478774375503625
S17,Shitalakshya,Winter,Ni,adult,EPA,69.53,9.524657534246574e-05,3.800338356164384e-07,1.400684931506849e-08,0.004762328767123287,7.037663622526636e-05,6.799441415081791e-07,8.000712328767122e-05,1.596142109589041e-05,1.1765753424657531e-08,0.004833385347490062,9.598031013698628e-05
S17,Shitalakshya,Winter,Ni,child,EPA,69.53,0.00022224200913242007,6.222776255707762e-07,8.17066210045662e-09,0.011112100456621003,0.00011523659732792152,3.966340825464378e-07,0.00018668328767123285,2.6135660273972602e-05,6.86335616438356e-09,0.01122773368803147,0.00021282581130136982
S17,Shitalakshya,Winter,Cu,adult,EPA,169.29,0.00023190410958904108,9.25297397260274e-07,3.410354552780016e-08,0.005797602739726027,7.710811643835617e-05,8.52588638195004e-07,0.0,0.0,0.0,0.005875563444802578,0.0
S17,Shitalakshya,Winter,Cu,child,EPA,169.29,0.0005411095890410959,1.5151068493150686e-06,1.989373489121676e-08,0.013527739726027397,0.00012625890410958906,4.97343372280419e-07,0.0,0.0,0.0,0.013654495973509267,0.0
S17,Shitalakshya,Winter,As,adult,EPA,21.77,2.9821917808219177e-05,1.1898945205479455e-07,4.3855761482675265e-09,0.09940639269406393,0.0009673939191446711,1.4570020426137962e-05,4.473287671232876e-05,4.355013945205481e-07,6.622219983883965e-08,0.10038835663363474,4.523460030668815e-05
S17,Shitalakshya,Winter,As,child,EPA,21.77,6.958447488584475e-05,1.9483652968036526e-07,2.558252753156057e-09,0.23194824961948252,0.0015840368266696362,8.499178581913811e-06,0.00010437671232876712,7.131016986301369e-07,3.862961657265646e-08,0.23354078562473407,0.00010512844364396991
S17,Shitalakshya,Winter,Cd,adult,EPA,12.7,1.73972602739726e-05,6.941506849315069e-08,2.5584206285253827e-09,0.0173972602739726,0.006941506849315069,2.5584206285253826e-06,0.00010960273972602738,4.3731493150684936e-07,1.611804995970991e-08,0.024341325543916194,0.00011005617270749394
S17,Shitalakshya,Winter,Cd,child,EPA,12.7,4.059360730593607e-05,1.13662100456621e-07,1.4924120333064733e-09,0.04059360730593607,0.011366210045662099,1.4924120333064733e-06,0.00025573972602739727,7.160712328767123e-07,9.402195809830782e-09,0.05196130976363148,0.0002564651994560838
S17,Shitalakshya,Winter,Pb,adult,EPA,210.65,0.00028856164383561644,1.1513609589041096e-06,4.2435535858178886e-08,0.08015601217656013,0.002193068493150685,1.205554995970991e-05,2.45277397260274e-06,9.786568150684933e-09,1.7822925060435133e-09,0.08236113621967052,2.4643428332594683e-06
S17,Shitalakshya,Winter,Pb,child,EPA,210.65,0.000673310502283105,1.8852694063926942e-06,2.4754062583937686e-08,0.18703069507864029,0.003590989345509894,7.032404143164115e-06,5.723139269406392e-06,1.6024789954337902e-08,1.039670628525383e-09,0.19062871682829333,5.740203729989256e-06
S17,Shitalakshya,Winter,Fe,adult,EPA,26710.0,0.03658904109589041,0.00014599027397260277,5.3807413376309425e-06,0.05227005870841488,0.0010427876712328769,7.686773339472775e-06,0.0,0.0,0.0,0.05332053315298723,0.0
S17,Shitalakshya,Winter,Fe,child,EPA,26710.0,0.08537442922374429,0.00023904840182648398,3.1387657802847164e-06,0.12196347031963471,0.0017074885844748854,4.483951114692452e-06,0.0,0.0,0.0,0.12367544285522429,0.0
S1,Dhaleshwari,Rainy,Cr,adult,Bangladesh,92.69,0.00012358666666666666,1.6993166666666667e-06,2.2718137254901962e-08,0.041195555555555555,0.028321944444444445,0.0007943404634581106,6.179333333333333e-05,3.398633333333333e-05,9.541617647058824e-07,0.0703118404634581,9.673382843137254e-05
S1,Dhaleshwari,Rainy,Cr,child,Bangladesh,92.69,0.00025668,1.1550599999999997e-06,1.0485294117647058e-08,0.08556,0.019250999999999994,0.0003666186754422048,0.00012834,2.3101199999999995e-05,4.4038235294117646e-07,0.10517761867544219,0.00015188158235294118
S1,Dhaleshwari,Rainy,Ni,adult,Bangladesh,19.18,2.5573333333333335e-05,3.516333333333333e-07,4.700980392156863e-09,0.0012786666666666667,6.511728395061727e-05,2.2820293165810011e-07,2.14816e-05,1.4768599999999998e-05,3.948823529411764e-09,0.0013440121535489421,3.625414882352941e-05
S1,Dhaleshwari,Rainy,Ni,child,Bangladesh,19.18,5.311384615384616e-05,2.3901230769230763e-07,2.169683257918552e-09,0.0026556923076923077,4.426153846153845e-05,1.0532442999604622e-07,4.461563076923077e-05,1.003851692307692e-05,1.8225339366515837e-09,0.002700059170583842,5.465597022624434e-05
S1,Dhaleshwari,Rainy,Cu,adult,Bangladesh,40.34,5.3786666666666664e-05,7.395666666666667e-07,9.887254901960785e-09,0.0013446666666666665,6.163055555555556e-05,2.471813725490196e-07,0.0,0.0,0.0,0.0014065444035947711,0.0
S1,Dhaleshwari,Rainy,Cu,child,Bangladesh,40.34,0.00011171076923076924,5.026984615384616e-07,4.563348416289593e-09,0.002792769230769231,4.189153846153846e-05,1.1408371040723982e-07,0.0,0.0,0.0,0.002834774852941177,0.0
S1,Dhaleshwari,Rainy,As,adult,Bangladesh,7.96,1.0613333333333332e-05,1.4593333333333333e-07,1.9509803921568624e-09,0.03537777777777778,0.0011864498644986448,6.481662432414825e-06,1.5919999999999997e-05,5.34116e-07,2.945980392156862e-08,0.03657070930470884,1.6483575803921563e-05
S1,Dhaleshwari,Rainy,As,child,Bangladesh,7.96,2.2043076923076923e-05,9.919384615384614e-08,9.004524886877827e-10,0.07347692307692308,0.0008064540337711067,2.9915365072683807e-06,3.3064615384615384e-05,3.630494769230769e-07,1.3596832579185517e-08,0.07428636864720145,3.344126169411764e-05
S1,Dhaleshwari,Rainy,Cd,adult,Bangladesh,2.66,3.546666666666667e-06,4.876666666666666e-08,6.519607843137254e-10,0.0035466666666666667,0.0048766666666666654,6.519607843137254e-07,2.2344e-05,3.072299999999999e-07,4.10735294117647e-09,0.008423985294117645,2.2655337352941178e-05
S1,Dhaleshwari,Rainy,Cd,child,Bangladesh,2.66,7.366153846153847e-06,3.3147692307692296e-08,3.0090497737556563e-10,0.007366153846153847,0.003314769230769229,3.009049773755656e-07,4.6406769230769233e-05,2.0883046153846147e-07,1.8957013574660635e-09,0.010681223981900452,4.661749539366516e-05
S1,Dhaleshwari,Rainy,Pb,adult,Bangladesh,50.73,6.764e-05,9.3005e-07,1.2433823529411762e-08,0.01878888888888889,0.0017715238095238096,3.5323362299465234e-06,5.7494e-07,7.905425e-09,5.22220588235294e-10,0.020563945034642647,5.833676455882354e-07
S1,Dhaleshwari,Rainy,Pb,child,Bangladesh,50.73,0.0001404830769230769,6.32173846153846e-07,5.738687782805429e-09,0.03902307692307692,0.0012041406593406591,1.6303090292060877e-06,1.1941061538461538e-06,5.373477692307691e-09,2.41024886877828e-10,0.04022884789144678,1.1997206564253394e-06
S1,Dhaleshwari,Rainy,Fe,adult,Bangladesh,26700.0,0.03560000000000001,0.0004895,6.544117647058824e-06,0.05085714285714287,0.0034964285714285713,9.34873949579832e-06,0.0,0.0,0.0,0.05436292016806724,0.0
S1,Dhaleshwari,Rainy,Fe,child,Bangladesh,26700.0,0.07393846153846154,0.0003327230769230769,3.0203619909502264e-06,0.10562637362637363,0.0023765934065934063,4.31480284421461e-06,0.0,0.0,0.0,0.10800728183581125,0.0
S2,Dhaleshwari,Rainy,Cr,adult,Bangladesh,88.4,0.00011786666666666665,1.620666666666667e-06,2.1666666666666665e-08,0.03928888888888889,0.027011111111111118,0.0007575757575757575,5.893333333333333e-05,3.241333333333334e-05,9.1e-07,0.06705757575757576,9.225666666666666e-05
S2,Dhaleshwari,Rainy,Cr,child,Bangladesh,88.4,0.00024480000000000004,1.1016e-06,1e-08,0.0816,0.018359999999999998,0.00034965034965034965,0.00012240000000000002,2.2032e-05,4.2e-07,0.10030965034965035,0.00014485200000000003
S2,Dhaleshwari,Rainy,Ni,adult,Bangladesh,17.21,2.2946666666666665e-05,3.1551666666666664e-07,4.218137254901962e-09,0.0011473333333333333,5.8429012345679e-05,2.047639444127166e-07,1.9275199999999998e-05,1.3251699999999999e-05,3.5432352941176478e-09,0.001205967109623425,3.253044323529411e-05
S2,Dhaleshwari,Rainy,Ni,child,Bangladesh,17.21,4.765846153846154e-05,2.144630769230769e-07,1.9468325791855206e-09,0.0023829230769230767,3.9715384615384614e-05,9.450643588279226e-08,4.003310769230769e-05,9.007449230769231e-06,1.6353393665158372e-09,0.0024227329679743443,4.9042192262443436e-05
S2,Dhaleshwari,Rainy,Cu,adult,Bangladesh,41.56,5.5413333333333334e-05,7.619333333333333e-07,1.018627450980392e-08,0.0013853333333333333,6.349444444444444e-05,2.54656862745098e-07,0.0,0.0,0.0,0.0014490824346405228,0.0
S2,Dhaleshwari,Rainy,Cu,child,Bangladesh,41.56,0.00011508923076923076,5.179015384615384e-07,4.701357466063349e-09,0.002877230769230769,4.315846153846153e-05,1.1753393665158371e-07,0.0,0.0,0.0,0.002920506764705882,0.0
S2,Dhaleshwari,Rainy,As,adult,Bangladesh,9.88,1.3173333333333333e-05,1.8113333333333333e-07,2.4215686274509807e-09,0.043911111111111116,0.0014726287262872627,8.045078496514886e-06,1.976e-05,6.62948e-07,3.656568627450981e-08,0.04539178491589489,2.0459513686274512e-05
S2,Dhaleshwari,Rainy,As,child,Bangladesh,9.88,2.7360000000000002e-05,1.2312e-07,1.1176470588235297e-09,0.09120000000000002,0.0010009756097560975,3.71311315223764e-06,4.104e-05,4.5061920000000006e-07,1.6876470588235298e-08,0.09220468872290835,4.1507495670588234e-05
S2,Dhaleshwari,Rainy,Cd,adult,Bangladesh,2.97,3.959999999999999e-06,5.445000000000001e-08,7.279411764705884e-10,0.003959999999999999,0.005445,7.279411764705883e-07,2.4947999999999996e-05,3.4303500000000005e-07,4.586029411764707e-09,0.009405727941176471,2.529562102941176e-05
S2,Dhaleshwari,Rainy,Cd,child,Bangladesh,2.97,8.224615384615385e-06,3.701076923076923e-08,3.359728506787331e-10,0.008224615384615384,0.003701076923076923,3.359728506787331e-07,5.181507692307692e-05,2.3316784615384616e-07,2.1166289592760183e-09,0.011926028280542986,5.2050361398190045e-05
S2,Dhaleshwari,Rainy,Pb,adult,Bangladesh,38.9,5.186666666666667e-05,7.131666666666666e-07,9.534313725490196e-09,0.014407407407407409,0.0013584126984126984,2.708611853832442e-06,4.4086666666666674e-07,6.061916666666667e-09,4.0044117647058824e-10,0.015768528717673938,4.4732902450980396e-07
S2,Dhaleshwari,Rainy,Pb,child,Bangladesh,38.9,0.0001077230769230769,4.847538461538461e-07,4.400452488687783e-09,0.029923076923076917,0.0009233406593406594,1.2501285479226656e-06,9.156461538461537e-07,4.1204076923076926e-09,1.848190045248869e-10,0.0308476677109655,9.199513805429862e-07
S2,Dhaleshwari,Rainy,Fe,adult,Bangladesh,34970.0,0.04662666666666667,0.0006411166666666666,8.57107843137255e-06,0.06660952380952381,0.004579404761904761,1.2244397759103644e-05,0.0,0.0,0.0,0.07120117296918767,0.0
S2,Dhaleshwari,Rainy,Fe,child,Bangladesh,34970.0,0.09684,0.00043578,3.9558823529411765e-06,0.13834285714285716,0.003112714285714285,5.651260504201681e-06,0.0,0.0,0.0,0.14146122268907563,0.0
S3,Dhaleshwari,Rainy,Cr,adult,Bangladesh,66.92,8.922666666666667e-05,1.2268666666666664e-06,1.6401960784313728e-08,0.029742222222222222,0.020447777777777773,0.0005734951323186618,4.4613333333333335e-05,2.453733333333333e-05,6.888823529411766e-07,0.05076349513231866,6.983954901960785e-05
S3,Dhaleshwari,Rainy,Cr,child,Bangladesh,66.92,0.0001853169230769231,8.339261538461538e-07,7.570135746606336e-09,0.061772307692307696,0.01389876923076923,0.00026469006107015164,9.265846153846155e-05,1.6678523076923076e-05,3.1794570135746615e-07,0.07593576698414707,0.00010965493031674209
S3,Dhaleshwari,Rainy,Ni,adult,Bangladesh,37.52,5.002666666666667e-05,6.878666666666667e-07,9.19607843137255e-09,0.0025013333333333337,0.0001273827160493827,4.4641157433847334e-07,4.2022400000000006e-05,2.88904e-05,7.724705882352942e-09,0.0026291624609570546,7.092052470588236e-05
S3,Dhaleshwari,Rainy,Ni,child,Bangladesh,37.52,0.00010390153846153845,4.6755692307692313e-07,4.244343891402716e-09,0.005195076923076923,8.658461538461539e-05,2.0603611123314154e-07,8.727729230769229e-05,1.963739076923077e-05,3.565248868778281e-09,0.005281867574572771,0.00010691824832579185
S3,Dhaleshwari,Rainy,Cu,adult,Bangladesh,49.47,6.596e-05,9.0695e-07,1.2125e-08,0.0016489999999999999,7.557916666666666e-05,3.0312499999999996e-07,0.0,0.0,0.0,0.0017248822916666666,0.0
S3,Dhaleshwari,Rainy,Cu,child,Bangladesh,49.47,0.00013699384615384618,6.164723076923076e-07,5.596153846153846e-09,0.003424846153846154,5.13726923076923e-05,1.3990384615384615e-07,0.0,0.0,0.0,0.00347635875,0.0
S3,Dhaleshwari,Rainy,As,adult,Bangladesh,15.48,2.064e-05,2.8379999999999993e-07,3.794117647058824e-09,0.0688,0.002307317073170731,1.2605042016806725e-05,3.096e-05,1.0387079999999997e-06,5.729117647058824e-08,0.07111992211518754,3.205599917647059e-05
S3,Dhaleshwari,Rainy,As,child,Bangladesh,15.48,4.286769230769231e-05,1.9290461538461537e-07,1.7511312217194572e-09,0.1428923076923077,0.0015683302063789868,5.817711700064642e-06,6.430153846153847e-05,7.060308923076923e-07,2.6442081447963802e-08,0.14446645561038673,6.503401143529412e-05
S3,Dhaleshwari,Rainy,Cd,adult,Bangladesh,2.1,2.8e-06,3.8499999999999994e-08,5.147058823529411e-10,0.0028,0.0038499999999999993,5.147058823529411e-07,1.7639999999999997e-05,2.4254999999999996e-07,3.242647058823529e-09,0.006650514705882352,1.788579264705882e-05
S3,Dhaleshwari,Rainy,Cd,child,Bangladesh,2.1,5.815384615384615e-06,2.616923076923077e-08,2.3755656108597284e-10,0.005815384615384615,0.0026169230769230766,2.3755656108597282e-07,3.663692307692307e-05,1.6486615384615385e-07,1.4966063348416288e-09,0.008432545248868776,3.680328583710407e-05
S3,Dhaleshwari,Rainy,Pb,adult,Bangladesh,32.79,4.3719999999999995e-05,6.011500000000001e-07,8.036764705882352e-09,0.012144444444444444,0.0011450476190476193,2.2831717914438498e-06,3.7162e-07,5.109775000000001e-09,3.375441176470588e-10,0.013291775235283507,3.7706731911764704e-07
S3,Dhaleshwari,Rainy,Pb,child,Bangladesh,32.79,9.080307692307692e-05,4.0861384615384615e-07,3.709276018099547e-09,0.025223076923076924,0.000778312087912088,1.0537715960510078e-06,7.718261538461539e-07,3.4732176923076924e-09,1.5578959276018098e-10,0.026002442782585063,7.754551611312217e-07
S3,Dhaleshwari,Rainy,Fe,adult,Bangladesh,23970.0,0.03196,0.00043945,5.875e-06,0.04565714285714286,0.003138928571428571,8.392857142857143e-06,0.0,0.0,0.0,0.04880446428571429,0.0
S3,Dhaleshwari,Rainy,Fe,child,Bangladesh,23970.0,0.06637846153846153,0.00029870307692307695,2.7115384615384617e-06,0.09482637362637361,0.0021335934065934065,3.873626373626374e-06,0.0,0.0,0.0,0.09696384065934063,0.0
S4,Dhaleshwari,Rainy,Cr,adult,Bangladesh,55.56,7.408e-05,1.0186e-06,1.361764705882353e-08,0.02469333333333333,0.016976666666666668,0.0004761415055532703,3.704e-05,2.0372e-05,5.719411764705883e-07,0.04214614150555327,5.7983941176470584e-05
S4,Dhaleshwari,Rainy,Cr,child,Bangladesh,55.56,0.00015385846153846155,6.923630769230768e-07,6.2850678733031674e-09,0.05128615384615385,0.011539384615384615,0.0002197576179476632,7.692923076923077e-05,1.3847261538461537e-05,2.63972850678733e-07,0.06304529607948613,9.104046515837105e-05
S4,Dhaleshwari,Rainy,Ni,adult,Bangladesh,26.08,3.477333333333333e-05,4.781333333333332e-07,6.392156862745097e-09,0.0017386666666666664,8.854320987654318e-05,3.102988768322863e-07,2.9209599999999996e-05,2.0081599999999994e-05,5.369411764705881e-09,0.0018275201754200418,4.929656941176469e-05
S4,Dhaleshwari,Rainy,Ni,child,Bangladesh,26.08,7.222153846153846e-05,3.2499692307692305e-07,2.950226244343891e-09,0.003611076923076923,6.0184615384615375e-05,1.4321486623028596e-07,6.0666092307692304e-05,1.3649870769230768e-05,2.4781900452488682e-09,0.0036714047533277687,7.431844126696832e-05
S4,Dhaleshwari,Rainy,Cu,adult,Bangladesh,69.77,9.302666666666665e-05,1.2791166666666667e-06,1.7100490196078428e-08,0.0023256666666666664,0.00010659305555555556,4.2751225490196067e-07,0.0,0.0,0.0,0.002432687234477124,0.0
S4,Dhaleshwari,Rainy,Cu,child,Bangladesh,69.77,0.00019320923076923072,8.694415384615384e-07,7.892533936651582e-09,0.004830230769230768,7.245346153846153e-05,1.9731334841628957e-07,0.0,0.0,0.0,0.0049028815441176455,0.0
S4,Dhaleshwari,Rainy,As,adult,Bangladesh,18.77,2.5026666666666665e-05,3.4411666666666667e-07,4.600490196078432e-09,0.08342222222222223,0.0027976964769647695,1.5284020584978178e-05,3.7539999999999996e-05,1.2594670000000001e-06,6.946740196078432e-08,0.08623520271977199,3.886893440196078e-05
S4,Dhaleshwari,Rainy,As,child,Bangladesh,18.77,5.197846153846153e-05,2.3390307692307688e-07,2.1233031674208146e-09,0.17326153846153847,0.0019016510318949338,7.054163346913006e-06,7.79676923076923e-05,8.560852615384614e-07,3.20618778280543e-08,0.17517024365678033,7.885583944705882e-05
S4,Dhaleshwari,Rainy,Cd,adult,Bangladesh,1.79,2.3866666666666665e-06,3.2816666666666666e-08,4.3872549019607837e-10,0.0023866666666666667,0.0032816666666666662,4.3872549019607834e-07,1.5035999999999998e-05,2.06745e-07,2.7639705882352936e-09,0.005668772058823528,1.5245508970588234e-05
S4,Dhaleshwari,Rainy,Cd,child,Bangladesh,1.79,4.9569230769230755e-06,2.2306153846153843e-08,2.0248868778280539e-10,0.004956923076923076,0.0022306153846153843,2.024886877828054e-07,3.1228615384615376e-05,1.405287692307692e-07,1.2756787330316738e-09,0.007187740950226243,3.1370419832579176e-05
S4,Dhaleshwari,Rainy,Pb,adult,Bangladesh,43.4,5.7866666666666666e-05,7.956666666666667e-07,1.0637254901960785e-08,0.016074074074074074,0.0015155555555555556,3.0219474153297685e-06,4.918666666666667e-07,6.763166666666667e-09,4.46764705882353e-10,0.017592651577044958,4.990765980392158e-07
S4,Dhaleshwari,Rainy,Pb,child,Bangladesh,43.4,0.00012018461538461539,5.408307692307692e-07,4.909502262443439e-09,0.03338461538461539,0.0010301538461538462,1.3947449609214315e-06,1.021569230769231e-06,4.597061538461539e-09,2.0619909502262445e-10,0.034416163975730156,1.0263724914027151e-06
S4,Dhaleshwari,Rainy,Fe,adult,Bangladesh,23990.0,0.03198666666666667,0.00043981666666666674,5.879901960784314e-06,0.0456952380952381,0.0031415476190476193,8.399859943977593e-06,0.0,0.0,0.0,0.0488451855742297,0.0
S4,Dhaleshwari,Rainy,Fe,child,Bangladesh,23990.0,0.06643384615384615,0.0002989523076923077,2.7138009049773757e-06,0.0949054945054945,0.002135373626373626,3.876858435681966e-06,0.0,0.0,0.0,0.09704474499030381,0.0
S5,Dhaleshwari,Rainy,Cr,adult,Bangladesh,64.5,8.599999999999999e-05,1.1825e-06,1.5808823529411764e-08,0.028666666666666663,0.01970833333333333,0.0005527560674619498,4.2999999999999995e-05,2.365e-05,6.63970588235294e-07,0.04892775606746194,6.731397058823528e-05
S5,Dhaleshwari,Rainy,Cr,child,Bangladesh,64.5,0.0001786153846153846,8.037692307692308e-07,7.296380090497738e-09,0.05953846153846153,0.013396153846153846,0.00025511818498243836,8.93076923076923e-05,1.6075384615384617e-05,3.06447963800905e-07,0.07318973356959782,0.00010568952488687783
S5,Dhaleshwari,Rainy,Ni,adult,Bangladesh,30.62,4.082666666666666e-05,5.613666666666666e-07,7.504901960784314e-09,0.002041333333333333,0.00010395679012345678,3.6431562916428706e-07,3.4294399999999995e-05,2.35774e-05,6.304117647058823e-09,0.002145654439085954,5.787810411764705e-05
S5,Dhaleshwari,Rainy,Ni,child,Bangladesh,30.62,8.479384615384615e-05,3.815723076923077e-07,3.4638009049773755e-09,0.004239692307692308,7.066153846153847e-05,1.6814567499890173e-07,7.122683076923076e-05,1.6026036923076923e-05,2.9095927601809954e-09,0.004310521991828846,8.725577728506787e-05
S5,Dhaleshwari,Rainy,Cu,adult,Bangladesh,73.19,9.758666666666667e-05,1.3418166666666665e-06,1.793872549019608e-08,0.0024396666666666664,0.00011181805555555554,4.48468137254902e-07,0.0,0.0,0.0,0.0025519331903594766,0.0
S5,Dhaleshwari,Rainy,Cu,child,Bangladesh,73.19,0.00020268,9.120599999999998e-07,8.279411764705882e-09,0.005067,7.600499999999997e-05,2.0698529411764706e-07,0.0,0.0,0.0,0.005143211985294118,0.0
S5,Dhaleshwari,Rainy,As,adult,Bangladesh,20.96,2.7946666666666675e-05,3.8426666666666667e-07,5.1372549019607855e-09,0.09315555555555559,0.003124119241192412,1.706729203309231e-05,4.192000000000001e-05,1.406416e-06,7.757254901960785e-08,0.09629674208878108,4.340398854901962e-05
S5,Dhaleshwari,Rainy,As,child,Bangladesh,20.96,5.8043076923076924e-05,2.611938461538461e-07,2.371040723981901e-09,0.1934769230769231,0.0021235272045028136,7.877211707581066e-06,8.706461538461538e-05,9.559694769230769e-07,3.5802714932126706e-08,0.1956083274931335,8.805638757647059e-05
S5,Dhaleshwari,Rainy,Cd,adult,Bangladesh,1.45,1.933333333333333e-06,2.658333333333333e-08,3.553921568627451e-10,0.0019333333333333331,0.002658333333333333,3.553921568627451e-07,1.2179999999999999e-05,1.6747499999999998e-07,2.2389705882352942e-09,0.004592022058823529,1.2349713970588234e-05
S5,Dhaleshwari,Rainy,Cd,child,Bangladesh,1.45,4.015384615384616e-06,1.8069230769230772e-08,1.6402714932126698e-10,0.004015384615384616,0.001806923076923077,1.6402714932126697e-07,2.529692307692308e-05,1.1383615384615386e-07,1.033371040723982e-09,0.005822471719457014,2.541179260180996e-05
S5,Dhaleshwari,Rainy,Pb,adult,Bangladesh,53.55,7.14e-05,9.817500000000002e-07,1.3125e-08,0.019833333333333335,0.0018700000000000004,3.728693181818182e-06,6.069000000000001e-07,8.344875000000003e-09,5.5125e-10,0.021707062026515154,6.157961250000001e-07
S5,Dhaleshwari,Rainy,Pb,child,Bangladesh,53.55,0.00014829230769230768,6.673153846153846e-07,6.057692307692308e-09,0.04119230769230769,0.0012710769230769232,1.7209353146853148e-06,1.2604846153846152e-06,5.67218076923077e-09,2.5442307692307693e-10,0.042465105550699295,1.266411219230769e-06
S5,Dhaleshwari,Rainy,Fe,adult,Bangladesh,35130.0,0.04684,0.00064405,8.610294117647059e-06,0.06691428571428572,0.004600357142857142,1.2300420168067227e-05,0.0,0.0,0.0,0.07152694327731093,0.0
S5,Dhaleshwari,Rainy,Fe,child,Bangladesh,35130.0,0.09728307692307692,0.0004377738461538462,3.973981900452489e-06,0.1389758241758242,0.003126956043956044,5.677117000646413e-06,0.0,0.0,0.0,0.14210845733678087,0.0
S6,Dhaleshwari,Rainy,Cr,adult,Bangladesh,60.35,8.046666666666667e-05,1.1064166666666666e-06,1.4791666666666667e-08,0.026822222222222223,0.018440277777777778,0.0005171911421911422,4.023333333333333e-05,2.2128333333333333e-05,6.2125e-07,0.04577969114219114,6.298291666666666e-05
S6,Dhaleshwari,Rainy,Cr,child,Bangladesh,60.35,0.0001671230769230769,7.520538461538461e-07,6.826923076923077e-09,0.055707692307692305,0.012534230769230768,0.00023870360408821946,8.356153846153845e-05,1.5041076923076923e-05,2.867307692307692e-07,0.06848062668101129,9.888934615384614e-05
S6,Dhaleshwari,Rainy,Ni,adult,Bangladesh,11.72,1.5626666666666667e-05,2.1486666666666667e-07,2.8725490196078433e-09,0.0007813333333333333,3.979012345679012e-05,1.394441271654293e-07,1.31264e-05,9.0244e-06,2.4129411764705883e-09,0.0008212629009172888,2.2153212941176468e-05
S6,Dhaleshwari,Rainy,Ni,child,Bangladesh,11.72,3.2455384615384605e-05,1.4604923076923075e-07,1.32579185520362e-09,0.0016227692307692301,2.7046153846153842e-05,6.435882792250583e-08,2.7262523076923068e-05,6.134067692307691e-06,1.1136651583710408e-09,0.0016498797434433066,3.339770443438913e-05
S6,Dhaleshwari,Rainy,Cu,adult,Bangladesh,98.28,0.00013103999999999997,1.8018e-06,2.4088235294117648e-08,0.003275999999999999,0.00015015,6.022058823529412e-07,0.0,0.0,0.0,0.003426752205882352,0.0
S6,Dhaleshwari,Rainy,Cu,child,Bangladesh,98.28,0.0002721600000000001,1.22472e-06,1.1117647058823529e-08,0.006804000000000002,0.00010206,2.779411764705882e-07,0.0,0.0,0.0,0.006906337941176473,0.0
S6,Dhaleshwari,Rainy,As,adult,Bangladesh,10.42,1.3893333333333333e-05,1.9103333333333336e-07,2.553921568627451e-09,0.046311111111111115,0.0015531165311653118,8.484789264543027e-06,2.084e-05,6.991820000000002e-07,3.856421568627451e-08,0.047872712431540974,2.1577746215686275e-05
S6,Dhaleshwari,Rainy,As,child,Bangladesh,10.42,2.8855384615384616e-05,1.2984923076923077e-07,1.1787330316742082e-09,0.0961846153846154,0.0010556848030018762,3.916056583635243e-06,4.328307692307692e-05,4.7524818461538463e-07,1.7798868778280544e-08,0.0972442162442009,4.377612397647059e-05
S6,Dhaleshwari,Rainy,Cd,adult,Bangladesh,0.82,1.0933333333333332e-06,1.5033333333333336e-08,2.009803921568627e-10,0.001093333333333333,0.0015033333333333335,2.009803921568627e-07,6.887999999999999e-06,9.471e-08,1.266176470588235e-09,0.0025968676470588233,6.983976176470587e-06
S6,Dhaleshwari,Rainy,Cd,child,Bangladesh,0.82,2.2707692307692308e-06,1.0218461538461537e-08,9.27601809954751e-11,0.0022707692307692307,0.0010218461538461536,9.27601809954751e-08,1.4305846153846154e-05,6.437630769230768e-08,5.843891402714931e-10,0.00329270814479638,1.4370806850678732e-05
S6,Dhaleshwari,Rainy,Pb,adult,Bangladesh,37.88,5.050666666666666e-05,6.944666666666666e-07,9.284313725490196e-09,0.014029629629629628,0.0013227936507936508,2.6375891265597144e-06,4.2930666666666665e-07,5.902966666666666e-09,3.8994117647058823e-10,0.015355060869549839,4.3559957450980393e-07
S6,Dhaleshwari,Rainy,Pb,child,Bangladesh,37.88,0.00010489846153846154,4.720430769230769e-07,4.285067873303168e-09,0.02913846153846154,0.0008991296703296703,1.2173488276429454e-06,8.916369230769232e-07,4.012366153846154e-09,1.7997285067873305e-10,0.03003880855761885,8.958292620814481e-07
S6,Dhaleshwari,Rainy,Fe,adult,Bangladesh,38700.0,0.05159999999999999,0.0007095,9.485294117647058e-06,0.0737142857142857,0.005067857142857142,1.3550420168067227e-05,0.0,0.0,0.0,0.07879569327731091,0.0
S6,Dhaleshwari,Rainy,Fe,child,Bangladesh,38700.0,0.10716923076923075,0.00048226153846153854,4.377828054298643e-06,0.1530989010989011,0.003444725274725275,6.25404007756949e-06,0.0,0.0,0.0,0.15654988041370393,0.0
S7,Dhaleshwari,Rainy,Cr,adult,Bangladesh,69.37,9.249333333333333e-05,1.2717833333333333e-06,1.700245098039216e-08,0.03083111111111111,0.02119638888888889,0.0005944912930207049,4.6246666666666665e-05,2.5435666666666668e-05,7.141029411764708e-07,0.05262199129302071,7.23964362745098e-05
S7,Dhaleshwari,Rainy,Cr,child,Bangladesh,69.37,0.00019210153846153848,8.644569230769229e-07,7.847285067873305e-09,0.06403384615384616,0.014407615384615382,0.0002743805967787869,9.605076923076924e-05,1.728913846153846e-05,3.295859728506788e-07,0.07871584213524033,0.00011366949366515838
S7,Dhaleshwari,Rainy,Ni,adult,Bangladesh,14.95,1.993333333333333e-05,2.740833333333333e-07,3.6642156862745096e-09,0.0009966666666666665,5.075617283950616e-05,1.778745478774034e-07,1.6743999999999998e-05,1.1511499999999998e-05,3.077941176470588e-09,0.00104760071405405,2.8258577941176466e-05
S7,Dhaleshwari,Rainy,Ni,child,Bangladesh,14.95,4.14e-05,1.863e-07,1.6911764705882354e-09,0.00207,3.45e-05,8.209594517418618e-08,3.4775999999999994e-05,7.8246e-06,1.4205882352941176e-09,0.002104582095945174,4.260202058823529e-05
S7,Dhaleshwari,Rainy,Cu,adult,Bangladesh,96.72,0.00012896,1.7732e-06,2.3705882352941175e-08,0.0032240000000000003,0.00014776666666666666,5.926470588235293e-07,0.0,0.0,0.0,0.0033723593137254906,0.0
S7,Dhaleshwari,Rainy,Cu,child,Bangladesh,96.72,0.00026783999999999993,1.20528e-06,1.0941176470588235e-08,0.006695999999999998,0.00010044,2.7352941176470587e-07,0.0,0.0,0.0,0.006796713529411763,0.0
S7,Dhaleshwari,Rainy,As,adult,Bangladesh,19.88,2.650666666666666e-05,3.644666666666667e-07,4.8725490196078435e-09,0.08835555555555555,0.0029631436314363144,1.6187870497036026e-05,3.975999999999999e-05,1.3339480000000003e-06,7.357549019607844e-08,0.0913348870574889,4.116752349019607e-05
S7,Dhaleshwari,Rainy,As,child,Bangladesh,19.88,5.505230769230768e-05,2.4773538461538453e-07,2.248868778280543e-09,0.1835076923076923,0.002014108818011256,7.471324844785857e-06,8.257846153846152e-05,9.067115076923074e-07,3.395791855203619e-08,0.18552927245054834,8.351913096470586e-05
S7,Dhaleshwari,Rainy,Cd,adult,Bangladesh,0.97,1.293333333333333e-06,1.778333333333333e-08,2.3774509803921563e-10,0.001293333333333333,0.001778333333333333,2.3774509803921561e-07,8.147999999999997e-06,1.1203499999999998e-07,1.4977941176470585e-09,0.0030719044117647055,8.261532794117645e-06
S7,Dhaleshwari,Rainy,Cd,child,Bangladesh,0.97,2.686153846153846e-06,1.2087692307692308e-08,1.097285067873303e-10,0.002686153846153846,0.0012087692307692307,1.097285067873303e-07,1.692276923076923e-05,7.615246153846154e-08,6.912895927601809e-10,0.003895032805429864,1.699961298190045e-05
S7,Dhaleshwari,Rainy,Pb,adult,Bangladesh,33.47,4.4626666666666664e-05,6.136166666666665e-07,8.20343137254902e-09,0.012396296296296296,0.0011687936507936505,2.330520276292335e-06,3.793266666666667e-07,5.215741666666666e-09,3.4454411764705883e-10,0.01356742046736624,3.8488695245098036e-07
S7,Dhaleshwari,Rainy,Pb,child,Bangladesh,33.47,9.268615384615383e-05,4.170876923076923e-07,3.786199095022624e-09,0.025746153846153842,0.0007944527472527473,1.0756247429041546e-06,7.878323076923076e-07,3.545245384615385e-09,1.5902036199095023e-10,0.026541682218149492,7.91536573438914e-07
S7,Dhaleshwari,Rainy,Fe,adult,Bangladesh,43480.0,0.05797333333333333,0.0007971333333333333,1.0656862745098038e-05,0.08281904761904761,0.005693809523809523,1.5224089635854342e-05,0.0,0.0,0.0,0.08852808123249298,0.0
S7,Dhaleshwari,Rainy,Fe,child,Bangladesh,43480.0,0.12040615384615384,0.0005418276923076923,4.918552036199095e-06,0.17200879120879123,0.0038701978021978022,7.02650290885585e-06,0.0,0.0,0.0,0.17588601551389788,0.0
S8,Turag,Rainy,Cr,adult,Bangladesh,15.7,2.093333333333333e-05,2.878333333333333e-07,3.848039215686274e-09,0.006977777777777777,0.004797222222222222,0.0001345468257232963,1.0466666666666666e-05,5.756666666666667e-06,1.6161764705882353e-07,0.011909546825723295,1.6384950980392155e-05
S8,Turag,Rainy,Cr,child,Bangladesh,15.7,4.347692307692308e-05,1.9564615384615386e-07,1.7760180995475114e-09,0.014492307692307693,0.003260769230769231,6.209853494921368e-05,2.173846153846154e-05,3.9129230769230776e-06,7.459276018099548e-08,0.017815175458026137,2.5725977375565614e-05
S8,Turag,Rainy,Ni,adult,Bangladesh,40.76,5.434666666666665e-05,7.472666666666665e-07,9.990196078431373e-09,0.0027173333333333325,0.00013838271604938267,4.849609746811346e-07,4.565119999999999e-05,3.138519999999999e-05,8.391764705882354e-09,0.0028562010103573964,7.704479176470586e-05
S8,Turag,Rainy,Ni,child,Bangladesh,40.76,0.00011287384615384614,5.079323076923076e-07,4.610859728506787e-09,0.005643692307692307,9.406153846153844e-05,2.2382814216052365e-07,9.481403076923075e-05,2.133315692307692e-05,3.873122171945701e-09,0.005737977674296006,0.00011615106081447961
S8,Turag,Rainy,Cu,adult,Bangladesh,73.87,9.849333333333334e-05,1.3542833333333334e-06,1.8105392156862744e-08,0.0024623333333333333,0.00011285694444444445,4.526348039215686e-07,0.0,0.0,0.0,0.002575642912581699,0.0
S8,Turag,Rainy,Cu,child,Bangladesh,73.87,0.00020456307692307693,9.205338461538463e-07,8.35633484162896e-09,0.0051140769230769234,7.671115384615385e-05,2.0890837104072397e-07,0.0,0.0,0.0,0.005190996985294118,0.0
S8,Turag,Rainy,As,adult,Bangladesh,11.36,1.5146666666666665e-05,2.0826666666666665e-07,2.784313725490196e-09,0.05048888888888889,0.0016932249322493223,9.250211712592013e-06,2.272e-05,7.622559999999999e-07,4.204313725490196e-08,0.0521913640328508,2.35242991372549e-05
S8,Turag,Rainy,As,child,Bangladesh,11.36,3.145846153846153e-05,1.4156307692307694e-07,1.2850678733031673e-09,0.10486153846153845,0.0011509193245778611,4.269328482734775e-06,4.71876923076923e-05,5.181208615384616e-07,1.9404524886877825e-08,0.10601672711459904,4.772521769411764e-05
S8,Turag,Rainy,Cd,adult,Bangladesh,2.17,2.8933333333333337e-06,3.978333333333333e-08,5.318627450980392e-10,0.0028933333333333337,0.003978333333333333,5.318627450980392e-07,1.8228000000000002e-05,2.5063499999999994e-07,3.3507352941176466e-09,0.006872198529411765,1.848198573529412e-05
S8,Turag,Rainy,Cd,child,Bangladesh,2.17,6.009230769230768e-06,2.704153846153846e-08,2.4547511312217197e-10,0.0060092307692307684,0.0027041538461538457,2.4547511312217196e-07,3.7858153846153836e-05,1.7036169230769228e-07,1.5464932126696834e-09,0.008713630090497736,3.80300620316742e-05
S8,Turag,Rainy,Pb,adult,Bangladesh,98.1,0.00013079999999999998,1.7984999999999996e-06,2.4044117647058822e-08,0.03633333333333333,0.003425714285714285,6.83071524064171e-06,1.1117999999999999e-06,1.5287249999999997e-08,1.0098529411764707e-09,0.039765878334288254,1.1280971029411763e-06
S8,Turag,Rainy,Pb,child,Bangladesh,98.1,0.00027166153846153846,1.2224769230769229e-06,1.1097285067873303e-08,0.07546153846153847,0.0023285274725274724,3.1526378033730974e-06,2.309123076923077e-06,1.0391053846153845e-08,4.660859728506788e-10,0.07779321857186931,2.3199802167420814e-06
S8,Turag,Rainy,Fe,adult,Bangladesh,45600.0,0.0608,0.0008359999999999999,1.1176470588235295e-05,0.08685714285714287,0.00597142857142857,1.596638655462185e-05,0.0,0.0,0.0,0.09284453781512607,0.0
S8,Turag,Rainy,Fe,child,Bangladesh,45600.0,0.1262769230769231,0.0005682461538461538,5.1583710407239815e-06,0.18039560439560443,0.004058901098901098,7.369101486748546e-06,0.0,0.0,0.0,0.18446187459599225,0.0
S9,Turag,Rainy,Cr,adult,Bangladesh,12.74,1.6986666666666668e-05,2.3356666666666665e-07,3.122549019607843e-09,0.005662222222222222,0.0038927777777777776,0.00010918003565062389,8.493333333333334e-06,4.671333333333333e-06,1.311470588235294e-07,0.009664180035650623,1.3295813725490195e-05
S9,Turag,Rainy,Cr,child,Bangladesh,12.74,3.5279999999999994e-05,1.5876e-07,1.4411764705882352e-09,0.011759999999999998,0.002646,5.039078568490333e-05,1.7639999999999997e-05,3.1752e-06,6.052941176470588e-08,0.014456390785684902,2.08757294117647e-05
S9,Turag,Rainy,Ni,adult,Bangladesh,39.43,5.2573333333333334e-05,7.228833333333333e-07,9.66421568627451e-09,0.0026286666666666667,0.00013386728395061728,4.691366837997335e-07,4.41616e-05,3.03611e-05,8.117941176470587e-09,0.0027630030873010834,7.453081794117647e-05
S9,Turag,Rainy,Ni,child,Bangladesh,39.43,0.00010919076923076921,4.913584615384615e-07,4.460407239819005e-09,0.005459538461538461,9.09923076923077e-05,2.165246232921847e-07,9.172024615384614e-05,2.0637055384615384e-05,3.7467420814479635e-09,0.005550747293854061,0.00011236104828054297
S9,Turag,Rainy,Cu,adult,Bangladesh,87.2,0.00011626666666666668,1.5986666666666666e-06,2.1372549019607844e-08,0.002906666666666667,0.0001332222222222222,5.343137254901961e-07,0.0,0.0,0.0,0.0030404232026143793,0.0
S9,Turag,Rainy,Cu,child,Bangladesh,87.2,0.00024147692307692308,1.0866461538461539e-06,9.864253393665158e-09,0.006036923076923077,9.055384615384615e-05,2.4660633484162893e-07,0.0,0.0,0.0,0.006127723529411764,0.0
S9,Turag,Rainy,As,adult,Bangladesh,10.78,1.4373333333333334e-05,1.9763333333333332e-07,2.642156862745098e-09,0.04791111111111111,0.0016067750677506774,8.777929776561789e-06,2.156e-05,7.23338e-07,3.989656862745098e-08,0.04952666410863835,2.232323456862745e-05
S9,Turag,Rainy,As,child,Bangladesh,10.78,2.985230769230769e-05,1.343353846153846e-07,1.2194570135746606e-09,0.09950769230769231,0.0010921575984990618,4.051352204566979e-06,4.477846153846153e-05,4.916675076923077e-07,1.8413800904977374e-08,0.10060390125839594,4.528854284705882e-05
S9,Turag,Rainy,Cd,adult,Bangladesh,3.6,4.8e-06,6.600000000000001e-08,8.823529411764706e-10,0.0048,0.0066,8.823529411764705e-07,3.024e-05,4.1580000000000006e-07,5.558823529411764e-09,0.011400882352941177,3.066135882352941e-05
S9,Turag,Rainy,Cd,child,Bangladesh,3.6,9.969230769230769e-06,4.486153846153846e-08,4.072398190045249e-10,0.009969230769230768,0.0044861538461538454,4.0723981900452487e-07,6.280615384615384e-05,2.8262769230769226e-07,2.565610859728507e-09,0.014455791855203617,6.309134714932128e-05
S9,Turag,Rainy,Pb,adult,Bangladesh,170.4,0.0002272,3.1239999999999997e-06,4.176470588235294e-08,0.06311111111111112,0.00595047619047619,1.1864973262032085e-05,1.9312000000000002e-06,2.6553999999999997e-08,1.7541176470588237e-09,0.06907345227484933,1.959508117647059e-06
S9,Turag,Rainy,Pb,child,Bangladesh,170.4,0.00047187692307692304,2.1234461538461536e-06,1.927601809954751e-08,0.13107692307692306,0.00404465934065934,5.476141505553269e-06,4.0109538461538465e-06,1.8049292307692307e-08,8.095927601809955e-10,0.13512705855908796,4.02981273122172e-06
S9,Turag,Rainy,Fe,adult,Bangladesh,47900.0,0.06386666666666665,0.0008781666666666667,1.1740196078431372e-05,0.09123809523809523,0.006272619047619048,1.6771708683473388e-05,0.0,0.0,0.0,0.09752748599439776,0.0
S9,Turag,Rainy,Fe,child,Bangladesh,47900.0,0.13264615384615386,0.0005969076923076922,5.418552036199095e-06,0.18949450549450553,0.004263626373626372,7.740788623141566e-06,0.0,0.0,0.0,0.19376587265675504,0.0
S10,Turag,Rainy,Cr,adult,Bangladesh,11.13,1.4840000000000002e-05,2.0405000000000006e-07,2.727941176470589e-09,0.004946666666666667,0.0034008333333333343,9.538255861785276e-05,7.420000000000001e-06,4.081000000000001e-06,1.1457352941176474e-07,0.008442882558617854,1.1615573529411768e-05
S10,Turag,Rainy,Cr,child,Bangladesh,11.13,3.082153846153846e-05,1.386969230769231e-07,1.2590497737556563e-09,0.010273846153846154,0.002311615384615385,4.402271936208588e-05,1.541076923076923e-05,2.773938461538462e-06,5.288009049773757e-08,0.012629484257823625,1.823758778280543e-05
S10,Turag,Rainy,Ni,adult,Bangladesh,47.01,6.267999999999999e-05,8.6185e-07,1.1522058823529412e-08,0.003133999999999999,0.00015960185185185183,5.59323243860651e-07,5.265119999999999e-05,3.61977e-05,9.678529411764706e-09,0.0032941611750957117,8.885857852941176e-05
S10,Turag,Rainy,Ni,child,Bangladesh,47.01,0.00013018153846153842,5.85816923076923e-07,5.317873303167421e-09,0.006509076923076921,0.00010848461538461536,2.5814918947414664e-07,0.00010935249230769227,2.4604310769230767e-05,4.467013574660634e-09,0.006617819687651011,0.0001339612700904977
S10,Turag,Rainy,Cu,adult,Bangladesh,80.78,0.00010770666666666666,1.4809666666666665e-06,1.979901960784314e-08,0.0026926666666666666,0.00012341388888888888,4.949754901960784e-07,0.0,0.0,0.0,0.0028165755310457516,0.0
S10,Turag,Rainy,Cu,child,Bangladesh,80.78,0.00022369846153846151,1.0066430769230768e-06,9.138009049773755e-09,0.0055924615384615375,8.388692307692306e-05,2.2845022624434387e-07,0.0,0.0,0.0,0.0056765769117647046,0.0
S10,Turag,Rainy,As,adult,Bangladesh,18.9,2.5199999999999996e-05,3.465e-07,4.632352941176471e-09,0.08399999999999999,0.0028170731707317072,1.5389876880984953e-05,3.78e-05,1.26819e-06,6.994852941176471e-08,0.08683246304761269,3.913813852941176e-05
S10,Turag,Rainy,As,child,Bangladesh,18.9,5.2338461538461535e-05,2.3552307692307683e-07,2.1380090497737556e-09,0.17446153846153847,0.0019148217636022506,7.103020098916132e-06,7.85076923076923e-05,8.620144615384613e-07,3.228393665158371e-08,0.17638346324523962,7.940199070588234e-05
S10,Turag,Rainy,Cd,adult,Bangladesh,2.79,3.719999999999999e-06,5.115e-08,6.838235294117647e-10,0.003719999999999999,0.005115,6.838235294117647e-07,2.3435999999999994e-05,3.22245e-07,4.308088235294117e-09,0.00883568382352941,2.376255308823529e-05
S10,Turag,Rainy,Cd,child,Bangladesh,2.79,7.726153846153846e-06,3.47676923076923e-08,3.156108597285068e-10,0.007726153846153846,0.00347676923076923,3.156108597285068e-07,4.8674769230769226e-05,2.1903646153846147e-07,1.9883484162895925e-09,0.011203238687782804,4.889579404072397e-05
S10,Turag,Rainy,Pb,adult,Bangladesh,108.6,0.00014479999999999997,1.991e-06,2.661764705882353e-08,0.040222222222222215,0.003792380952380953,7.561831550802139e-06,1.2307999999999997e-06,1.6923500000000003e-08,1.1179411764705883e-09,0.04402216500615397,1.2488414411764703e-06
S10,Turag,Rainy,Pb,child,Bangladesh,108.6,0.0003007384615384615,1.353323076923077e-06,1.2285067873303168e-08,0.08353846153846153,0.0025777582417582418,3.490076100370218e-06,2.556276923076923e-06,1.1503246153846155e-08,5.159728506787331e-10,0.08611970985632014,2.568296142081448e-06
S10,Turag,Rainy,Fe,adult,Bangladesh,50395.0,0.06719333333333334,0.0009239083333333334,1.235171568627451e-05,0.09599047619047621,0.0065993452380952375,1.76453081232493e-05,0.0,0.0,0.0,0.1026074667366947,0.0
S10,Turag,Rainy,Fe,child,Bangladesh,50395.0,0.1395553846153846,0.0006279992307692307,5.70079185520362e-06,0.19936483516483516,0.004485708791208791,8.143988364576602e-06,0.0,0.0,0.0,0.20385868794440853,0.0
S11,Buriganga,Rainy,Cr,adult,Bangladesh,74.47,9.929333333333336e-05,1.3652833333333332e-06,1.825245098039216e-08,0.03309777777777779,0.022754722222222218,0.0006381975867269985,4.964666666666668e-05,2.7305666666666665e-05,7.666029411764706e-07,0.05649069758672701,7.771893627450982e-05
S11,Buriganga,Rainy,Cr,child,Bangladesh,74.47,0.00020622461538461536,9.280107692307692e-07,8.42420814479638e-09,0.06874153846153845,0.015466846153846152,0.00029455273233553776,0.00010311230769230768,1.8560215384615384e-05,3.5381674208144795e-07,0.08450293734772014,0.00012202633981900452
S11,Buriganga,Rainy,Ni,adult,Bangladesh,49.94,6.658666666666666e-05,9.155666666666667e-07,1.2240196078431372e-08,0.0033293333333333326,0.00016954938271604938,5.941842756520084e-07,5.593279999999999e-05,3.84538e-05,1.0281764705882351e-08,0.003499476900325034,9.439688176470587e-05
S11,Buriganga,Rainy,Ni,child,Bangladesh,49.94,0.0001382953846153846,6.223292307692307e-07,5.649321266968326e-09,0.0069147692307692295,0.00011524615384615383,2.742388964547731e-07,0.00011616812307692306,2.613782769230769e-05,4.745429864253394e-09,0.007030289623511838,0.000142310696199095
S11,Buriganga,Rainy,Cu,adult,Bangladesh,141.4,0.0001885333333333333,2.592333333333333e-06,3.465686274509804e-08,0.004713333333333332,0.00021602777777777777,8.66421568627451e-07,0.0,0.0,0.0,0.004930227532679738,0.0
S11,Buriganga,Rainy,Cu,child,Bangladesh,141.4,0.00039156923076923074,1.7620615384615386e-06,1.599547511312217e-08,0.009789230769230769,0.00014683846153846155,3.998868778280543e-07,0.0,0.0,0.0,0.009936469117647059,0.0
S11,Buriganga,Rainy,As,adult,Bangladesh,9.88,1.3173333333333333e-05,1.8113333333333333e-07,2.4215686274509807e-09,0.043911111111111116,0.0014726287262872627,8.045078496514886e-06,1.976e-05,6.62948e-07,3.656568627450981e-08,0.04539178491589489,2.0459513686274512e-05
S11,Buriganga,Rainy,As,child,Bangladesh,9.88,2.7360000000000002e-05,1.2312e-07,1.1176470588235297e-09,0.09120000000000002,0.0010009756097560975,3.71311315223764e-06,4.104e-05,4.5061920000000006e-07,1.6876470588235298e-08,0.09220468872290835,4.1507495670588234e-05
S11,Buriganga,Rainy,Cd,adult,Bangladesh,5.56,7.413333333333332e-06,1.0193333333333335e-07,1.3627450980392155e-09,0.0074133333333333325,0.010193333333333334,1.3627450980392155e-06,4.670399999999999e-05,6.4218e-07,8.585294117647058e-09,0.017608029411764706,4.7354765294117636e-05
S11,Buriganga,Rainy,Cd,child,Bangladesh,5.56,1.5396923076923075e-05,6.928615384615383e-08,6.289592760180994e-10,0.015396923076923074,0.006928615384615383,6.289592760180994e-07,9.700061538461536e-05,4.3650276923076916e-07,3.962443438914026e-09,0.022326167420814474,9.744108059728505e-05
S11,Buriganga,Rainy,Pb,adult,Bangladesh,155.4,0.00020720000000000002,2.8489999999999997e-06,3.808823529411765e-08,0.05755555555555556,0.0054266666666666664,1.082052139037433e-05,1.7612000000000004e-06,2.42165e-08,1.5997058823529414e-09,0.0629930427436126,1.7870162058823534e-06
S11,Buriganga,Rainy,Pb,child,Bangladesh,155.4,0.00043033846153846153,1.936523076923077e-06,1.757918552036199e-08,0.11953846153846154,0.003688615384615385,4.994086795557383e-06,3.6578769230769233e-06,1.6460446153846154e-08,7.383257918552036e-10,0.12323207100987248,3.675075695022625e-06
S11,Buriganga,Rainy,Fe,adult,Bangladesh,42650.0,0.056866666666666656,0.0007819166666666667,1.045343137254902e-05,0.08123809523809523,0.005585119047619047,1.4933473389355743e-05,0.0,0.0,0.0,0.08683814775910363,0.0
S11,Buriganga,Rainy,Fe,child,Bangladesh,42650.0,0.11810769230769232,0.0005314846153846154,4.824660633484163e-06,0.16872527472527474,0.003796318681318681,6.892372333548804e-06,0.0,0.0,0.0,0.172528485778927,0.0
S12,Buriganga,Rainy,Cr,adult,Bangladesh,86.82,0.00011575999999999996,1.5917e-06,2.127941176470588e-08,0.03858666666666665,0.02652833333333333,0.0007440353763883175,5.787999999999998e-05,3.1834e-05,8.93735294117647e-07,0.06585903537638829,9.060773529411763e-05
S12,Buriganga,Rainy,Cr,child,Bangladesh,86.82,0.00024042461538461538,1.081910769230769e-06,9.821266968325792e-09,0.08014153846153846,0.01803184615384615,0.00034340094294845424,0.00012021230769230769,2.163821538461538e-05,4.1249321266968327e-07,0.09851678555833306,0.00014226301628959275
S12,Buriganga,Rainy,Ni,adult,Bangladesh,55.88,7.450666666666666e-05,1.0244666666666667e-06,1.3696078431372551e-08,0.003725333333333333,0.00018971604938271605,6.648581762802209e-07,6.25856e-05,4.30276e-05,1.1504705882352942e-08,0.003915714240892329,0.00010562470470588234
S12,Buriganga,Rainy,Ni,child,Bangladesh,55.88,0.00015474461538461537,6.963507692307692e-07,6.3212669683257934e-09,0.007737230769230769,0.00012895384615384614,3.0685761982164046e-07,0.0001299854769230769,2.9246732307692307e-05,5.309864253393666e-09,0.007866491473004436,0.0001592375190950226
S12,Buriganga,Rainy,Cu,adult,Bangladesh,147.9,0.00019719999999999997,2.7115000000000002e-06,3.625e-08,0.0049299999999999995,0.00022595833333333335,9.062499999999999e-07,0.0,0.0,0.0,0.005156864583333333,0.0
S12,Buriganga,Rainy,Cu,child,Bangladesh,147.9,0.0004095692307692307,1.8430615384615383e-06,1.673076923076923e-08,0.010239230769230768,0.00015358846153846152,4.1826923076923076e-07,0.0,0.0,0.0,0.0103932375,0.0
S12,Buriganga,Rainy,As,adult,Bangladesh,7.98,1.064e-05,1.463e-07,1.9558823529411767e-09,0.03546666666666667,0.001189430894308943,6.497948016415869e-06,1.596e-05,5.35458e-07,2.9533823529411767e-08,0.03666259550899203,1.6524991823529413e-05
S12,Buriganga,Rainy,As,child,Bangladesh,7.98,2.209846153846154e-05,9.944307692307692e-08,9.02714932126697e-10,0.07366153846153847,0.0008084803001876172,2.9990529306534782e-06,3.314769230769231e-05,3.639616615384615e-07,1.3630995475113125e-08,0.07447301781465673,3.352528496470588e-05
S12,Buriganga,Rainy,Cd,adult,Bangladesh,7.94,1.0586666666666668e-05,1.4556666666666665e-07,1.9460784313725493e-09,0.010586666666666668,0.014556666666666664,1.9460784313725493e-06,6.669600000000001e-05,9.170699999999999e-07,1.226029411764706e-08,0.025145279411764702,6.762533029411766e-05
S12,Buriganga,Rainy,Cd,child,Bangladesh,7.94,2.1987692307692312e-05,9.894461538461537e-08,8.981900452488689e-10,0.021987692307692312,0.009894461538461536,8.981900452488689e-07,0.00013852246153846156,6.233510769230768e-07,5.658597285067874e-09,0.0318830520361991,0.0001391514712126697
S12,Buriganga,Rainy,Pb,adult,Bangladesh,177.9,0.0002372,3.2615e-06,4.360294117647059e-08,0.06588888888888889,0.006212380952380953,1.2387199197860962e-05,2.0162000000000003e-06,2.7722750000000003e-08,1.8313235294117648e-09,0.0721136570404677,2.045754073529412e-06
S12,Buriganga,Rainy,Pb,child,Bangladesh,177.9,0.0004926461538461539,2.216907692307692e-06,2.012443438914027e-08,0.13684615384615387,0.004222681318681319,5.717168860551214e-06,4.187492307692308e-06,1.8843715384615385e-08,8.452262443438914e-10,0.14107455233369573,4.207181249321268e-06
S12,Buriganga,Rainy,Fe,adult,Bangladesh,46870.0,0.06249333333333334,0.0008592833333333332,1.1487745098039215e-05,0.0892761904761905,0.006137738095238094,1.6411064425770307e-05,0.0,0.0,0.0,0.09543033963585436,0.0
S12,Buriganga,Rainy,Fe,child,Bangladesh,46870.0,0.12979384615384615,0.0005840723076923078,5.302036199095023e-06,0.18541978021978023,0.004171945054945055,7.574337427278604e-06,0.0,0.0,0.0,0.18959929961215258,0.0
S13,Balu,Rainy,Cr,adult,Bangladesh,10.37,1.3826666666666664e-05,1.9011666666666664e-07,2.5416666666666663e-09,0.004608888888888888,0.0031686111111111108,8.886946386946386e-05,6.913333333333332e-06,3.8023333333333326e-06,1.0674999999999999e-07,0.007866369463869463,1.0822416666666665e-05
S13,Balu,Rainy,Cr,child,Bangladesh,10.37,2.871692307692308e-05,1.2922615384615383e-07,1.1730769230769228e-09,0.009572307692307692,0.0021537692307692304,4.1016675632060235e-05,1.435846153846154e-05,2.5845230769230764e-06,4.926923076923076e-08,0.011767093598708983,1.6992253846153847e-05
S13,Balu,Rainy,Ni,adult,Bangladesh,29.73,3.964e-05,5.450500000000001e-07,7.286764705882353e-09,0.001982,0.00010093518518518519,3.5372644203312395e-07,3.32976e-05,2.2892100000000004e-05,6.120882352941177e-09,0.002083288911627218,5.6195820882352943e-05
S13,Balu,Rainy,Ni,child,Bangladesh,29.73,8.232923076923076e-05,3.704815384615385e-07,3.3631221719457015e-09,0.004116461538461538,6.860769230769231e-05,1.6325835786144181e-07,6.915655384615383e-05,1.5560224615384618e-05,2.825022624434389e-09,0.004185232489127091,8.47196034841629e-05
S13,Balu,Rainy,Cu,adult,Bangladesh,56.47,7.529333333333333e-05,1.0352833333333334e-06,1.3840686274509806e-08,0.0018823333333333333,8.627361111111112e-05,3.460171568627452e-07,0.0,0.0,0.0,0.001968952961601307,0.0
S13,Balu,Rainy,Cu,child,Bangladesh,56.47,0.00015637846153846151,7.037030769230769e-07,6.388009049773757e-09,0.003909461538461538,5.8641923076923075e-05,1.5970022624434392e-07,0.0,0.0,0.0,0.0039682631617647054,0.0
S13,Balu,Rainy,As,adult,Bangladesh,6.67,8.893333333333332e-06,1.2228333333333333e-07,1.6348039215686275e-09,0.029644444444444442,0.0009941734417344172,5.4312422643476e-06,1.3339999999999998e-05,4.47557e-07,2.4685539215686275e-08,0.030644049128443207,1.3812242539215683e-05
S13,Balu,Rainy,As,child,Bangladesh,6.67,1.847076923076923e-05,8.311846153846154e-08,7.54524886877828e-10,0.061569230769230765,0.0006757598499061914,2.5067271989296613e-06,2.7706153846153843e-05,3.0421356923076923e-07,1.1393325791855204e-08,0.06224749734633589,2.802176074117647e-05
S13,Balu,Rainy,Cd,adult,Bangladesh,1.96,2.613333333333334e-06,3.593333333333334e-08,4.803921568627452e-10,0.002613333333333334,0.0035933333333333334,4.803921568627452e-07,1.6464000000000004e-05,2.2638000000000002e-07,3.0264705882352947e-09,0.006207147058823531,1.669340647058824e-05
S13,Balu,Rainy,Cd,child,Bangladesh,1.96,5.427692307692308e-06,2.4424615384615382e-08,2.217194570135747e-10,0.005427692307692308,0.002442461538461538,2.217194570135747e-07,3.419446153846154e-05,1.538750769230769e-07,1.3968325791855207e-09,0.007870375565610859,3.43497334479638e-05
S13,Balu,Rainy,Pb,adult,Bangladesh,35.98,4.797333333333334e-05,6.596333333333334e-07,8.81862745098039e-09,0.013325925925925927,0.0012564444444444446,2.505291889483065e-06,4.077733333333334e-07,5.606883333333334e-09,3.703823529411764e-10,0.014584875662259853,4.1375059901960787e-07
S13,Balu,Rainy,Pb,child,Bangladesh,35.98,9.963692307692308e-05,4.483661538461537e-07,4.070135746606334e-09,0.027676923076923078,0.000854030769230769,1.1562885643767995e-06,8.469138461538462e-07,3.811112307692307e-09,1.7094570135746603e-10,0.028532110134718222,8.508959041628959e-07
S13,Balu,Rainy,Fe,adult,Bangladesh,32700.0,0.0436,0.0005994999999999999,8.01470588235294e-06,0.06228571428571429,0.004282142857142856,1.1449579831932773e-05,0.0,0.0,0.0,0.06657930672268908,0.0
S13,Balu,Rainy,Fe,child,Bangladesh,32700.0,0.09055384615384615,0.0004074923076923077,3.699095022624434e-06,0.12936263736263737,0.0029106593406593405,5.2844214608920495e-06,0.0,0.0,0.0,0.1322785811247576,0.0
S14,Balu,Rainy,Cr,adult,Bangladesh,9.44,1.2586666666666662e-05,1.7306666666666665e-07,2.3137254901960786e-09,0.004195555555555554,0.0028844444444444443,8.089949266419855e-05,6.293333333333331e-06,3.461333333333333e-06,9.71764705882353e-08,0.007160899492664196,9.8518431372549e-06
S14,Balu,Rainy,Cr,child,Bangladesh,9.44,2.6141538461538455e-05,1.1763692307692307e-07,1.0678733031674207e-09,0.008713846153846152,0.0019606153846153844,3.733822738347625e-05,1.3070769230769228e-05,2.3527384615384614e-06,4.485067873303167e-08,0.010711799765845012,1.546835837104072e-05
S14,Balu,Rainy,Ni,adult,Bangladesh,21.94,2.925333333333333e-05,4.022333333333333e-07,5.3774509803921565e-09,0.0014626666666666664,7.448765432098764e-05,2.6104130972777457e-07,2.4572799999999996e-05,1.6893799999999997e-05,4.517058823529411e-09,0.0015374153622973819,4.147111705882352e-05
S14,Balu,Rainy,Ni,child,Bangladesh,21.94,6.075692307692307e-05,2.734061538461538e-07,2.481900452488688e-09,0.0030378461538461536,5.063076923076922e-05,1.2048060448974214e-07,5.103581538461538e-05,1.148305846153846e-05,2.0847963800904978e-09,0.0030885974036814127,6.252095864253393e-05
S14,Balu,Rainy,Cu,adult,Bangladesh,53.71,7.161333333333333e-05,9.846833333333334e-07,1.316421568627451e-08,0.0017903333333333332,8.205694444444445e-05,3.2910539215686275e-07,0.0,0.0,0.0,0.0018727193831699345,0.0
S14,Balu,Rainy,Cu,child,Bangladesh,53.71,0.00014873538461538462,6.693092307692308e-07,6.07579185520362e-09,0.003718384615384615,5.577576923076923e-05,1.518947963800905e-07,0.0,0.0,0.0,0.0037743122794117643,0.0
S14,Balu,Rainy,As,adult,Bangladesh,6.9,9.2e-06,1.2649999999999997e-07,1.6911764705882354e-09,0.03066666666666667,0.0010284552845528452,5.618526480359586e-06,1.38e-05,4.6298999999999994e-07,2.5536764705882354e-08,0.03170074047769987,1.4288526764705881e-05
S14,Balu,Rainy,As,child,Bangladesh,6.9,1.910769230769231e-05,8.598461538461539e-08,7.805429864253394e-10,0.0636923076923077,0.0006990619136960601,2.5931660678582704e-06,2.8661538461538462e-05,3.1470369230769237e-07,1.1786199095022624e-08,0.06439396277207163,2.8988028352941178e-05
S14,Balu,Rainy,Cd,adult,Bangladesh,1.15,1.5333333333333334e-06,2.1083333333333337e-08,2.8186274509803923e-10,0.0015333333333333334,0.0021083333333333336,2.818627450980392e-07,9.66e-06,1.3282500000000003e-07,1.775735294117647e-09,0.003641948529411765,9.794600735294119e-06
S14,Balu,Rainy,Cd,child,Bangladesh,1.15,3.1846153846153837e-06,1.4330769230769226e-08,1.3009049773755656e-10,0.003184615384615384,0.0014330769230769225,1.3009049773755656e-07,2.0063076923076918e-05,9.028384615384612e-08,8.195701357466063e-10,0.004617822398190044,2.015418033936651e-05
S14,Balu,Rainy,Pb,adult,Bangladesh,31.48,4.1973333333333334e-05,5.771333333333332e-07,7.715686274509804e-09,0.01165925925925926,0.0010993015873015871,2.1919563279857397e-06,3.5677333333333336e-07,4.905633333333333e-09,3.240588235294118e-10,0.012760752802888834,3.620030254901961e-07
S14,Balu,Rainy,Pb,child,Bangladesh,31.48,8.71753846153846e-05,3.922892307692308e-07,3.561085972850679e-09,0.024215384615384614,0.0007472175824175825,1.0116721513780336e-06,7.409907692307692e-07,3.334458461538462e-09,1.495656108597285e-10,0.024963613869953574,7.444747933031675e-07
S14,Balu,Rainy,Fe,adult,Bangladesh,26320.0,0.03509333333333333,0.00048253333333333337,6.450980392156863e-06,0.050133333333333335,0.0034466666666666665,9.215686274509804e-06,0.0,0.0,0.0,0.05358921568627451,0.0
S14,Balu,Rainy,Fe,child,Bangladesh,26320.0,0.07288615384615384,0.0003279876923076923,2.9773755656108597e-06,0.10412307692307692,0.0023427692307692307,4.2533936651583714e-06,0.0,0.0,0.0,0.1064700995475113,0.0
S15,Shitalakshya,Rainy,Cr,adult,Bangladesh,51.37,6.849333333333332e-05,9.417833333333331e-07,1.2590686274509802e-08,0.022831111111111104,0.015696388888888885,0.000440233785822021,3.424666666666666e-05,1.8835666666666663e-05,5.288088235294116e-07,0.038967733785822016,5.361114215686274e-05
S15,Shitalakshya,Rainy,Cr,child,Bangladesh,51.37,0.00014225538461538464,6.401492307692307e-07,5.8110859728506775e-09,0.04741846153846155,0.010669153846153846,0.00020318482422554816,7.112769230769232e-05,1.2802984615384614e-05,2.4406561085972843e-07,0.05829080020884094,8.417474253393666e-05
S15,Shitalakshya,Rainy,Ni,adult,Bangladesh,16.78,2.2373333333333335e-05,3.076333333333334e-07,4.112745098039216e-09,0.0011186666666666667,5.696913580246914e-05,1.9964782029316583e-07,1.87936e-05,1.2920600000000001e-05,3.4547058823529415e-09,0.0011758354502894289,3.171765470588236e-05
S15,Shitalakshya,Rainy,Ni,child,Bangladesh,16.78,4.646769230769231e-05,2.0910461538461537e-07,1.898190045248869e-09,0.002323384615384615,3.872307692307692e-05,9.2145147827615e-08,3.903286153846154e-05,8.782393846153846e-06,1.59447963800905e-09,0.0023621998374555196,4.781684986425339e-05
S15,Shitalakshya,Rainy,Cu,adult,Bangladesh,71.89,9.585333333333333e-05,1.3179833333333334e-06,1.7620098039215686e-08,0.002396333333333333,0.00010983194444444444,4.4050245098039214e-07,0.0,0.0,0.0,0.002506605780228758,0.0
S15,Shitalakshya,Rainy,Cu,child,Bangladesh,71.89,0.00019908000000000003,8.9586e-07,8.13235294117647e-09,0.0049770000000000005,7.4655e-05,2.0330882352941174e-07,0.0,0.0,0.0,0.0050518583088235295,0.0
S15,Shitalakshya,Rainy,As,adult,Bangladesh,15.71,2.094666666666667e-05,2.8801666666666664e-07,3.8504901960784315e-09,0.06982222222222224,0.0023415989159891594,1.2792326232818709e-05,3.142000000000001e-05,1.0541409999999999e-06,5.8142401960784315e-08,0.07217661346444422,3.253228340196079e-05
S15,Shitalakshya,Rainy,As,child,Bangladesh,15.71,4.350461538461539e-05,1.9577076923076923e-07,1.7771493212669686e-09,0.14501538461538466,0.0015916322701688553,5.9041505689932516e-06,6.525692307692309e-05,7.165210153846154e-07,2.6834954751131225e-08,0.14661292103612253,6.600027904705883e-05
S15,Shitalakshya,Rainy,Cd,adult,Bangladesh,8.7,1.16e-05,1.5949999999999997e-07,2.1323529411764707e-09,0.011600000000000001,0.015949999999999995,2.132352941176471e-06,7.308e-05,1.0048499999999998e-06,1.3433823529411765e-08,0.027552132352941176,7.409828382352941e-05
S15,Shitalakshya,Rainy,Cd,child,Bangladesh,8.7,2.4092307692307687e-05,1.084153846153846e-07,9.841628959276018e-10,0.024092307692307687,0.01084153846153846,9.841628959276017e-07,0.00015178153846153843,6.830169230769229e-07,6.2002262443438914e-09,0.03493483031674208,0.0001524707556108597
S15,Shitalakshya,Rainy,Pb,adult,Bangladesh,76.52,0.00010202666666666664,1.4028666666666665e-06,1.8754901960784314e-08,0.028340740740740736,0.0026721269841269843,5.328097147950089e-06,8.672266666666665e-07,1.1924366666666667e-08,7.877058823529412e-10,0.031018195822015673,8.799387392156861e-07
S15,Shitalakshya,Rainy,Pb,child,Bangladesh,76.52,0.00021190153846153845,9.535569230769232e-07,8.656108597285067e-09,0.05886153846153846,0.0018162989010989015,2.4591217605923484e-06,1.801163076923077e-06,8.105233846153848e-09,3.6355656108597287e-10,0.060680296484397954,1.8096318673303169e-06
S15,Shitalakshya,Rainy,Fe,adult,Bangladesh,30790.0,0.04105333333333334,0.0005644833333333332,7.54656862745098e-06,0.05864761904761906,0.004032023809523808,1.0780812324929973e-05,0.0,0.0,0.0,0.0626904236694678,0.0
S15,Shitalakshya,Rainy,Fe,child,Bangladesh,30790.0,0.08526461538461537,0.00038369076923076926,3.4830316742081446e-06,0.12180659340659339,0.0027406483516483515,4.975759534583064e-06,0.0,0.0,0.0,0.12455221751777631,0.0
S16,Shitalakshya,Rainy,Cr,adult,Bangladesh,40.75,5.4333333333333324e-05,7.470833333333333e-07,9.987745098039216e-09,0.01811111111111111,0.012451388888888889,0.00034922185657479773,2.7166666666666662e-05,1.4941666666666666e-05,4.194852941176471e-07,0.030911721856574797,4.252781862745098e-05
S16,Shitalakshya,Rainy,Cr,child,Bangladesh,40.75,0.00011284615384615384,5.078076923076922e-07,4.60972850678733e-09,0.03761538461538461,0.008463461538461536,0.00016117931841913742,5.642307692307692e-05,1.0156153846153845e-05,1.9360859728506787e-07,0.046240025472265286,6.677283936651583e-05
S16,Shitalakshya,Rainy,Ni,adult,Bangladesh,46.14,6.152e-05,8.458999999999998e-07,1.1308823529411765e-08,0.0030759999999999997,0.0001566481481481481,5.489720159908624e-07,5.167679999999999e-05,3.552779999999999e-05,9.499411764705883e-09,0.0032331971201641383,8.721409941176468e-05
S16,Shitalakshya,Rainy,Ni,child,Bangladesh,46.14,0.0001277723076923077,5.749753846153848e-07,5.21945701357466e-09,0.006388615384615385,0.0001064769230769231,2.533716996880903e-07,0.00010732873846153847,2.414896615384616e-05,4.384343891402714e-09,0.006495345679391996,0.00013148208895927605
S16,Shitalakshya,Rainy,Cu,adult,Bangladesh,85.56,0.00011408000000000002,1.5686e-06,2.0970588235294117e-08,0.0028520000000000004,0.00013071666666666665,5.242647058823529e-07,0.0,0.0,0.0,0.0029832409313725492,0.0
S16,Shitalakshya,Rainy,Cu,child,Bangladesh,85.56,0.00023693538461538462,1.0662092307692303e-06,9.678733031674208e-09,0.005923384615384615,8.885076923076919e-05,2.4196832579185516e-07,0.0,0.0,0.0,0.006012477352941176,0.0
S16,Shitalakshya,Rainy,As,adult,Bangladesh,13.92,1.8560000000000002e-05,2.552e-07,3.4117647058823523e-09,0.06186666666666668,0.0020747967479674795,1.1334766464725423e-05,2.7840000000000005e-05,9.340320000000001e-07,5.151764705882352e-08,0.06395279818109889,2.8825549647058827e-05
S16,Shitalakshya,Rainy,As,child,Bangladesh,13.92,3.85476923076923e-05,1.7346461538461538e-07,1.5746606334841626e-09,0.12849230769230768,0.001410281425891182,5.231430676027118e-06,5.7821538461538454e-05,6.348804923076924e-07,2.3777375565610855e-08,0.12990782054887487,5.8480196329411756e-05
S16,Shitalakshya,Rainy,Cd,adult,Bangladesh,10.16,1.3546666666666667e-05,1.8626666666666667e-07,2.4901960784313726e-09,0.013546666666666667,0.018626666666666666,2.4901960784313726e-06,8.5344e-05,1.17348e-06,1.5688235294117646e-08,0.032175823529411764,8.653316823529412e-05
S16,Shitalakshya,Rainy,Cd,child,Bangladesh,10.16,2.813538461538461e-05,1.2660923076923078e-07,1.1493212669683258e-09,0.028135384615384607,0.012660923076923077,1.1493212669683257e-06,0.00017725292307692303,7.976381538461538e-07,7.240723981900452e-09,0.04079745701357466,0.00017805780195475108
S16,Shitalakshya,Rainy,Pb,adult,Bangladesh,98.47,0.00013129333333333334,1.8052833333333332e-06,2.4134803921568628e-08,0.036470370370370375,0.0034386349206349206,6.856478386809269e-06,1.1159933333333336e-06,1.5344908333333332e-08,1.0136617647058824e-09,0.0399158617693921,1.1323519034313728e-06
S16,Shitalakshya,Rainy,Pb,child,Bangladesh,98.47,0.00027268615384615376,1.2270876923076922e-06,1.1139140271493213e-08,0.07574615384615382,0.00233730989010989,3.164528486219663e-06,2.317832307692307e-06,1.0430245384615385e-08,4.67843891402715e-10,0.07808662826474992,2.3287303969683255e-06
S16,Shitalakshya,Rainy,Fe,adult,Bangladesh,36500.0,0.048666666666666664,0.0006691666666666667,8.946078431372549e-06,0.06952380952380953,0.004779761904761904,1.2780112044817927e-05,0.0,0.0,0.0,0.07431635154061625,0.0
S16,Shitalakshya,Rainy,Fe,child,Bangladesh,36500.0,0.10107692307692308,0.0004548461538461538,4.128959276018099e-06,0.1443956043956044,0.0032489010989010985,5.8985132514544275e-06,0.0,0.0,0.0,0.14765040400775695,0.0
S17,Shitalakshya,Rainy,Cr,adult,Bangladesh,44.82,5.975999999999999e-05,8.217e-07,1.098529411764706e-08,0.019919999999999997,0.013695,0.00038410119292472234,2.9879999999999995e-05,1.6434e-05,4.613823529411765e-07,0.03399910119292472,4.677538235294117e-05
S17,Shitalakshya,Rainy,Cr,child,Bangladesh,44.82,0.00012411692307692307,5.585261538461538e-07,5.070135746606335e-09,0.04137230769230769,0.00930876923076923,0.00017727747365756414,6.205846153846154e-05,1.1170523076923076e-05,2.1294570135746607e-07,0.05085835439673448,7.344193031674208e-05
S17,Shitalakshya,Rainy,Ni,adult,Bangladesh,50.63,6.750666666666667e-05,9.282166666666667e-07,1.2409313725490195e-08,0.0033753333333333335,0.00017189197530864198,6.02393870169427e-07,5.67056e-05,3.89851e-05,1.0423823529411764e-08,0.0035478277025121447,9.57011238235294e-05
S17,Shitalakshya,Rainy,Ni,child,Bangladesh,50.63,0.00014020615384615384,6.309276923076922e-07,5.72737556561086e-09,0.0070103076923076916,0.00011683846153846151,2.780279400781971e-07,0.00011777316923076922,2.649896307692307e-05,4.810995475113122e-09,0.007127424181786231,0.0001442769433031674
S17,Shitalakshya,Rainy,Cu,adult,Bangladesh,91.33,0.00012177333333333332,1.6743833333333335e-06,2.238480392156863e-08,0.003044333333333333,0.00013953194444444445,5.596200980392157e-07,0.0,0.0,0.0,0.0031844248978758166,0.0
S17,Shitalakshya,Rainy,Cu,child,Bangladesh,91.33,0.00025291384615384616,1.1381123076923078e-06,1.0331447963800904e-08,0.006322846153846154,9.484269230769232e-05,2.582861990950226e-07,0.0,0.0,0.0,0.006417947132352941,0.0
S17,Shitalakshya,Rainy,As,adult,Bangladesh,15.84,2.112e-05,2.9039999999999995e-07,3.882352941176471e-09,0.0704,0.002360975609756097,1.2898182528825483e-05,3.168e-05,1.0628639999999999e-06,5.862352941176471e-08,0.07277387379228492,3.2801487529411766e-05
S17,Shitalakshya,Rainy,As,child,Bangladesh,15.84,4.3864615384615375e-05,1.973907692307692e-07,1.7918552036199094e-09,0.1462153846153846,0.0016048030018761723,5.953007320996377e-06,6.579692307692306e-05,7.224502153846153e-07,2.7057013574660632e-08,0.1478261406245818,6.654643030588234e-05
S17,Shitalakshya,Rainy,Cd,adult,Bangladesh,9.42,1.2559999999999998e-05,1.7269999999999998e-07,2.3088235294117647e-09,0.012559999999999998,0.017269999999999997,2.3088235294117647e-06,7.912799999999999e-05,1.0880099999999999e-06,1.4545588235294117e-08,0.029832308823529406,8.023055558823529e-05
S17,Shitalakshya,Rainy,Cd,child,Bangladesh,9.42,2.608615384615384e-05,1.173876923076923e-07,1.0656108597285068e-09,0.026086153846153842,0.01173876923076923,1.065610859728507e-06,0.0001643427692307692,7.395424615384614e-07,6.713348416289593e-09,0.0378259886877828,0.00016508902504072393
S17,Shitalakshya,Rainy,Pb,adult,Bangladesh,95.44,0.00012725333333333332,1.7497333333333336e-06,2.33921568627451e-08,0.03534814814814814,0.0033328253968253974,6.645499108734403e-06,1.0816533333333333e-06,1.4872733333333337e-08,9.824705882352943e-10,0.03868761904408227,1.0975085372549019e-06
S17,Shitalakshya,Rainy,Pb,child,Bangladesh,95.44,0.00026429538461538463,1.1893292307692308e-06,1.0796380090497738e-08,0.07341538461538462,0.002265389010989011,3.0671534348004935e-06,2.2465107692307695e-06,1.0109298461538463e-08,4.5344796380090503e-10,0.07568384077980843,2.2570735156561085e-06
S17,Shitalakshya,Rainy,Fe,adult,Bangladesh,25110.0,0.03348,0.00046035,6.154411764705882e-06,0.047828571428571436,0.0032882142857142854,8.79201680672269e-06,0.0,0.0,0.0,0.05112557773109244,0.0
S17,Shitalakshya,Rainy,Fe,child,Bangladesh,25110.0,0.06953538461538462,0.0003129092307692308,2.840497737556561e-06,0.09933626373626375,0.002235065934065934,4.057853910795087e-06,0.0,0.0,0.0,0.10157538752424047,0.0
S1,Dhaleshwari,Winter,Cr,adult,Bangladesh,106.58,0.00014210666666666667,1.9539666666666664e-06,2.6122549019607843e-08,0.04736888888888889,0.03256611111111111,0.0009133758398464281,7.105333333333333e-05,3.907933333333333e-05,1.0971470588235293e-06,0.08084837583984643,0.00011122981372549019
S1,Dhaleshwari,Winter,Cr,child,Bangladesh,106.58,0.0002951446153846154,1.3281507692307695e-06,1.205656108597285e-08,0.09838153846153846,0.02213584615384616,0.00042155807992912066,0.0001475723076923077,2.6563015384615392e-05,5.063755656108597e-07,0.12093894269531374,0.00017464169864253395
S1,Dhaleshwari,Winter,Ni,adult,Bangladesh,34.35,4.58e-05,6.297500000000001e-07,8.419117647058823e-09,0.00229,0.00011662037037037038,4.086950314106225e-07,3.8472e-05,2.6449500000000005e-05,7.0720588235294115e-09,0.002407029065401781,6.492857205882353e-05
S1,Dhaleshwari,Winter,Ni,child,Bangladesh,34.35,9.512307692307691e-05,4.280538461538461e-07,3.8857466063348414e-09,0.004756153846153845,7.926923076923075e-05,1.886284760356719e-07,7.99033846153846e-05,1.797826153846154e-05,3.2640271493212667e-09,0.004835611705399112,9.788491018099546e-05
S1,Dhaleshwari,Winter,Cu,adult,Bangladesh,69.95,9.326666666666667e-05,1.2824166666666667e-06,1.7144607843137254e-08,0.0023316666666666668,0.00010686805555555555,4.286151960784313e-07,0.0,0.0,0.0,0.0024389633374183005,0.0
S1,Dhaleshwari,Winter,Cu,child,Bangladesh,69.95,0.00019370769230769231,8.716846153846155e-07,7.91289592760181e-09,0.004842692307692307,7.264038461538462e-05,1.9782239819004526e-07,0.0,0.0,0.0,0.004915530514705882,0.0
S1,Dhaleshwari,Winter,As,adult,Bangladesh,9.12,1.2159999999999997e-05,1.672e-07,2.2352941176470585e-09,0.040533333333333324,0.0013593495934959348,7.426226304475278e-06,1.8239999999999995e-05,6.11952e-07,3.375294117647058e-08,0.04190010915313373,1.8885704941176464e-05
S1,Dhaleshwari,Winter,As,child,Bangladesh,9.12,2.5255384615384613e-05,1.1364923076923075e-07,1.0316742081447962e-09,0.08418461538461539,0.0009239774859287052,3.427489063603974e-06,3.788307692307692e-05,4.159561846153846e-07,1.5578280542986423e-08,0.0851120203596077,3.8314611388235286e-05
S1,Dhaleshwari,Winter,Cd,adult,Bangladesh,4.43,5.9066666666666655e-06,8.121666666666666e-08,1.08578431372549e-09,0.005906666666666665,0.008121666666666666,1.08578431372549e-06,3.721199999999999e-05,5.11665e-07,6.840441176470587e-09,0.014029419117647055,3.773050544117646e-05
S1,Dhaleshwari,Winter,Cd,child,Bangladesh,4.43,1.2267692307692308e-05,5.5204615384615384e-08,5.011312217194569e-10,0.012267692307692308,0.005520461538461538,5.011312217194569e-07,7.728646153846155e-05,3.477890769230769e-07,3.1571266968325782e-09,0.017788654977375567,7.763740774208146e-05
S1,Dhaleshwari,Winter,Pb,adult,Bangladesh,105.9,0.0001412,1.9415000000000004e-06,2.5955882352941175e-08,0.03922222222222222,0.003698095238095239,7.3738302139037425e-06,1.2002e-06,1.6502750000000005e-08,1.0901470588235295e-09,0.04292769129053136,1.2177928970588234e-06
S1,Dhaleshwari,Winter,Pb,child,Bangladesh,105.9,0.00029326153846153844,1.3196769230769232e-06,1.1979638009049774e-08,0.08146153846153846,0.00251367032967033,3.403306252570958e-06,2.4927230769230767e-06,1.1217253846153848e-08,5.031447963800905e-10,0.08397861209746135,2.504443475565611e-06
S1,Dhaleshwari,Winter,Fe,adult,Bangladesh,29400.0,0.0392,0.000539,7.205882352941177e-06,0.056,0.0038499999999999997,1.0294117647058824e-05,0.0,0.0,0.0,0.05986029411764706,0.0
S1,Dhaleshwari,Winter,Fe,child,Bangladesh,29400.0,0.08141538461538461,0.0003663692307692307,3.3257918552036197e-06,0.1163076923076923,0.002616923076923076,4.751131221719457e-06,0.0,0.0,0.0,0.1189293665158371,0.0
S2,Dhaleshwari,Winter,Cr,adult,Bangladesh,104.28,0.00013904000000000002,1.9117999999999996e-06,2.5558823529411766e-08,0.046346666666666675,0.03186333333333333,0.0008936651583710408,6.952000000000001e-05,3.823599999999999e-05,1.0734705882352941e-06,0.07910366515837104,0.0001088294705882353
S2,Dhaleshwari,Winter,Cr,child,Bangladesh,104.28,0.0002887753846153846,1.2994892307692308e-06,1.1796380090497737e-08,0.09625846153846153,0.021658153846153844,0.0004124608423250957,0.0001443876923076923,2.5989784615384614e-05,4.95447963800905e-07,0.11832907622694047,0.00017087292488687783
S2,Dhaleshwari,Winter,Ni,adult,Bangladesh,27.1,3.613333333333333e-05,4.968333333333334e-07,6.642156862745098e-09,0.0018066666666666665,9.200617283950618e-05,3.224347991623834e-07,3.0351999999999993e-05,2.0867000000000002e-05,5.579411764705882e-09,0.001898995274305335,5.1224579411764705e-05
S2,Dhaleshwari,Winter,Ni,child,Bangladesh,27.1,7.504615384615385e-05,3.377076923076923e-07,3.0656108597285067e-09,0.0037523076923076924,6.253846153846153e-05,1.4881606115186926e-07,6.303876923076923e-05,1.4183723076923078e-05,2.5751131221719456e-09,0.003814994969907306,7.722506742081448e-05
S2,Dhaleshwari,Winter,Cu,adult,Bangladesh,75.12,0.00010016000000000003,1.3772000000000001e-06,1.8411764705882352e-08,0.0025040000000000006,0.00011476666666666667,4.602941176470588e-07,0.0,0.0,0.0,0.0026192269607843146,0.0
S2,Dhaleshwari,Winter,Cu,child,Bangladesh,75.12,0.0002080246153846154,9.361107692307692e-07,8.497737556561087e-09,0.005200615384615385,7.800923076923076e-05,2.1244343891402716e-07,0.0,0.0,0.0,0.00527883705882353,0.0
S2,Dhaleshwari,Winter,As,adult,Bangladesh,13.79,1.838666666666666e-05,2.528166666666667e-07,3.379901960784313e-09,0.06128888888888888,0.002055420054200542,1.1228910168718649e-05,2.757999999999999e-05,9.253090000000001e-07,5.103651960784313e-08,0.06335553785325815,2.8556345519607834e-05
S2,Dhaleshwari,Winter,As,child,Bangladesh,13.79,3.81876923076923e-05,1.7184461538461537e-07,1.5599547511312214e-09,0.12729230769230768,0.0013971106941838647,5.182573924023991e-06,5.728153846153845e-05,6.289512923076923e-07,2.3555316742081442e-08,0.12869460096041554,5.7934045070588224e-05
S2,Dhaleshwari,Winter,Cd,adult,Bangladesh,3.82,5.0933333333333326e-06,7.003333333333332e-08,9.362745098039215e-10,0.0050933333333333325,0.007003333333333331,9.362745098039215e-07,3.2087999999999995e-05,4.412099999999999e-07,5.8985294117647054e-09,0.012097602941176467,3.253510852941176e-05
S2,Dhaleshwari,Winter,Cd,child,Bangladesh,3.82,1.057846153846154e-05,4.7603076923076916e-08,4.321266968325791e-10,0.01057846153846154,0.004760307692307691,4.321266968325791e-07,6.66443076923077e-05,2.9989938461538454e-07,2.722398190045248e-09,0.015339201357466066,6.694692947511313e-05
S2,Dhaleshwari,Winter,Pb,adult,Bangladesh,96.14,0.00012818666666666666,1.7625666666666667e-06,2.356372549019608e-08,0.03560740740740741,0.0033572698412698415,6.694240196078431e-06,1.0895866666666666e-06,1.4981816666666667e-08,9.896764705882355e-10,0.03897137148887333,1.1055581598039217e-06
S2,Dhaleshwari,Winter,Pb,child,Bangladesh,96.14,0.00026623384615384615,1.1980523076923075e-06,1.0875565610859728e-08,0.07395384615384616,0.0022820043956043954,3.089649321266968e-06,2.2629876923076924e-06,1.0183444615384613e-08,4.567737556561086e-10,0.07623894019877182,2.273627910678733e-06
S2,Dhaleshwari,Winter,Fe,adult,Bangladesh,32100.0,0.042800000000000005,0.0005884999999999999,7.867647058823529e-06,0.06114285714285715,0.004203571428571428,1.1239495798319328e-05,0.0,0.0,0.0,0.0653576680672269,0.0
S2,Dhaleshwari,Winter,Fe,child,Bangladesh,32100.0,0.08889230769230769,0.00040001538461538466,3.6312217194570134e-06,0.126989010989011,0.0028572527472527473,5.187459599224305e-06,0.0,0.0,0.0,0.12985145119586297,0.0
S3,Dhaleshwari,Winter,Cr,adult,Bangladesh,89.77,0.00011969333333333331,1.6457833333333333e-06,2.2002450980392156e-08,0.03989777777777777,0.02742972222222222,0.0007693164678458796,5.984666666666666e-05,3.291566666666667e-05,9.241029411764706e-07,0.06809681646784586,9.368643627450979e-05
S3,Dhaleshwari,Winter,Cr,child,Bangladesh,89.77,0.0002485938461538461,1.1186723076923076e-06,1.015497737556561e-08,0.08286461538461537,0.01864453846153846,0.00035506913900579056,0.00012429692307692306,2.237344615384615e-05,4.2650904977375567e-07,0.10186422298515962,0.00014709687828054298
S3,Dhaleshwari,Winter,Ni,adult,Bangladesh,59.33,7.910666666666667e-05,1.0877166666666667e-06,1.4541666666666665e-08,0.003955333333333333,0.00020142901234567902,7.059061488673138e-07,6.64496e-05,4.56841e-05,1.2214999999999997e-08,0.004157468251827879,0.000112145915
S3,Dhaleshwari,Winter,Ni,child,Bangladesh,59.33,0.00016429846153846153,7.39343076923077e-07,6.711538461538461e-09,0.008214923076923076,0.0001369153846153846,3.2580283793876025e-07,0.00013801070769230768,3.105240923076923e-05,5.637692307692307e-09,0.0083521642643764,0.0001690687546153846
S3,Dhaleshwari,Winter,Cu,adult,Bangladesh,71.13,9.483999999999999e-05,1.3040499999999998e-06,1.7433823529411764e-08,0.002371,0.00010867083333333332,4.358455882352941e-07,0.0,0.0,0.0,0.0024801066789215684,0.0
S3,Dhaleshwari,Winter,Cu,child,Bangladesh,71.13,0.0001969753846153846,8.863892307692307e-07,8.046380090497736e-09,0.004924384615384615,7.386576923076922e-05,2.011595022624434e-07,0.0,0.0,0.0,0.004998451544117647,0.0
S3,Dhaleshwari,Winter,As,adult,Bangladesh,26.17,3.4893333333333334e-05,4.797833333333332e-07,6.414215686274511e-09,0.11631111111111112,0.0039006775067750668,2.1309686665363823e-05,5.2340000000000004e-05,1.7560069999999998e-06,9.68546568627451e-08,0.12023309830455155,5.419286165686275e-05
S3,Dhaleshwari,Winter,As,child,Bangladesh,26.17,7.247076923076924e-05,3.2611846153846153e-07,2.9604072398190053e-09,0.2415692307692308,0.002651369606003752,9.83523999939869e-06,0.00010870615384615386,1.1935935692307692e-06,4.470214932126698e-08,0.24423043561523397,0.0001099444495647059
S3,Dhaleshwari,Winter,Cd,adult,Bangladesh,2.95,3.9333333333333335e-06,5.408333333333334e-08,7.230392156862745e-10,0.003933333333333334,0.005408333333333334,7.230392156862744e-07,2.478e-05,3.4072500000000003e-07,4.555147058823529e-09,0.009342389705882354,2.5125280147058825e-05
S3,Dhaleshwari,Winter,Cd,child,Bangladesh,2.95,8.169230769230769e-06,3.676153846153846e-08,3.33710407239819e-10,0.008169230769230769,0.0036761538461538455,3.33710407239819e-07,5.146615384615384e-05,2.315976923076923e-07,2.1023755656108596e-09,0.011845718325791855,5.169985391402714e-05
S3,Dhaleshwari,Winter,Pb,adult,Bangladesh,77.36,0.00010314666666666666,1.4182666666666666e-06,1.896078431372549e-08,0.028651851851851852,0.0027014603174603177,5.386586452762923e-06,8.767466666666667e-07,1.2055266666666668e-08,7.963529411764707e-10,0.031358698755764934,8.895982862745099e-07
S3,Dhaleshwari,Winter,Pb,child,Bangladesh,77.36,0.0002142276923076923,9.640246153846155e-07,8.751131221719457e-09,0.0595076923076923,0.001836237362637363,2.4861168243521186e-06,1.8209353846153845e-06,8.194209230769232e-09,3.675475113122172e-10,0.06134641578715402,1.829497141357466e-06
S3,Dhaleshwari,Winter,Fe,adult,Bangladesh,27970.0,0.03729333333333334,0.0005127833333333334,6.855392156862745e-06,0.053276190476190484,0.0036627380952380956,9.793417366946778e-06,0.0,0.0,0.0,0.056948721988795525,0.0
S3,Dhaleshwari,Winter,Fe,child,Bangladesh,27970.0,0.07745538461538462,0.0003485492307692308,3.164027149321267e-06,0.11065054945054946,0.0024896373626373627,4.520038784744667e-06,0.0,0.0,0.0,0.11314470685197157,0.0
S4,Dhaleshwari,Winter,Cr,adult,Bangladesh,71.55,9.54e-05,1.31175e-06,1.7536764705882352e-08,0.0318,0.0218625,0.0006131735911147675,4.77e-05,2.6235e-05,7.365441176470587e-07,0.05427567359111477,7.467154411764706e-05
S4,Dhaleshwari,Winter,Cr,child,Bangladesh,71.55,0.00019813846153846152,8.916230769230769e-07,8.093891402714932e-09,0.06604615384615384,0.014860384615384616,0.0002830031958991235,9.906923076923076e-05,1.7832461538461537e-05,3.3994343891402715e-07,0.08118954165743757,0.00011724163574660633
S4,Dhaleshwari,Winter,Ni,adult,Bangladesh,49.17,6.555999999999999e-05,9.014500000000001e-07,1.2051470588235296e-08,0.0032779999999999992,0.0001669351851851852,5.850228440890921e-07,5.507039999999999e-05,3.78609e-05,1.0123235294117649e-08,0.0034455202080292736,9.29414232352941e-05
S4,Dhaleshwari,Winter,Ni,child,Bangladesh,49.17,0.00013616307692307695,6.127338461538461e-07,5.562217194570137e-09,0.0068081538461538475,0.00011346923076923076,2.700105434257348e-07,0.00011437698461538463,2.5734821538461535e-05,4.672262443438915e-09,0.006921893087466504,0.0001401164784162896
S4,Dhaleshwari,Winter,Cu,adult,Bangladesh,92.34,0.00012312,1.6929000000000001e-06,2.2632352941176474e-08,0.003078,0.000141075,5.658088235294119e-07,0.0,0.0,0.0,0.0032196408088235296,0.0
S4,Dhaleshwari,Winter,Cu,child,Bangladesh,92.34,0.00025571076923076923,1.1506984615384615e-06,1.0445701357466066e-08,0.0063927692307692305,9.589153846153845e-05,2.611425339366516e-07,0.0,0.0,0.0,0.006488921911764705,0.0
S4,Dhaleshwari,Winter,As,adult,Bangladesh,25.35,3.3799999999999995e-05,4.6475e-07,6.213235294117647e-09,0.11266666666666666,0.0037784552845528453,2.0641977721321088e-05,5.069999999999999e-05,1.700985e-06,9.381985294117647e-08,0.11646576392894083,5.249480485294117e-05
S4,Dhaleshwari,Winter,As,child,Bangladesh,25.35,7.020000000000001e-05,3.1589999999999996e-07,2.8676470588235294e-09,0.23400000000000007,0.0025682926829268286,9.527066640609732e-06,0.00010530000000000001,1.1561939999999999e-06,4.3301470588235294e-08,0.23657781974956751,0.00010649949547058825
S4,Dhaleshwari,Winter,Cd,adult,Bangladesh,2.36,3.1466666666666656e-06,4.3266666666666664e-08,5.784313725490197e-10,0.0031466666666666657,0.004326666666666666,5.784313725490197e-07,1.9823999999999992e-05,2.7257999999999997e-07,3.6441176470588238e-09,0.007473911764705881,2.0100224117647052e-05
S4,Dhaleshwari,Winter,Cd,child,Bangladesh,2.36,6.535384615384614e-06,2.9409230769230767e-08,2.669683257918552e-10,0.006535384615384614,0.0029409230769230767,2.669683257918552e-07,4.117292307692306e-05,1.8527815384615383e-07,1.6819004524886875e-09,0.009476574660633482,4.1359883131221704e-05
S4,Dhaleshwari,Winter,Pb,adult,Bangladesh,90.48,0.00012064,1.6588000000000001e-06,2.2176470588235295e-08,0.03351111111111111,0.003159619047619048,6.300133689839572e-06,1.02544e-06,1.4099800000000001e-08,9.314117647058824e-10,0.03667703029242,1.040471211764706e-06
S4,Dhaleshwari,Winter,Pb,child,Bangladesh,90.48,0.00025056,1.1275200000000003e-06,1.023529411764706e-08,0.0696,0.0021476571428571435,2.9077540106951872e-06,2.12976e-06,9.583920000000004e-09,4.298823529411765e-10,0.07175056489686783,2.139773802352941e-06
S4,Dhaleshwari,Winter,Fe,adult,Bangladesh,25780.0,0.03437333333333333,0.0004726333333333333,6.3186274509803926e-06,0.04910476190476191,0.0033759523809523805,9.026610644257705e-06,0.0,0.0,0.0,0.05248974089635855,0.0
S4,Dhaleshwari,Winter,Fe,child,Bangladesh,25780.0,0.07139076923076922,0.0003212584615384615,2.916289592760181e-06,0.10198681318681317,0.0022947032967032964,4.166127989657401e-06,0.0,0.0,0.0,0.10428568261150613,0.0
S5,Dhaleshwari,Winter,Cr,adult,Bangladesh,100.15,0.00013353333333333334,1.8360833333333334e-06,2.454656862745098e-08,0.04451111111111111,0.03060138888888889,0.0008582716303304538,6.676666666666667e-05,3.672166666666667e-05,1.0309558823529413e-06,0.07597077163033045,0.00010451928921568628
S5,Dhaleshwari,Winter,Cr,child,Bangladesh,100.15,0.00027733846153846155,1.2480230769230768e-06,1.1329185520361992e-08,0.09244615384615384,0.020800384615384613,0.00039612536784482485,0.00013866923076923077,2.4960461538461537e-05,4.7582579185520366e-07,0.11364266382938328,0.0001641055180995475
S5,Dhaleshwari,Winter,Ni,adult,Bangladesh,50.68,6.757333333333333e-05,9.291333333333333e-07,1.242156862745098e-08,0.0033786666666666665,0.0001720617283950617,6.029887683228631e-07,5.6761599999999995e-05,3.90236e-05,1.0434117647058823e-08,0.003551331383830051,9.579563411764705e-05
S5,Dhaleshwari,Winter,Ni,child,Bangladesh,50.68,0.00014034461538461537,6.315507692307691e-07,5.733031674208145e-09,0.007017230769230769,0.00011695384615384612,2.7830250845670607e-07,0.00011788947692307691,2.6525132307692303e-05,4.815746606334841e-09,0.007134462917893072,0.00014441942497737557
S5,Dhaleshwari,Winter,Cu,adult,Bangladesh,100.22,0.00013362666666666667,1.8373666666666668e-06,2.4563725490196078e-08,0.0033406666666666667,0.0001531138888888889,6.140931372549019e-07,0.0,0.0,0.0,0.0034943946486928105,0.0
S5,Dhaleshwari,Winter,Cu,child,Bangladesh,100.22,0.0002775323076923077,1.2488953846153847e-06,1.133710407239819e-08,0.006938307692307692,0.00010407461538461538,2.8342760180995474e-07,0.0,0.0,0.0,0.007042665735294118,0.0
S5,Dhaleshwari,Winter,As,adult,Bangladesh,28.37,3.782666666666667e-05,5.201166666666667e-07,6.953431372549019e-09,0.12608888888888892,0.004228590785907859,2.310110090547847e-05,5.674e-05,1.9036270000000002e-06,1.0499681372549018e-07,0.13034058077570226,5.8748623813725496e-05
S5,Dhaleshwari,Winter,As,child,Bangladesh,28.37,7.856307692307693e-05,3.5353384615384616e-07,3.2092760180995475e-09,0.2618769230769231,0.002874258911819887,1.0662046571759294e-05,0.0001178446153846154,1.293933876923077e-06,4.846006787330317e-08,0.2647618440353147,0.00011918700932941178
S5,Dhaleshwari,Winter,Cd,adult,Bangladesh,2.1,2.8e-06,3.8499999999999994e-08,5.147058823529411e-10,0.0028,0.0038499999999999993,5.147058823529411e-07,1.7639999999999997e-05,2.4254999999999996e-07,3.242647058823529e-09,0.006650514705882352,1.788579264705882e-05
S5,Dhaleshwari,Winter,Cd,child,Bangladesh,2.1,5.815384615384615e-06,2.616923076923077e-08,2.3755656108597284e-10,0.005815384615384615,0.0026169230769230766,2.3755656108597282e-07,3.663692307692307e-05,1.6486615384615385e-07,1.4966063348416288e-09,0.008432545248868776,3.680328583710407e-05
S5,Dhaleshwari,Winter,Pb,adult,Bangladesh,79.1,0.00010546666666666666,1.4501666666666667e-06,1.9387254901960786e-08,0.029296296296296296,0.0027622222222222223,5.507742869875223e-06,8.964666666666667e-07,1.2326416666666667e-08,8.142647058823531e-10,0.0320640262613884,9.096073480392157e-07
S5,Dhaleshwari,Winter,Pb,child,Bangladesh,79.1,0.00021904615384615378,9.857076923076918e-07,8.947963800904977e-09,0.06084615384615383,0.0018775384615384607,2.542035170711641e-06,1.8618923076923072e-06,8.378515384615381e-09,3.758144796380091e-10,0.062726234342863,1.8706466375565606e-06
S5,Dhaleshwari,Winter,Fe,adult,Bangladesh,36480.0,0.048639999999999996,0.0006688,8.941176470588235e-06,0.06948571428571429,0.0047771428571428565,1.277310924369748e-05,0.0,0.0,0.0,0.07427563025210084,0.0
S5,Dhaleshwari,Winter,Fe,child,Bangladesh,36480.0,0.10102153846153845,0.0004545969230769231,4.126696832579185e-06,0.14431648351648352,0.003247120879120879,5.895281189398836e-06,0.0,0.0,0.0,0.1475694996767938,0.0
S6,Dhaleshwari,Winter,Cr,adult,Bangladesh,86.2,0.00011493333333333331,1.5803333333333335e-06,2.1127450980392156e-08,0.0383111111111111,0.02633888888888889,0.000738722062251474,5.7466666666666656e-05,3.160666666666667e-05,8.873529411764706e-07,0.06538872206225146,8.99606862745098e-05
S6,Dhaleshwari,Winter,Cr,child,Bangladesh,86.2,0.00023870769230769232,1.0741846153846154e-06,9.751131221719456e-09,0.07956923076923077,0.017903076923076924,0.0003409486441160649,0.00011935384615384616,2.1483692307692308e-05,4.0954751131221717e-07,0.09781325633642375,0.0001412470859728507
S6,Dhaleshwari,Winter,Ni,adult,Bangladesh,23.32,3.109333333333333e-05,4.2753333333333334e-07,5.715686274509804e-09,0.0015546666666666664,7.917283950617284e-05,2.774604987626118e-07,2.6118399999999997e-05,1.79564e-05,4.801176470588235e-09,0.0016341169666716018,4.407960117647059e-05
S6,Dhaleshwari,Winter,Ni,child,Bangladesh,23.32,6.457846153846155e-05,2.90603076923077e-07,2.6380090497737555e-09,0.003228923076923077,5.3815384615384625e-05,1.2805869173659008e-07,5.4245907692307696e-05,1.2205329230769233e-05,2.2159276018099546e-09,0.0032828665202301985,6.645345285067875e-05
S6,Dhaleshwari,Winter,Cu,adult,Bangladesh,189.14,0.00025218666666666664,3.4675666666666662e-06,4.63578431372549e-08,0.006304666666666666,0.00028896388888888886,1.1589460784313726e-06,0.0,0.0,0.0,0.006594789501633985,0.0
S6,Dhaleshwari,Winter,Cu,child,Bangladesh,189.14,0.0005237723076923077,2.356975384615384e-06,2.1395927601809956e-08,0.013094307692307692,0.00019641461538461532,5.348981900452489e-07,0.0,0.0,0.0,0.013291257205882352,0.0
S6,Dhaleshwari,Winter,As,adult,Bangladesh,14.2,1.893333333333333e-05,2.603333333333333e-07,3.480392156862745e-09,0.0631111111111111,0.002116531165311653,1.1562764640740016e-05,2.8399999999999996e-05,9.5282e-07,5.2553921568627445e-08,0.06523920504106351,2.9405373921568622e-05
S6,Dhaleshwari,Winter,As,child,Bangladesh,14.2,3.932307692307692e-05,1.7695384615384613e-07,1.6063348416289594e-09,0.1310769230769231,0.001438649155722326,5.3366606034184694e-06,5.898461538461538e-05,6.476510769230769e-07,2.4255656108597285e-08,0.13252090889324886,5.9656522117647056e-05
S6,Dhaleshwari,Winter,Cd,adult,Bangladesh,1.5,2e-06,2.75e-08,3.676470588235294e-10,0.002,0.00275,3.676470588235294e-07,1.26e-05,1.7325e-07,2.316176470588235e-09,0.004750367647058823,1.2775566176470589e-05
S6,Dhaleshwari,Winter,Cd,child,Bangladesh,1.5,4.153846153846154e-06,1.869230769230769e-08,1.6968325791855203e-10,0.004153846153846154,0.0018692307692307689,1.6968325791855202e-07,2.6169230769230768e-05,1.1776153846153844e-07,1.0690045248868778e-09,0.006023246606334841,2.6288061312217195e-05
S6,Dhaleshwari,Winter,Pb,adult,Bangladesh,63.44,8.458666666666665e-05,1.163066666666667e-06,1.5549019607843137e-08,0.023496296296296293,0.00221536507936508,4.417335115864527e-06,7.189866666666665e-07,9.886066666666669e-09,6.530588235294118e-10,0.02571607871077724,7.295257921568626e-07
S6,Dhaleshwari,Winter,Pb,child,Bangladesh,63.44,0.00017567999999999997,7.9056e-07,7.176470588235294e-09,0.048799999999999996,0.0015058285714285714,2.038770053475936e-06,1.4932799999999998e-06,6.71976e-09,3.014117647058824e-10,0.05030786734148204,1.5003011717647058e-06
S6,Dhaleshwari,Winter,Fe,adult,Bangladesh,35130.0,0.04684,0.00064405,8.610294117647059e-06,0.06691428571428572,0.004600357142857142,1.2300420168067227e-05,0.0,0.0,0.0,0.07152694327731093,0.0
S6,Dhaleshwari,Winter,Fe,child,Bangladesh,35130.0,0.09728307692307692,0.0004377738461538462,3.973981900452489e-06,0.1389758241758242,0.003126956043956044,5.677117000646413e-06,0.0,0.0,0.0,0.14210845733678087,0.0
S7,Dhaleshwari,Winter,Cr,adult,Bangladesh,105.53,0.00014070666666666666,1.9347166666666666e-06,2.5865196078431373e-08,0.04690222222222222,0.032245277777777775,0.0009043774852598382,7.035333333333333e-05,3.869433333333333e-05,1.0863382352941178e-06,0.08005187748525984,0.00011013400490196078
S7,Dhaleshwari,Winter,Cr,child,Bangladesh,105.53,0.00029223692307692303,1.315066153846154e-06,1.1937782805429864e-08,0.09741230769230767,0.021917769230769234,0.0004174049931968484,0.00014611846153846151,2.630132307692308e-05,5.013868778280543e-07,0.11974748191627375,0.00017292117149321265
S7,Dhaleshwari,Winter,Ni,adult,Bangladesh,22.18,2.9573333333333334e-05,4.0663333333333335e-07,5.436274509803921e-09,0.0014786666666666668,7.530246913580246e-05,2.6389682086426804e-07,2.48416e-05,1.70786e-05,4.5664705882352935e-09,0.0015542330326233334,4.192476647058823e-05
S7,Dhaleshwari,Winter,Ni,child,Bangladesh,22.18,6.142153846153847e-05,2.76396923076923e-07,2.509049773755656e-09,0.0030710769230769233,5.1184615384615366e-05,1.2179853270658524e-07,5.159409230769231e-05,1.1608670769230766e-05,2.107601809954751e-09,0.0031223833369942453,6.320487067873302e-05
S7,Dhaleshwari,Winter,Cu,adult,Bangladesh,112.23,0.00014964,2.05755e-06,2.750735294117647e-08,0.0037410000000000004,0.0001714625,6.876838235294118e-07,0.0,0.0,0.0,0.003913150183823529,0.0
S7,Dhaleshwari,Winter,Cu,child,Bangladesh,112.23,0.0003107907692307693,1.3985584615384614e-06,1.2695701357466063e-08,0.007769769230769232,0.00011654653846153845,3.1739253393665156e-07,0.0,0.0,0.0,0.007886633161764708,0.0
S7,Dhaleshwari,Winter,As,adult,Bangladesh,21.37,2.8493333333333334e-05,3.917833333333333e-07,5.237745098039216e-09,0.09497777777777779,0.0031852303523035226,1.7401146505113672e-05,4.274e-05,1.4339269999999998e-06,7.908995098039215e-08,0.09818040927658642,4.425301695098039e-05
S7,Dhaleshwari,Winter,As,child,Bangladesh,21.37,5.917846153846154e-05,2.663030769230769e-07,2.417420814479638e-09,0.1972615384615385,0.0021650656660412754,8.031298386975542e-06,8.87676923076923e-05,9.746692615384615e-07,3.650305429864254e-08,0.19943463542596673,8.977886462352941e-05
S7,Dhaleshwari,Winter,Cd,adult,Bangladesh,1.36,1.8133333333333333e-06,2.4933333333333335e-08,3.333333333333334e-10,0.0018133333333333332,0.002493333333333333,3.333333333333334e-07,1.1424e-05,1.5708e-07,2.1000000000000006e-09,0.004306999999999999,1.1583179999999998e-05
S7,Dhaleshwari,Winter,Cd,child,Bangladesh,1.36,3.7661538461538463e-06,1.6947692307692313e-08,1.5384615384615387e-10,0.003766153846153846,0.0016947692307692312,1.5384615384615387e-07,2.372676923076923e-05,1.0677046153846157e-07,9.692307692307695e-10,0.0054610769230769235,2.3834508923076925e-05
S7,Dhaleshwari,Winter,Pb,adult,Bangladesh,40.55,5.406666666666666e-05,7.434166666666668e-07,9.938725490196079e-09,0.015018518518518518,0.0014160317460317462,2.823501559714795e-06,4.5956666666666666e-07,6.319041666666668e-09,4.1742647058823534e-10,0.01643737376610998,4.663031348039216e-07
S7,Dhaleshwari,Winter,Pb,child,Bangladesh,40.55,0.00011229230769230767,5.053153846153845e-07,4.58710407239819e-09,0.031192307692307686,0.0009625054945054944,1.303154566022213e-06,9.544846153846153e-07,4.295180769230769e-09,1.92658371040724e-10,0.0321561163413792,9.58972454524887e-07
S7,Dhaleshwari,Winter,Fe,adult,Bangladesh,38900.0,0.05186666666666666,0.0007131666666666665,9.534313725490196e-06,0.07409523809523809,0.005094047619047618,1.362044817927171e-05,0.0,0.0,0.0,0.07920290616246499,0.0
S7,Dhaleshwari,Winter,Fe,child,Bangladesh,38900.0,0.10772307692307694,0.0004847538461538461,4.400452488687783e-06,0.15389010989010993,0.0034625274725274715,6.286360698125405e-06,0.0,0.0,0.0,0.15735892372333554,0.0
S8,Turag,Winter,Cr,adult,Bangladesh,18.19,2.4253333333333337e-05,3.334833333333333e-07,4.4583333333333336e-09,0.008084444444444446,0.005558055555555555,0.0001558857808857809,1.2126666666666669e-05,6.6696666666666664e-06,1.8725e-07,0.013798385780885783,1.8983583333333336e-05
S8,Turag,Winter,Cr,child,Bangladesh,18.19,5.037230769230769e-05,2.2667538461538463e-07,2.057692307692308e-09,0.01679076923076923,0.003777923076923077,7.194728348574503e-05,2.5186153846153847e-05,4.533507692307693e-06,8.642307692307693e-08,0.020640639591178053,2.9806084615384617e-05
S8,Turag,Winter,Ni,adult,Bangladesh,81.17,0.00010822666666666666,1.4881166666666665e-06,1.9894607843137255e-08,0.005411333333333333,0.0002755771604938271,9.657576622882162e-07,9.09104e-05,6.25009e-05,1.6711470588235292e-08,0.005687876251489449,0.00015342801147058823
S8,Turag,Winter,Ni,child,Bangladesh,81.17,0.00022477846153846152,1.0115030769230767e-06,9.18212669683258e-09,0.011238923076923075,0.00018731538461538456,4.457343056714844e-07,0.00018881390769230768,4.248312923076922e-05,7.712986425339366e-09,0.011426684195844132,0.00023130474990950222
S8,Turag,Winter,Cu,adult,Bangladesh,100.19,0.00013358666666666666,1.8368166666666666e-06,2.455637254901961e-08,0.0033396666666666666,0.00015306805555555554,6.139093137254902e-07,0.0,0.0,0.0,0.0034933486315359475,0.0
S8,Turag,Winter,Cu,child,Bangladesh,100.19,0.00027744923076923074,1.2485215384615383e-06,1.1333710407239818e-08,0.006936230769230768,0.00010404346153846152,2.8334276018099543e-07,0.0,0.0,0.0,0.007040557573529411,0.0
S8,Turag,Winter,As,adult,Bangladesh,12.54,1.6719999999999996e-05,2.299e-07,3.0735294117647058e-09,0.05573333333333332,0.0018691056910569103,1.0211061168653507e-05,2.5079999999999994e-05,8.41434e-07,4.641029411764706e-08,0.05761265008555889,2.596784429411764e-05
S8,Turag,Winter,As,child,Bangladesh,12.54,3.472615384615385e-05,1.562676923076923e-07,1.418552036199095e-09,0.11575384615384617,0.0012704690431519698,4.712797462455465e-06,5.2089230769230774e-05,5.719397538461538e-07,2.1420135746606335e-08,0.11702902799446059,5.2682590658823536e-05
S8,Turag,Winter,Cd,adult,Bangladesh,3.69,4.9199999999999995e-06,6.764999999999999e-08,9.044117647058824e-10,0.004919999999999999,0.0067649999999999984,9.044117647058824e-07,3.099599999999999e-05,4.261949999999999e-07,5.6977941176470585e-09,0.011685904411764703,3.1427892794117636e-05
S8,Turag,Winter,Cd,child,Bangladesh,3.69,1.0218461538461539e-05,4.598307692307692e-08,4.17420814479638e-10,0.010218461538461539,0.0045983076923076915,4.17420814479638e-07,6.437630769230769e-05,2.8969338461538457e-07,2.6297511312217195e-09,0.01481718665158371,6.46686308280543e-05
S8,Turag,Winter,Pb,adult,Bangladesh,233.47,0.0003112933333333333,4.280283333333334e-06,5.7223039215686264e-08,0.08647037037037036,0.008152920634920636,1.625654523172905e-05,2.6459933333333333e-06,3.638240833333334e-08,2.403367647058823e-09,0.09463954755052273,2.6847791093137254e-06
S8,Turag,Winter,Pb,child,Bangladesh,233.47,0.0006465323076923076,2.9093953846153845e-06,2.641063348416289e-08,0.1795923076923077,0.005541705494505495,7.503020876182639e-06,5.495524615384615e-06,2.472986076923077e-08,1.1092466063348416e-09,0.18514151620768937,5.52136372276018e-06
S8,Turag,Winter,Fe,adult,Bangladesh,44210.0,0.05894666666666667,0.0008105166666666667,1.083578431372549e-05,0.08420952380952382,0.005789404761904761,1.54796918767507e-05,0.0,0.0,0.0,0.09001440826330533,0.0
S8,Turag,Winter,Fe,child,Bangladesh,44210.0,0.12242769230769229,0.0005509246153846153,5.001131221719457e-06,0.1748967032967033,0.003935175824175823,7.144473173884939e-06,0.0,0.0,0.0,0.178839023594053,0.0
S9,Turag,Winter,Cr,adult,Bangladesh,17.16,2.2879999999999998e-05,3.1459999999999997e-07,4.205882352941177e-09,0.007626666666666666,0.0052433333333333325,0.00014705882352941178,1.1439999999999999e-05,6.291999999999999e-06,1.7664705882352943e-07,0.013017058823529411,1.790864705882353e-05
S9,Turag,Winter,Cr,child,Bangladesh,17.16,4.7520000000000006e-05,2.1384e-07,1.9411764705882353e-09,0.01584,0.003564,6.787330316742082e-05,2.3760000000000003e-05,4.2767999999999994e-06,8.152941176470588e-08,0.019471873303167422,2.811832941176471e-05
S9,Turag,Winter,Ni,adult,Bangladesh,85.22,0.00011362666666666667,1.5623666666666669e-06,2.0887254901960786e-08,0.005681333333333333,0.0002893271604938272,1.013944412716543e-06,9.54464e-05,6.561940000000001e-05,1.754529411764706e-08,0.005971674438239877,0.00016108334529411764
S9,Turag,Winter,Ni,child,Bangladesh,85.22,0.00023599384615384617,1.0619723076923075e-06,9.64027149321267e-09,0.011799692307692308,0.00019666153846153843,4.679743443307121e-07,0.00019823483076923077,4.4602836923076913e-05,8.097828054298642e-09,0.011996821820498178,0.00024284576552036197
S9,Turag,Winter,Cu,adult,Bangladesh,105.64,0.00014085333333333335,1.9367333333333334e-06,2.5892156862745102e-08,0.0035213333333333338,0.00016139444444444444,6.473039215686276e-07,0.0,0.0,0.0,0.003683375081699347,0.0
S9,Turag,Winter,Cu,child,Bangladesh,105.64,0.00029254153846153844,1.3164369230769229e-06,1.1950226244343894e-08,0.007313538461538461,0.0001097030769230769,2.9875565610859733e-07,0.0,0.0,0.0,0.007423540294117647,0.0
S9,Turag,Winter,As,adult,Bangladesh,14.23,1.8973333333333337e-05,2.6088333333333336e-07,3.487745098039216e-09,0.06324444444444446,0.0021210027100271004,1.1587193016741581e-05,2.8460000000000005e-05,9.548330000000002e-07,5.266495098039216e-08,0.0653770343474883,2.9467497950980397e-05
S9,Turag,Winter,As,child,Bangladesh,14.23,3.940615384615385e-05,1.773276923076923e-07,1.6097285067873306e-09,0.13135384615384618,0.0014416885553470917,5.347935238496115e-06,5.910923076923077e-05,6.490193538461538e-07,2.430690045248869e-08,0.13280088264443177,5.978255702352942e-05
S9,Turag,Winter,Cd,adult,Bangladesh,5.14,6.853333333333333e-06,9.423333333333332e-08,1.2598039215686275e-09,0.006853333333333333,0.009423333333333332,1.2598039215686275e-06,4.3175999999999995e-05,5.936699999999999e-07,7.936764705882352e-09,0.016277926470588233,4.3777606764705874e-05
S9,Turag,Winter,Cd,child,Bangladesh,5.14,1.4233846153846154e-05,6.405230769230767e-08,5.81447963800905e-10,0.014233846153846154,0.006405230769230767,5.814479638009049e-07,8.967323076923077e-05,4.0352953846153833e-07,3.6631221719457013e-09,0.02063965837104072,9.008042342986426e-05
S9,Turag,Winter,Pb,adult,Bangladesh,250.11,0.00033348000000000004,4.58535e-06,6.13014705882353e-08,0.09263333333333335,0.008734,1.741519050802139e-05,2.8345800000000007e-06,3.8975475000000006e-08,2.574661764705883e-09,0.10138474852384137,2.8761301367647068e-06
S9,Turag,Winter,Pb,child,Bangladesh,250.11,0.0006926123076923078,3.1167553846153846e-06,2.829298642533937e-08,0.19239230769230772,0.005936676923076923,8.037780234471412e-06,5.887204615384617e-06,2.6492420769230772e-08,1.1883054298642536e-09,0.19833702239561912,5.914885341583712e-06
S9,Turag,Winter,Fe,adult,Bangladesh,43980.0,0.05863999999999999,0.0008063,1.0779411764705882e-05,0.08377142857142857,0.005759285714285714,1.5399159663865546e-05,0.0,0.0,0.0,0.08954611344537815,0.0
S9,Turag,Winter,Fe,child,Bangladesh,43980.0,0.12179076923076922,0.0005480584615384616,4.975113122171946e-06,0.17398681318681317,0.003914703296703297,7.107304460245637e-06,0.0,0.0,0.0,0.1779086237879767,0.0
S10,Turag,Winter,Cr,adult,Bangladesh,13.56,1.8079999999999996e-05,2.486e-07,3.323529411764706e-09,0.006026666666666665,0.004143333333333333,0.00011620732208967503,9.039999999999998e-06,4.972e-06,1.3958823529411766e-07,0.010286207322089673,1.4151588235294115e-05
S10,Turag,Winter,Cr,child,Bangladesh,13.56,3.755076923076923e-05,1.6897846153846154e-07,1.5339366515837104e-09,0.012516923076923077,0.002816307692307692,5.363414865677309e-05,1.8775384615384614e-05,3.3795692307692306e-06,6.442533936651584e-08,0.015386864917887542,2.221937918552036e-05
S10,Turag,Winter,Ni,adult,Bangladesh,57.59,7.678666666666667e-05,1.0558166666666666e-06,1.4115196078431375e-08,0.0038393333333333335,0.00019552160493827158,6.852036931277367e-07,6.450080000000001e-05,4.4344299999999995e-05,1.1856764705882355e-08,0.004035540141964733,0.00010885695676470588
S10,Turag,Winter,Ni,child,Bangladesh,57.59,0.00015948,7.1766e-07,6.5147058823529425e-09,0.007974,0.00013289999999999998,3.162478583666477e-07,0.0001339632,3.0141719999999998e-05,5.472352941176471e-09,0.008107216247858366,0.00016411039235294118
S10,Turag,Winter,Cu,adult,Bangladesh,98.65,0.00013153333333333332,1.8085833333333334e-06,2.417892156862745e-08,0.003288333333333333,0.00015071527777777777,6.044730392156863e-07,0.0,0.0,0.0,0.003439653084150327,0.0
S10,Turag,Winter,Cu,child,Bangladesh,98.65,0.0002731846153846154,1.2293307692307692e-06,1.1159502262443438e-08,0.0068296153846153845,0.00010244423076923076,2.7898755656108597e-07,0.0,0.0,0.0,0.006932338602941177,0.0
S10,Turag,Winter,As,adult,Bangladesh,19.87,2.6493333333333336e-05,3.642833333333333e-07,4.870098039215686e-09,0.08831111111111113,0.0029616531165311648,1.61797277050355e-05,3.974e-05,1.333277e-06,7.353848039215687e-08,0.09128894395534734,4.114681548039216e-05
S10,Turag,Winter,As,child,Bangladesh,19.87,5.5024615384615384e-05,2.476107692307692e-07,2.247737556561086e-09,0.18341538461538462,0.0020130956848030015,7.46756663309331e-06,8.253692307692308e-05,9.062554153846154e-07,3.39408371040724e-08,0.18543594786682072,8.347711932941176e-05
S10,Turag,Winter,Cd,adult,Bangladesh,2.9,3.866666666666666e-06,5.316666666666666e-08,7.107843137254902e-10,0.0038666666666666663,0.005316666666666666,7.107843137254902e-07,2.4359999999999997e-05,3.3494999999999997e-07,4.4779411764705885e-09,0.009184044117647058,2.4699427941176468e-05
S10,Turag,Winter,Cd,child,Bangladesh,2.9,8.030769230769232e-06,3.6138461538461545e-08,3.2805429864253395e-10,0.008030769230769232,0.003613846153846154,3.2805429864253394e-07,5.059384615384616e-05,2.2767230769230772e-07,2.066742081447964e-09,0.011644943438914028,5.082358520361992e-05
S10,Turag,Winter,Pb,adult,Bangladesh,217.8,0.0002904,3.993e-06,5.338235294117647e-08,0.08066666666666668,0.007605714285714286,1.5165441176470588e-05,2.4684000000000004e-06,3.39405e-08,2.242058823529412e-09,0.08828754639355743,2.50458255882353e-06
S10,Turag,Winter,Pb,child,Bangladesh,217.8,0.0006031384615384614,2.714123076923077e-06,2.4638009049773755e-08,0.16753846153846153,0.005169758241758242,6.999434389140271e-06,5.126676923076922e-06,2.3070046153846156e-08,1.0347963800904977e-09,0.17271521921460892,5.1507817656108595e-06
S10,Turag,Winter,Fe,adult,Bangladesh,47390.0,0.06318666666666667,0.0008688166666666667,1.1615196078431372e-05,0.09026666666666668,0.006205833333333332,1.659313725490196e-05,0.0,0.0,0.0,0.0964890931372549,0.0
S10,Turag,Winter,Fe,child,Bangladesh,47390.0,0.13123384615384615,0.0005905523076923078,5.360859728506788e-06,0.18747692307692307,0.004218230769230769,7.658371040723982e-06,0.0,0.0,0.0,0.19170281221719457,0.0
S11,Buriganga,Winter,Cr,adult,Bangladesh,93.3,0.00012440000000000002,1.7104999999999995e-06,2.286764705882353e-08,0.04146666666666667,0.028508333333333327,0.0007995680789798437,6.220000000000001e-05,3.420999999999999e-05,9.604411764705882e-07,0.07077456807897983,9.73704411764706e-05
S11,Buriganga,Winter,Cr,child,Bangladesh,93.3,0.00025836923076923076,1.1626615384615384e-06,1.0554298642533937e-08,0.08612307692307691,0.019377692307692308,0.0003690314210676202,0.00012918461538461538,2.3253230769230767e-05,4.4328054298642534e-07,0.10586980065183683,0.00015288112669683258
S11,Buriganga,Winter,Ni,adult,Bangladesh,71.63,9.550666666666664e-05,1.3132166666666667e-06,1.7556372549019606e-08,0.004775333333333332,0.00024318827160493825,8.522510946126022e-07,8.022559999999997e-05,5.51551e-05,1.4747352941176468e-08,0.005019373856032883,0.00013539544735294114
S11,Buriganga,Winter,Ni,child,Bangladesh,71.63,0.00019836,8.9262e-07,8.102941176470587e-09,0.009918,0.00016529999999999998,3.9334665905197025e-07,0.00016662239999999998,3.749004e-05,6.806470588235293e-09,0.010083693346659052,0.00020411924647058822
S11,Buriganga,Winter,Cu,adult,Bangladesh,177.37,0.00023649333333333335,3.2517833333333332e-06,4.347303921568628e-08,0.005912333333333334,0.0002709819444444444,1.086825980392157e-06,0.0,0.0,0.0,0.006184402103758171,0.0
S11,Buriganga,Winter,Cu,child,Bangladesh,177.37,0.0004911784615384615,2.2103030769230766e-06,2.006447963800905e-08,0.012279461538461538,0.00018419192307692306,5.016119909502262e-07,0.0,0.0,0.0,0.012464155073529411,0.0
S11,Buriganga,Winter,As,adult,Bangladesh,12.81,1.708e-05,2.3485000000000002e-07,3.1397058823529413e-09,0.056933333333333336,0.001909349593495935,1.0430916552667579e-05,2.562e-05,8.595510000000001e-07,4.7409558823529415e-08,0.05885311384338194,2.652696055882353e-05
S11,Buriganga,Winter,As,child,Bangladesh,12.81,3.547384615384615e-05,1.596323076923077e-07,1.4490950226244344e-09,0.11824615384615385,0.0012978236397748592,4.814269178154267e-06,5.3210769230769225e-05,5.842542461538462e-07,2.188133484162896e-08,0.11954879175510687,5.38169048117647e-05
S11,Buriganga,Winter,Cd,adult,Bangladesh,7.1,9.466666666666665e-06,1.3016666666666666e-07,1.7401960784313725e-09,0.009466666666666665,0.013016666666666664,1.7401960784313725e-06,5.963999999999999e-05,8.2005e-07,1.0963235294117647e-08,0.02248507352941176,6.047101323529411e-05
S11,Buriganga,Winter,Cd,child,Bangladesh,7.1,1.966153846153846e-05,8.847692307692306e-08,8.031674208144797e-10,0.01966153846153846,0.008847692307692306,8.031674208144796e-07,0.0001238676923076923,5.574046153846153e-07,5.0599547511312215e-09,0.02851003393665158,0.00012443015687782803
S11,Buriganga,Winter,Pb,adult,Bangladesh,259.1,0.00034546666666666664,4.750166666666667e-06,6.350490196078431e-08,0.09596296296296296,0.00904793650793651,1.804116532976827e-05,2.9364666666666668e-06,4.0376416666666675e-08,2.667205882352941e-09,0.10502894063622924,2.9795102892156863e-06
S11,Buriganga,Winter,Pb,child,Bangladesh,259.1,0.0007175076923076924,3.2287846153846157e-06,2.9309954751131223e-08,0.19930769230769235,0.006150065934065935,8.32669169066228e-06,6.098815384615386e-06,2.7444669230769235e-08,1.2310180995475115e-09,0.20546608493344895,6.127491071945703e-06
S11,Buriganga,Winter,Fe,adult,Bangladesh,40100.0,0.05346666666666666,0.0007351666666666666,9.82843137254902e-06,0.07638095238095238,0.005251190476190475,1.40406162464986e-05,0.0,0.0,0.0,0.08164618347338937,0.0
S11,Buriganga,Winter,Fe,child,Bangladesh,40100.0,0.11104615384615386,0.0004997076923076922,4.536199095022625e-06,0.15863736263736267,0.0035693406593406587,6.480284421460893e-06,0.0,0.0,0.0,0.1622131835811248,0.0
S12,Buriganga,Winter,Cr,adult,Bangladesh,118.1,0.00015746666666666665,2.165166666666666e-06,2.894607843137255e-08,0.052488888888888884,0.036086111111111104,0.0010121006444535857,7.873333333333333e-05,4.330333333333332e-05,1.2157352941176471e-06,0.08958710064445358,0.00012325240196078428
S12,Buriganga,Winter,Cr,child,Bangladesh,118.1,0.00032704615384615386,1.471707692307692e-06,1.3359728506787331e-08,0.10901538461538461,0.02452846153846153,0.0004671233743631934,0.00016352307692307693,2.9434153846153837e-05,5.611085972850678e-07,0.13401096952820934,0.00019351833936651585
S12,Buriganga,Winter,Ni,adult,Bangladesh,79.25,0.00010566666666666667,1.4529166666666664e-06,1.9424019607843137e-08,0.0052833333333333335,0.00026905864197530855,9.429135731962688e-07,8.876e-05,6.102249999999999e-05,1.6316176470588234e-08,0.005553334888881839,0.00014979881617647057
S12,Buriganga,Winter,Ni,child,Bangladesh,79.25,0.00021946153846153846,9.87576923076923e-07,8.964932126696832e-09,0.010973076923076922,0.00018288461538461536,4.351908799367394e-07,0.0001843476923076923,4.147823076923076e-05,7.530542986425339e-09,0.011156396729341475,0.0002258334536199095
S12,Buriganga,Winter,Cu,adult,Bangladesh,261.1,0.00034813333333333336,4.786833333333334e-06,6.399509803921569e-08,0.008703333333333334,0.0003989027777777778,1.5998774509803922e-06,0.0,0.0,0.0,0.009103835988562091,0.0
S12,Buriganga,Winter,Cu,child,Bangladesh,261.1,0.0007230461538461539,3.2537076923076926e-06,2.9536199095022625e-08,0.018076153846153846,0.0002711423076923077,7.384049773755657e-07,0.0,0.0,0.0,0.01834803455882353,0.0
S12,Buriganga,Winter,As,adult,Bangladesh,9.32,1.2426666666666667e-05,1.7086666666666665e-07,2.2843137254901962e-09,0.04142222222222223,0.0013891598915989158,7.589082144485702e-06,1.864e-05,6.253719999999999e-07,3.449313725490196e-08,0.04281897119596563,1.92998651372549e-05
S12,Buriganga,Winter,As,child,Bangladesh,9.32,2.5809230769230768e-05,1.1614153846153846e-07,1.0542986425339366e-09,0.08603076923076923,0.0009442401500938085,3.502653297454939e-06,3.871384615384615e-05,4.250780307692308e-07,1.5919909502262444e-08,0.0869785120341605,3.915484409411764e-05
S12,Buriganga,Winter,Cd,adult,Bangladesh,9.1,1.2133333333333331e-05,1.668333333333333e-07,2.230392156862745e-09,0.012133333333333331,0.01668333333333333,2.2303921568627448e-06,7.643999999999998e-05,1.0510499999999999e-06,1.4051470588235292e-08,0.028818897058823525,7.750510147058822e-05
S12,Buriganga,Winter,Cd,child,Bangladesh,9.1,2.5200000000000003e-05,1.1340000000000002e-07,1.0294117647058823e-09,0.025200000000000004,0.011340000000000001,1.0294117647058823e-06,0.00015876,7.144200000000001e-07,6.485294117647058e-09,0.03654102941176471,0.00015948090529411765
S12,Buriganga,Winter,Pb,adult,Bangladesh,297.4,0.00039653333333333334,5.452333333333333e-06,7.28921568627451e-08,0.11014814814814815,0.010385396825396825,2.0707999108734405e-05,3.3705333333333336e-06,4.634483333333333e-08,3.0614705882352947e-09,0.12055425297265371,3.4199396372549025e-06
S12,Buriganga,Winter,Pb,child,Bangladesh,297.4,0.0008235692307692306,3.706061538461538e-06,3.3642533936651586e-08,0.22876923076923072,0.007059164835164835,9.55753805018511e-06,7.00033846153846e-06,3.1501523076923075e-08,1.4129864253393668e-09,0.23583795314244574,7.033252971040723e-06
S12,Buriganga,Winter,Fe,adult,Bangladesh,44600.0,0.05946666666666667,0.0008176666666666666,1.0931372549019607e-05,0.08495238095238096,0.005840476190476189,1.561624649859944e-05,0.0,0.0,0.0,0.09080847338935574,0.0
S12,Buriganga,Winter,Fe,child,Bangladesh,44600.0,0.1235076923076923,0.0005557846153846154,5.04524886877828e-06,0.17643956043956044,0.003969890109890109,7.2074983839689724e-06,0.0,0.0,0.0,0.18041665804783452,0.0
S13,Balu,Winter,Cr,adult,Bangladesh,17.11,2.281333333333333e-05,3.1368333333333336e-07,4.193627450980392e-09,0.007604444444444443,0.005228055555555556,0.00014663033045385988,1.1406666666666665e-05,6.273666666666667e-06,1.761323529411765e-07,0.01297913033045386,1.7856465686274512e-05
S13,Balu,Winter,Cr,child,Bangladesh,17.11,4.738153846153846e-05,2.1321692307692307e-07,1.9355203619909504e-09,0.01579384615384615,0.0035536153846153842,6.767553713255071e-05,2.369076923076923e-05,4.264338461538461e-06,8.129185520361992e-08,0.019415137075594086,2.803639954751131e-05
S13,Balu,Winter,Ni,adult,Bangladesh,39.41,5.254666666666666e-05,7.225166666666666e-07,9.659313725490196e-09,0.002627333333333333,0.00013379938271604935,4.68898724538359e-07,4.413919999999999e-05,3.0345699999999996e-05,8.113823529411764e-09,0.002761601614773921,7.44930138235294e-05
S13,Balu,Winter,Ni,child,Bangladesh,39.41,0.0001091353846153846,4.911092307692306e-07,4.4581447963800905e-09,0.00545676923076923,9.094615384615381e-05,2.164147959407811e-07,9.167372307692306e-05,2.0626587692307686e-05,3.744841628959276e-09,0.005547931799411324,0.00011230405561085971
S13,Balu,Winter,Cu,adult,Bangladesh,75.15,0.00010019999999999998,1.3777500000000003e-06,1.8419117647058823e-08,0.0025049999999999994,0.00011481250000000002,4.604779411764706e-07,0.0,0.0,0.0,0.002620272977941176,0.0
S13,Balu,Winter,Cu,child,Bangladesh,75.15,0.0002081076923076923,9.364846153846155e-07,8.501131221719457e-09,0.0052026923076923075,7.804038461538462e-05,2.1252828054298641e-07,0.0,0.0,0.0,0.005280945220588235,0.0
S13,Balu,Winter,As,adult,Bangladesh,7.49,9.986666666666667e-06,1.3731666666666667e-07,1.8357843137254904e-09,0.033288888888888896,0.0011163956639566395,6.0989512083903335e-06,1.498e-05,5.02579e-07,2.7720343137254906e-08,0.03441138350405393,1.5510299343137255e-05
S13,Balu,Winter,As,child,Bangladesh,7.49,2.074153846153846e-05,9.333692307692307e-08,8.472850678733033e-10,0.06913846153846154,0.0007588367729831143,2.8149005577186157e-06,3.111230769230769e-05,3.4161313846153846e-07,1.2794004524886879e-08,0.06990011321200237,3.146671483529412e-05
S13,Balu,Winter,Cd,adult,Bangladesh,2.31,3.0799999999999997e-06,4.234999999999999e-08,5.661764705882353e-10,0.00308,0.004234999999999999,5.661764705882353e-07,1.9404e-05,2.6680499999999996e-07,3.5669117647058822e-09,0.007315566176470587,1.9674371911764706e-05
S13,Balu,Winter,Cd,child,Bangladesh,2.31,6.396923076923076e-06,2.8786153846153846e-08,2.6131221719457013e-10,0.006396923076923076,0.0028786153846153844,2.6131221719457014e-07,4.030061538461538e-05,1.8135276923076923e-07,1.6462669683257917e-09,0.009275799773755655,4.048361442081448e-05
S13,Balu,Winter,Pb,adult,Bangladesh,64.1,8.546666666666665e-05,1.1751666666666664e-06,1.571078431372549e-08,0.023740740740740736,0.002238412698412698,4.463290998217469e-06,7.264666666666666e-07,9.988916666666665e-09,6.598529411764707e-10,0.025983616730151652,7.371154362745097e-07
S13,Balu,Winter,Pb,child,Bangladesh,64.1,0.0001775076923076923,7.987846153846153e-07,7.251131221719457e-09,0.04930769230769231,0.0015214945054945054,2.0599804607157547e-06,1.5088153846153846e-06,6.789669230769231e-09,3.045475113122172e-10,0.05083124679364753,1.515909601357466e-06
S13,Balu,Winter,Fe,adult,Bangladesh,30460.0,0.04061333333333333,0.0005584333333333333,7.465686274509804e-06,0.058019047619047616,0.003988809523809523,1.0665266106442578e-05,0.0,0.0,0.0,0.062018522408963585,0.0
S13,Balu,Winter,Fe,child,Bangladesh,30460.0,0.08435076923076923,0.0003795784615384616,3.4457013574660634e-06,0.1205010989010989,0.0027112747252747253,4.922430510665806e-06,0.0,0.0,0.0,0.12321729605688429,0.0
S14,Balu,Winter,Cr,adult,Bangladesh,12.9,1.7199999999999998e-05,2.365e-07,3.161764705882353e-09,0.0057333333333333325,0.003941666666666667,0.00011055121349238996,8.599999999999999e-06,4.7300000000000005e-06,1.3279411764705884e-07,0.00978555121349239,1.3462794117647058e-05
S14,Balu,Winter,Cr,child,Bangladesh,12.9,3.572307692307692e-05,1.6075384615384615e-07,1.4592760180995476e-09,0.011907692307692307,0.0026792307692307693,5.102363699648768e-05,1.786153846153846e-05,3.215076923076923e-06,6.1289592760181e-08,0.014637946713919563,2.1137904977375564e-05
S14,Balu,Winter,Ni,adult,Bangladesh,25.78,3.4373333333333325e-05,4.726333333333333e-07,6.318627450980392e-09,0.0017186666666666663,8.752469135802467e-05,3.0672948791166954e-07,2.887359999999999e-05,1.98506e-05,5.307647058823529e-09,0.0018064980875126028,4.8729507647058816e-05
S14,Balu,Winter,Ni,child,Bangladesh,25.78,7.139076923076924e-05,3.2125846153846153e-07,2.916289592760181e-09,0.003569538461538462,5.949230769230769e-05,1.415674559592321e-07,5.996824615384616e-05,1.3492855384615384e-05,2.449683257918552e-09,0.0036291723366867292,7.346355122171946e-05
S14,Balu,Winter,Cu,adult,Bangladesh,79.57,0.00010609333333333332,1.4587833333333332e-06,1.9502450980392156e-08,0.002652333333333333,0.00012156527777777777,4.875612745098038e-07,0.0,0.0,0.0,0.0027743861723856207,0.0
S14,Balu,Winter,Cu,child,Bangladesh,79.57,0.0002203476923076923,9.915646153846152e-07,9.001131221719458e-09,0.005508692307692307,8.26303846153846e-05,2.2502828054298645e-07,0.0,0.0,0.0,0.0055915477205882354,0.0
S14,Balu,Winter,As,adult,Bangladesh,8.53,1.1373333333333333e-05,1.5638333333333332e-07,2.090686274509804e-09,0.03791111111111112,0.0012714092140921408,6.945801576444532e-06,1.706e-05,5.72363e-07,3.1569362745098044e-08,0.039189466126779704,1.76639323627451e-05
S14,Balu,Winter,As,child,Bangladesh,8.53,2.3621538461538456e-05,1.0629692307692307e-07,9.649321266968326e-10,0.07873846153846152,0.0008642026266416509,3.20575457374363e-06,3.5432307692307684e-05,3.8904673846153844e-07,1.4570475113122172e-08,0.07960586991967691,3.583592490588234e-05
S14,Balu,Winter,Cd,adult,Bangladesh,1.53,2.04e-06,2.805e-08,3.75e-10,0.0020399999999999997,0.0028049999999999998,3.75e-07,1.2852e-05,1.76715e-07,2.3625e-09,0.004845375,1.30310775e-05
S14,Balu,Winter,Cd,child,Bangladesh,1.53,4.2369230769230765e-06,1.9066153846153845e-08,1.7307692307692307e-10,0.0042369230769230765,0.0019066153846153844,1.7307692307692305e-07,2.669261538461538e-05,1.2011676923076923e-07,1.0903846153846153e-09,0.006143711538461538,2.6813822538461536e-05
S14,Balu,Winter,Pb,adult,Bangladesh,59.8,7.973333333333332e-05,1.0963333333333332e-06,1.4656862745098039e-08,0.022148148148148146,0.0020882539682539683,4.163881461675579e-06,6.777333333333333e-07,9.318833333333333e-09,6.155882352941177e-10,0.02424056599786379,6.876677549019607e-07
S14,Balu,Winter,Pb,child,Bangladesh,59.8,0.0001656,7.452e-07,6.7647058823529415e-09,0.046,0.0014194285714285715,1.9217914438502673e-06,1.4076e-06,6.3342e-09,2.8411764705882354e-10,0.04742135036287242,1.4142183176470588e-06
S14,Balu,Winter,Fe,adult,Bangladesh,31790.0,0.04238666666666666,0.0005828166666666666,7.791666666666667e-06,0.06055238095238095,0.00416297619047619,1.1130952380952381e-05,0.0,0.0,0.0,0.0647264880952381,0.0
S14,Balu,Winter,Fe,child,Bangladesh,31790.0,0.08803384615384616,0.00039615230769230765,3.5961538461538462e-06,0.12576263736263738,0.00282965934065934,5.137362637362638e-06,0.0,0.0,0.0,0.12859743406593407,0.0
S15,Shitalakshya,Winter,Cr,adult,Bangladesh,80.03,0.00010670666666666666,1.4672166666666666e-06,1.9615196078431373e-08,0.035568888888888886,0.02445361111111111,0.0006858460167283697,5.335333333333333e-05,2.9344333333333333e-05,8.238382352941176e-07,0.060708346016728365,8.352150490196078e-05
S15,Shitalakshya,Winter,Cr,child,Bangladesh,80.03,0.00022162153846153843,9.97296923076923e-07,9.05316742081448e-09,0.07387384615384614,0.016621615384615384,0.0003165443154130937,0.00011081076923076922,1.994593846153846e-05,3.8023303167420815e-07,0.09081200585387462,0.0001311369407239819
S15,Shitalakshya,Winter,Ni,adult,Bangladesh,28.1,3.7466666666666665e-05,5.151666666666667e-07,6.8872549019607846e-09,0.0018733333333333332,9.540123456790123e-05,3.34332762231106e-07,3.1472e-05,2.1637e-05,5.785294117647059e-09,0.0019690689006634657,5.311478529411764e-05
S15,Shitalakshya,Winter,Ni,child,Bangladesh,28.1,7.781538461538463e-05,3.501692307692307e-07,3.178733031674208e-09,0.003890769230769231,6.484615384615383e-05,1.5430742872204895e-07,6.536492307692308e-05,1.4707107692307691e-05,2.6701357466063347e-09,0.0039557696920441065,8.007470090497737e-05
S15,Shitalakshya,Winter,Cu,adult,Bangladesh,105.2,0.00014026666666666667,1.9286666666666664e-06,2.5784313725490196e-08,0.0035066666666666666,0.0001607222222222222,6.446078431372549e-07,0.0,0.0,0.0,0.003668033496732026,0.0
S15,Shitalakshya,Winter,Cu,child,Bangladesh,105.2,0.0002913230769230769,1.310953846153846e-06,1.1900452488687783e-08,0.0072830769230769225,0.00010924615384615384,2.9751131221719456e-07,0.0,0.0,0.0,0.007392620588235294,0.0
S15,Shitalakshya,Winter,As,adult,Bangladesh,20.68,2.7573333333333336e-05,3.791333333333333e-07,5.068627450980392e-09,0.09191111111111112,0.003082384823848238,1.6839293857077715e-05,4.1360000000000004e-05,1.387628e-06,7.653627450980391e-08,0.09501033522881644,4.28241642745098e-05
S15,Shitalakshya,Winter,As,child,Bangladesh,20.68,5.7267692307692306e-05,2.577046153846153e-07,2.339366515837104e-09,0.1908923076923077,0.0020951594746716692,7.771981780189714e-06,8.590153846153846e-05,9.431988923076921e-07,3.532443438914027e-08,0.19299523914875957,8.688006178823529e-05
S15,Shitalakshya,Winter,Cd,adult,Bangladesh,9.11,1.2146666666666665e-05,1.670166666666667e-07,2.232843137254902e-09,0.012146666666666665,0.01670166666666667,2.232843137254902e-06,7.652399999999999e-05,1.0522050000000002e-06,1.4066911764705884e-08,0.028850566176470593,7.759027191176469e-05
S15,Shitalakshya,Winter,Cd,child,Bangladesh,9.11,2.5227692307692305e-05,1.1352461538461537e-07,1.0305429864253393e-09,0.025227692307692305,0.011352461538461537,1.0305429864253393e-06,0.0001589344615384615,7.152050769230769e-07,6.4924208144796374e-09,0.03658118438914027,0.00015965615903619908
S15,Shitalakshya,Winter,Pb,adult,Bangladesh,96.87,0.00012916,1.7759500000000001e-06,2.374264705882353e-08,0.03587777777777778,0.0033827619047619053,6.745070187165775e-06,1.09786e-06,1.5095575000000002e-08,9.971911764705883e-10,0.039267284752726846,1.1139527661764707e-06
S15,Shitalakshya,Winter,Pb,child,Bangladesh,96.87,0.00026825538461538464,1.2071492307692308e-06,1.095814479638009e-08,0.07451538461538462,0.0022993318681318684,3.1131093171534346e-06,2.2801707692307694e-06,1.0260768461538463e-08,4.602420814479638e-10,0.07681782959283365,2.290891779773756e-06
S15,Shitalakshya,Winter,Fe,adult,Bangladesh,33460.0,0.04461333333333334,0.0006134333333333333,8.200980392156863e-06,0.06373333333333335,0.004381666666666666,1.1715686274509804e-05,0.0,0.0,0.0,0.06812671568627451,0.0
S15,Shitalakshya,Winter,Fe,child,Bangladesh,33460.0,0.09265846153846154,0.00041696307692307697,3.7850678733031673e-06,0.13236923076923077,0.0029783076923076924,5.407239819004525e-06,0.0,0.0,0.0,0.13535294570135747,0.0
S16,Shitalakshya,Winter,Cr,adult,Bangladesh,62.13,8.284000000000001e-05,1.1390500000000001e-06,1.522794117647059e-08,0.027613333333333337,0.01898416666666667,0.0005324454956807898,4.142000000000001e-05,2.2781000000000004e-05,6.395735294117647e-07,0.047129945495680794,6.484057352941177e-05
S16,Shitalakshya,Winter,Cr,child,Bangladesh,62.13,0.00017205230769230765,7.742353846153845e-07,7.028280542986427e-09,0.05735076923076922,0.012903923076923075,0.00024574407492959535,8.602615384615383e-05,1.5484707692307692e-05,2.951877828054299e-07,0.07050043638262189,0.00010180604932126695
S16,Shitalakshya,Winter,Ni,adult,Bangladesh,71.22,9.496e-05,1.3056999999999996e-06,1.745588235294118e-08,0.004748,0.00024179629629629621,8.473729297544262e-07,7.97664e-05,5.483939999999998e-05,1.466294117647059e-08,0.004990643669226051,0.00013462046294117645
S16,Shitalakshya,Winter,Ni,child,Bangladesh,71.22,0.0001972246153846154,8.875107692307691e-07,8.056561085972851e-09,0.00986123076923077,0.00016435384615384613,3.9109519834819666e-07,0.00016566867692307695,3.72754523076923e-05,6.767511312217195e-09,0.010025975710582963,0.00020295089674208147
S16,Shitalakshya,Winter,Cu,adult,Bangladesh,115.48,0.0001539733333333333,2.1171333333333334e-06,2.830392156862745e-08,0.0038493333333333326,0.00017642777777777778,7.075980392156862e-07,0.0,0.0,0.0,0.004026468709150326,0.0
S16,Shitalakshya,Winter,Cu,child,Bangladesh,115.48,0.0003197907692307692,1.4390584615384617e-06,1.3063348416289593e-08,0.00799476923076923,0.00011992153846153848,3.265837104072398e-07,0.0,0.0,0.0,0.008115017352941175,0.0
S16,Shitalakshya,Winter,As,adult,Bangladesh,19.83,2.6439999999999994e-05,3.6355e-07,4.860294117647059e-09,0.08813333333333333,0.002955691056910569,1.614715653703342e-05,3.965999999999999e-05,1.330593e-06,7.339044117647059e-08,0.09110517154678092,4.106398344117646e-05
S16,Shitalakshya,Winter,As,child,Bangladesh,19.83,5.491384615384615e-05,2.471123076923076e-07,2.243212669683258e-09,0.18304615384615386,0.0020090431519699803,7.452533786323116e-06,8.237076923076922e-05,9.044310461538459e-07,3.387251131221719e-08,0.18506264953191015,8.330907278823529e-05
S16,Shitalakshya,Winter,Cd,adult,Bangladesh,14.93,1.9906666666666667e-05,2.7371666666666667e-07,3.6593137254901965e-09,0.019906666666666666,0.027371666666666666,3.6593137254901966e-06,0.000125412,1.724415e-06,2.3053676470588237e-08,0.047281992647058825,0.0001271594686764706
S16,Shitalakshya,Winter,Cd,child,Bangladesh,14.93,4.134461538461538e-05,1.860507692307692e-07,1.6889140271493217e-09,0.041344615384615375,0.01860507692307692,1.6889140271493215e-06,0.00026047107692307687,1.172119846153846e-06,1.0640158371040727e-08,0.059951381221719446,0.00026165383692760175
S16,Shitalakshya,Winter,Pb,adult,Bangladesh,190.4,0.00025386666666666664,3.490666666666667e-06,4.666666666666667e-08,0.07051851851851851,0.00664888888888889,1.3257575757575758e-05,2.1578666666666667e-06,2.9670666666666672e-08,1.9600000000000003e-09,0.07718066498316496,2.1894973333333332e-06
S16,Shitalakshya,Winter,Pb,child,Bangladesh,190.4,0.0005272615384615384,2.3726769230769224e-06,2.153846153846154e-08,0.14646153846153845,0.004519384615384614,6.118881118881119e-06,4.481723076923076e-06,2.0167753846153843e-08,9.046153846153847e-10,0.15098704195804194,4.502795446153846e-06
S16,Shitalakshya,Winter,Fe,adult,Bangladesh,34100.0,0.04546666666666666,0.0006251666666666667,8.357843137254902e-06,0.06495238095238096,0.00446547619047619,1.1939775910364146e-05,0.0,0.0,0.0,0.06942979691876751,0.0
S16,Shitalakshya,Winter,Fe,child,Bangladesh,34100.0,0.09443076923076922,0.0004249384615384615,3.857466063348416e-06,0.1349010989010989,0.003035274725274725,5.510665804783452e-06,0.0,0.0,0.0,0.1379418842921784,0.0
S17,Shitalakshya,Winter,Cr,adult,Bangladesh,58.8,7.84e-05,1.0779999999999999e-06,1.4411764705882352e-08,0.02613333333333333,0.017966666666666666,0.0005039078568490333,3.92e-05,2.1559999999999997e-05,6.052941176470588e-07,0.044603907856849034,6.136529411764706e-05
S17,Shitalakshya,Winter,Cr,child,Bangladesh,58.8,0.0001628307692307692,7.327384615384614e-07,6.65158371040724e-09,0.05427692307692307,0.01221230769230769,0.00023257285700724616,8.14153846153846e-05,1.465476923076923e-05,2.793665158371041e-07,0.066721803626238,9.634952036199093e-05
S17,Shitalakshya,Winter,Ni,adult,Bangladesh,69.53,9.270666666666666e-05,1.2747166666666668e-06,1.7041666666666665e-08,0.0046353333333333325,0.00023605864197530864,8.272653721682848e-07,7.787359999999999e-05,5.35381e-05,1.4314999999999998e-08,0.004872219240680809,0.000131426015
S17,Shitalakshya,Winter,Ni,child,Bangladesh,69.53,0.00019254461538461537,8.664507692307693e-07,7.865384615384615e-09,0.009627230769230768,0.00016045384615384614,3.8181478715459294e-07,0.0001617374769230769,3.639093230769231e-05,6.606923076923076e-09,0.00978806643017177,0.0001981350161538461
S17,Shitalakshya,Winter,Cu,adult,Bangladesh,169.29,0.00022571999999999997,3.1036499999999995e-06,4.149264705882353e-08,0.005643,0.00025863749999999994,1.0373161764705882e-06,0.0,0.0,0.0,0.005902674816176469,0.0
S17,Shitalakshya,Winter,Cu,child,Bangladesh,169.29,0.0004688030769230769,2.109613846153846e-06,1.9150452488687782e-08,0.011720076923076922,0.0001758011538461538,4.787613122171945e-07,0.0,0.0,0.0,0.011896356838235292,0.0
S17,Shitalakshya,Winter,As,adult,Bangladesh,21.77,2.9026666666666664e-05,3.991166666666667e-07,5.33578431372549e-09,0.09675555555555555,0.0032448509485094854,1.772685818513452e-05,4.353999999999999e-05,1.4607670000000002e-06,8.05703431372549e-08,0.10001813336225017,4.508133734313725e-05
S17,Shitalakshya,Winter,As,child,Bangladesh,21.77,6.028615384615384e-05,2.712876923076924e-07,2.4626696832579186e-09,0.20095384615384615,0.0022055909943714826,8.181626854677471e-06,9.042923076923076e-05,9.92912953846154e-07,3.7186312217194573e-08,0.2031676187750723,9.145933003529412e-05
S17,Shitalakshya,Winter,Cd,adult,Bangladesh,12.7,1.6933333333333333e-05,2.3283333333333335e-07,3.1127450980392156e-09,0.01693333333333333,0.023283333333333333,3.1127450980392157e-06,0.00010667999999999999,1.46685e-06,1.961029411764706e-08,0.0402197794117647,0.00010816646029411763
S17,Shitalakshya,Winter,Cd,child,Bangladesh,12.7,3.5169230769230766e-05,1.5826153846153844e-07,1.4366515837104072e-09,0.035169230769230765,0.015826153846153844,1.4366515837104071e-06,0.00022156615384615383,9.97047692307692e-07,9.050904977375565e-09,0.05099682126696832,0.00022257225244343888
S17,Shitalakshya,Winter,Pb,adult,Bangladesh,210.65,0.00028086666666666665,3.861916666666667e-06,5.1629901960784315e-08,0.07801851851851851,0.007356031746031747,1.4667585784313726e-05,2.387366666666667e-06,3.2826291666666674e-08,2.1684558823529413e-09,0.08538921785033458,2.4223614142156867e-06
S17,Shitalakshya,Winter,Pb,child,Bangladesh,210.65,0.0005833384615384615,2.6250230769230767e-06,2.382918552036199e-08,0.16203846153846152,0.005000043956043956,6.769654977375565e-06,4.958376923076923e-06,2.2312696153846153e-08,1.0008257918552036e-09,0.16704527514948284,4.981690445022624e-06
S17,Shitalakshya,Winter,Fe,adult,Bangladesh,26710.0,0.03561333333333333,0.0004896833333333334,6.546568627450981e-06,0.05087619047619048,0.003497738095238095,9.352240896358545e-06,0.0,0.0,0.0,0.05438328081232493,0.0
S17,Shitalakshya,Winter,Fe,child,Bangladesh,26710.0,0.07396615384615383,0.00033284769230769234,3.0214932126696835e-06,0.10566593406593405,0.0023774835164835167,4.316418875242405e-06,0.0,0.0,0.0,0.10804773400129282,0.0
